timestamp,strikePrice,Theo ES,call_oi_sum,put_oi_sum,call_vol_sum,put_vol_sum,adj_call_vol,adj_put_vol,total_vol_sum,adj_sum,TV_Rank,Call_TV_Rank,Put_TV_Rank,Adj_Rank,Call_Adj_Rank,Put_Adj_Rank
2025-08-20 07:24:15,4870.0,4888.75,0,136,0,0,0,0,0,0,,,,,,
2025-08-20 07:24:15,4875.0,4893.75,2,284,0,0,0,0,0,0,,,,,,
2025-08-20 07:24:15,4880.0,4898.75,8,87,0,0,0,0,0,0,,,,,,
2025-08-20 07:24:15,4890.0,4908.75,3,374,0,0,0,0,0,0,,,,,,
2025-08-20 07:24:15,4900.0,4918.75,8,2583,0,50,0,0,50,0,,,,,,
2025-08-20 07:24:15,4910.0,4928.75,4,246,0,0,0,0,0,0,,,,,,
2025-08-20 07:24:15,4920.0,4938.75,1,31,0,0,0,0,0,0,,,,,,
2025-08-20 07:24:15,4925.0,4943.75,34,134,0,0,0,0,0,0,,,,,,
2025-08-20 07:24:15,4930.0,4948.75,1,22,0,0,0,0,0,0,,,,,,
2025-08-20 07:24:15,4940.0,4958.75,1,57,0,0,0,0,0,0,,,,,,
2025-08-20 07:24:15,4950.0,4968.75,1,1333,0,700,0,0,700,0,,,,,,
2025-08-20 07:24:15,4960.0,4978.75,5,123,0,0,0,0,0,0,,,,,,
2025-08-20 07:24:15,4970.0,4988.75,0,118,0,0,0,0,0,0,,,,,,
2025-08-20 07:24:15,4975.0,4993.75,9,110,0,0,0,0,0,0,,,,,,
2025-08-20 07:24:15,4980.0,4998.75,6,199,0,0,0,0,0,0,,,,,,
2025-08-20 07:24:15,4990.0,5008.75,2,135,0,0,0,0,0,0,,,,,,
2025-08-20 07:24:15,5000.0,5018.75,16,2539,0,37,0,0,37,0,,,,,,
2025-08-20 07:24:15,5000.0,5018.75,0,180,0,8,0,0,8,0,,,,,,
2025-08-20 07:24:15,5000.0,5018.75,2,89,0,0,0,0,0,0,,,,,,
2025-08-20 07:24:15,5000.0,5018.75,60,268,0,11,0,0,11,0,,,,,,
2025-08-20 07:24:15,5000.0,5018.75,3293,24846,0,1067,0,0,1067,0,,,,,,
2025-08-20 07:24:15,5010.0,5028.75,1,90,0,0,0,0,0,0,,,,,,
2025-08-20 07:24:15,5020.0,5038.75,27,147,0,0,0,0,0,0,,,,,,
2025-08-20 07:24:15,5025.0,5043.75,3,504,0,0,0,0,0,0,,,,,,
2025-08-20 07:24:15,5030.0,5048.75,5,124,0,0,0,0,0,0,,,,,,
2025-08-20 07:24:15,5040.0,5058.75,4,348,0,60,0,0,60,0,,,,,,
2025-08-20 07:24:15,5050.0,5068.75,12,859,0,60,0,0,60,0,,,,,,
2025-08-20 07:24:15,5060.0,5078.75,82,229,0,10,0,0,10,0,,,,,,
2025-08-20 07:24:15,5070.0,5088.75,2,239,0,50,0,0,50,0,,,,,,
2025-08-20 07:24:15,5075.0,5093.75,13,258,0,10,0,0,10,0,,,,,,
2025-08-20 07:24:15,5080.0,5098.75,2,155,0,10,0,0,10,0,,,,,,
2025-08-20 07:24:15,5090.0,5108.75,1,309,0,157,0,0,157,0,,,,,,
2025-08-20 07:24:15,5100.0,5118.75,0,1321,0,134,0,0,134,0,,,,,,
2025-08-20 07:24:15,5100.0,5118.75,2,133,0,11,0,0,11,0,,,,,,
2025-08-20 07:24:15,5100.0,5118.75,1,313,0,0,0,0,0,0,,,,,,
2025-08-20 07:24:15,5100.0,5118.75,0,206,0,62,0,0,62,0,,,,,,
2025-08-20 07:24:15,5100.0,5118.75,38,71649,0,250,0,0,250,0,,,,,,
2025-08-20 07:24:15,5110.0,5128.75,1,392,0,0,0,0,0,0,,,,,,
2025-08-20 07:24:15,5120.0,5138.75,1,127,0,0,0,0,0,0,,,,,,
2025-08-20 07:24:15,5125.0,5143.75,0,240,0,0,0,0,0,0,,,,,,
2025-08-20 07:24:15,5130.0,5148.75,0,487,0,0,0,0,0,0,,,,,,
2025-08-20 07:24:15,5140.0,5158.75,1,563,0,0,0,0,0,0,,,,,,
2025-08-20 07:24:15,5150.0,5168.75,1,69652,0,0,0,0,0,0,,,,,,
2025-08-20 07:24:15,5160.0,5178.75,27,416,0,0,0,0,0,0,,,,,,
2025-08-20 07:24:15,5170.0,5188.75,5,404,0,0,0,0,0,0,,,,,,
2025-08-20 07:24:15,5175.0,5193.75,4,326,0,0,0,0,0,0,,,,,,
2025-08-20 07:24:15,5180.0,5198.75,2,244,0,0,0,0,0,0,,,,,,
2025-08-20 07:24:15,5190.0,5208.75,1,403,0,0,0,0,0,0,,,,,,
2025-08-20 07:24:15,5200.0,5218.75,0,1444,0,0,0,0,0,0,,,,,,
2025-08-20 07:24:15,5200.0,5218.75,0,5134,0,300,0,0,300,0,,,,,,
2025-08-20 07:24:15,5200.0,5218.75,0,1327,0,42,0,0,42,0,,,,,,
2025-08-20 07:24:15,5200.0,5218.75,0,10245,0,98,0,0,98,0,,,,,,
2025-08-20 07:24:15,5200.0,5218.75,12,4243,0,140,0,0,140,0,,,,,,
2025-08-20 07:24:15,5210.0,5228.75,7,225,0,0,0,0,0,0,,,,,,
2025-08-20 07:24:15,5220.0,5238.75,17,263,0,0,0,0,0,0,,,,,,
2025-08-20 07:24:15,5225.0,5243.75,4,595,0,0,0,0,0,0,,,,,,
2025-08-20 07:24:15,5230.0,5248.75,6,203,0,0,0,0,0,0,,,,,,
2025-08-20 07:24:15,5240.0,5258.75,22,208,0,40,0,0,40,0,,,,,,
2025-08-20 07:24:15,5250.0,5268.75,39,2484,1,0,0,0,1,0,,,,,,
2025-08-20 07:24:15,5260.0,5278.75,0,187,0,0,0,0,0,0,,,,,,
2025-08-20 07:24:15,5270.0,5288.75,14,207,0,0,0,0,0,0,,,,,,
2025-08-20 07:24:15,5275.0,5293.75,8,1964,0,0,0,0,0,0,,,,,,
2025-08-20 07:24:15,5280.0,5298.75,10,291,0,0,0,0,0,0,,,,,,
2025-08-20 07:24:15,5290.0,5308.75,2,2376,0,0,0,0,0,0,,,,,,
2025-08-20 07:24:15,5300.0,5318.75,3,2343,0,161,0,0,161,0,,,,,,
2025-08-20 07:24:15,5300.0,5318.75,0,10369,0,0,0,0,0,0,,,,,,
2025-08-20 07:24:15,5300.0,5318.75,0,2090,0,207,0,0,207,0,,,,,,
2025-08-20 07:24:15,5300.0,5318.75,0,1477,0,20,0,0,20,0,,,,,,
2025-08-20 07:24:15,5300.0,5318.75,13,18861,0,175,0,0,175,0,,,,,,
2025-08-20 07:24:15,5310.0,5328.75,2,718,0,0,0,0,0,0,,,,,,
2025-08-20 07:24:15,5320.0,5338.75,1,209,0,0,0,0,0,0,,,,,,
2025-08-20 07:24:15,5325.0,5343.75,1,545,0,2,0,0,2,0,,,,,,
2025-08-20 07:24:15,5330.0,5348.75,1,324,0,0,0,0,0,0,,,,,,
2025-08-20 07:24:15,5340.0,5358.75,4,213,0,12,0,0,12,0,,,,,,
2025-08-20 07:24:15,5350.0,5368.75,21,3310,0,0,0,0,0,0,,,,,,
2025-08-20 07:24:15,5360.0,5378.75,11,185,0,2,0,0,2,0,,,,,,
2025-08-20 07:24:15,5370.0,5388.75,3,513,0,0,0,0,0,0,,,,,,
2025-08-20 07:24:15,5375.0,5393.75,3,10002,0,2,0,0,2,0,,,,,,
2025-08-20 07:24:15,5375.0,5393.75,0,399,0,0,0,0,0,0,,,,,,
2025-08-20 07:24:15,5375.0,5393.75,0,23,0,0,0,0,0,0,,,,,,
2025-08-20 07:24:15,5375.0,5393.75,0,120,0,0,0,0,0,0,,,,,,
2025-08-20 07:24:15,5375.0,5393.75,6,875,0,0,0,0,0,0,,,,,,
2025-08-20 07:24:15,5380.0,5398.75,13,253,0,0,0,0,0,0,,,,,,
2025-08-20 07:24:15,5390.0,5408.75,16,391,0,3,0,0,3,0,,,,,,
2025-08-20 07:24:15,5400.0,5418.75,0,2155,0,1500,0,0,1500,0,,,4,,,
2025-08-20 07:24:15,5400.0,5418.75,2,1197,0,0,0,0,0,0,,,,,,
2025-08-20 07:24:15,5400.0,5418.75,0,6692,0,7,0,0,7,0,,,,,,
2025-08-20 07:24:15,5400.0,5418.75,4,402,0,0,0,0,0,0,,,,,,
2025-08-20 07:24:15,5400.0,5418.75,168,13104,0,170,0,0,170,0,,,,,,
2025-08-20 07:24:15,5410.0,5428.75,145,469,0,0,0,0,0,0,,,,,,
2025-08-20 07:24:15,5420.0,5438.75,55,416,0,0,0,0,0,0,,,,,,
2025-08-20 07:24:15,5425.0,5443.75,0,327,0,0,0,0,0,0,,,,,,
2025-08-20 07:24:15,5425.0,5443.75,0,65,0,0,0,0,0,0,,,,,,
2025-08-20 07:24:15,5425.0,5443.75,0,75,0,0,0,0,0,0,,,,,,
2025-08-20 07:24:15,5425.0,5443.75,0,6,0,0,0,0,0,0,,,,,,
2025-08-20 07:24:15,5425.0,5443.75,64,186,0,0,0,0,0,0,,,,,,
2025-08-20 07:24:15,5430.0,5448.75,74,156,0,0,0,0,0,0,,,,,,
2025-08-20 07:24:15,5440.0,5458.75,7,193,0,0,0,0,0,0,,,,,,
2025-08-20 07:24:15,5450.0,5468.75,0,43,0,0,0,0,0,0,,,,,,
2025-08-20 07:24:15,5450.0,5468.75,0,250,0,0,0,0,0,0,,,,,,
2025-08-20 07:24:15,5450.0,5468.75,0,123,0,0,0,0,0,0,,,,,,
2025-08-20 07:24:15,5450.0,5468.75,0,131,0,0,0,0,0,0,,,,,,
2025-08-20 07:24:15,5450.0,5468.75,9,4025,0,10,0,0,10,0,,,,,,
2025-08-20 07:24:15,5460.0,5478.75,45,370,0,0,0,0,0,0,,,,,,
2025-08-20 07:24:15,5470.0,5488.75,21,200,0,0,0,0,0,0,,,,,,
2025-08-20 07:24:15,5475.0,5493.75,0,12,0,0,0,0,0,0,,,,,,
2025-08-20 07:24:15,5475.0,5493.75,0,66,0,0,0,0,0,0,,,,,,
2025-08-20 07:24:15,5475.0,5493.75,0,89,0,2,0,0,2,0,,,,,,
2025-08-20 07:24:15,5475.0,5493.75,0,19,0,0,0,0,0,0,,,,,,
2025-08-20 07:24:15,5475.0,5493.75,23,267,0,3,0,0,3,0,,,,,,
2025-08-20 07:24:15,5480.0,5498.75,47,343,0,0,0,0,0,0,,,,,,
2025-08-20 07:24:15,5485.0,5503.75,0,84,0,0,0,0,0,0,,,,,,
2025-08-20 07:24:15,5490.0,5508.75,25,199,0,0,0,0,0,0,,,,,,
2025-08-20 07:24:15,5495.0,5513.75,2,94,0,0,0,0,0,0,,,,,,
2025-08-20 07:24:15,5500.0,5518.75,0,808,0,5,0,0,5,0,,,,,,
2025-08-20 07:24:15,5500.0,5518.75,0,264,0,8,0,0,8,0,,,,,,
2025-08-20 07:24:15,5500.0,5518.75,1,460,0,1,0,0,1,0,,,,,,
2025-08-20 07:24:15,5500.0,5518.75,0,323,0,30,0,0,30,0,,,,,,
2025-08-20 07:24:15,5500.0,5518.75,1035,6729,0,106,0,0,106,0,,,,,,
2025-08-20 07:24:15,5505.0,5523.75,4,71,0,0,0,0,0,0,,,,,,
2025-08-20 07:24:15,5510.0,5528.75,16,142,0,0,0,0,0,0,,,,,,
2025-08-20 07:24:15,5515.0,5533.75,0,131,0,0,0,0,0,0,,,,,,
2025-08-20 07:24:15,5520.0,5538.75,16,169,0,0,0,0,0,0,,,,,,
2025-08-20 07:24:15,5525.0,5543.75,0,350,0,0,0,0,0,0,,,,,,
2025-08-20 07:24:15,5525.0,5543.75,0,92,0,0,0,0,0,0,,,,,,
2025-08-20 07:24:15,5525.0,5543.75,0,23,0,0,0,0,0,0,,,,,,
2025-08-20 07:24:15,5525.0,5543.75,0,11,0,2,0,0,2,0,,,,,,
2025-08-20 07:24:15,5525.0,5543.75,37,403,0,6,0,0,6,0,,,,,,
2025-08-20 07:24:15,5530.0,5548.75,99,1975,0,0,0,0,0,0,,,,,,
2025-08-20 07:24:15,5535.0,5553.75,0,87,0,0,0,0,0,0,,,,,,
2025-08-20 07:24:15,5540.0,5558.75,42,196,0,20,0,0,20,0,,,,,,
2025-08-20 07:24:15,5545.0,5563.75,0,104,0,0,0,0,0,0,,,,,,
2025-08-20 07:24:15,5550.0,5568.75,0,215,0,0,0,0,0,0,,,,,,
2025-08-20 07:24:15,5550.0,5568.75,0,147,0,0,0,0,0,0,,,,,,
2025-08-20 07:24:15,5550.0,5568.75,0,85,0,3,0,0,3,0,,,,,,
2025-08-20 07:24:15,5550.0,5568.75,1,366,0,0,0,0,0,0,,,,,,
2025-08-20 07:24:15,5550.0,5568.75,452,1272,2,29,0,0,31,0,,,,,,
2025-08-20 07:24:15,5555.0,5573.75,0,33,0,0,0,0,0,0,,,,,,
2025-08-20 07:24:15,5560.0,5578.75,48,172,0,0,0,0,0,0,,,,,,
2025-08-20 07:24:15,5565.0,5583.75,0,102,0,0,0,0,0,0,,,,,,
2025-08-20 07:24:15,5570.0,5588.75,6,221,0,0,0,0,0,0,,,,,,
2025-08-20 07:24:15,5575.0,5593.75,132,20,0,0,0,0,0,0,,,,,,
2025-08-20 07:24:15,5575.0,5593.75,0,98,0,0,0,0,0,0,,,,,,
2025-08-20 07:24:15,5575.0,5593.75,0,33,0,0,0,0,0,0,,,,,,
2025-08-20 07:24:15,5575.0,5593.75,0,79,0,0,0,0,0,0,,,,,,
2025-08-20 07:24:15,5575.0,5593.75,962,1399,0,0,0,0,0,0,,,,,,
2025-08-20 07:24:15,5580.0,5598.75,51,215,0,0,0,0,0,0,,,,,,
2025-08-20 07:24:15,5585.0,5603.75,0,152,0,0,0,0,0,0,,,,,,
2025-08-20 07:24:15,5590.0,5608.75,391,210,0,0,0,0,0,0,,,,,,
2025-08-20 07:24:15,5595.0,5613.75,0,4776,0,8,0,0,8,0,,,,,,
2025-08-20 07:24:15,5600.0,5618.75,1,334,0,150,0,0,150,0,,,,,,
2025-08-20 07:24:15,5600.0,5618.75,0,334,0,0,0,0,0,0,,,,,,
2025-08-20 07:24:15,5600.0,5618.75,0,369,0,1,0,0,1,0,,,,,,
2025-08-20 07:24:15,5600.0,5618.75,1,1557,0,9,0,0,9,0,,,,,,
2025-08-20 07:24:15,5600.0,5618.75,130,8385,0,6,0,0,6,0,,,,,,
2025-08-20 07:24:15,5605.0,5623.75,0,63,0,0,0,0,0,0,,,,,,
2025-08-20 07:24:15,5610.0,5628.75,12,332,0,0,0,0,0,0,,,,,,
2025-08-20 07:24:15,5615.0,5633.75,1,154,0,0,0,0,0,0,,,,,,
2025-08-20 07:24:15,5620.0,5638.75,111,246,0,0,0,0,0,0,,,,,,
2025-08-20 07:24:15,5625.0,5643.75,0,77,0,0,0,0,0,0,,,,,,
2025-08-20 07:24:15,5625.0,5643.75,0,85,0,0,0,0,0,0,,,,,,
2025-08-20 07:24:15,5625.0,5643.75,0,170,0,0,0,0,0,0,,,,,,
2025-08-20 07:24:15,5625.0,5643.75,0,27,0,0,0,0,0,0,,,,,,
2025-08-20 07:24:15,5625.0,5643.75,1035,3185,1,32,0,0,33,0,,,,,,
2025-08-20 07:24:15,5630.0,5648.75,381,77,0,0,0,0,0,0,,,,,,
2025-08-20 07:24:15,5635.0,5653.75,13,176,0,0,0,0,0,0,,,,,,
2025-08-20 07:24:15,5640.0,5658.75,162,204,0,0,0,0,0,0,,,,,,
2025-08-20 07:24:15,5645.0,5663.75,0,108,0,0,0,0,0,0,,,,,,
2025-08-20 07:24:15,5650.0,5668.75,0,329,0,1,0,0,1,0,,,,,,
2025-08-20 07:24:15,5650.0,5668.75,0,36,0,0,0,0,0,0,,,,,,
2025-08-20 07:24:15,5650.0,5668.75,0,41,0,5,0,0,5,0,,,,,,
2025-08-20 07:24:15,5650.0,5668.75,0,15,0,9,0,0,9,0,,,,,,
2025-08-20 07:24:15,5650.0,5668.75,49,5887,0,0,0,0,0,0,,,,,,
2025-08-20 07:24:15,5655.0,5673.75,39,95,0,0,0,0,0,0,,,,,,
2025-08-20 07:24:15,5660.0,5678.75,66,214,0,0,0,0,0,0,,,,,,
2025-08-20 07:24:15,5665.0,5683.75,4,291,0,0,0,0,0,0,,,,,,
2025-08-20 07:24:15,5670.0,5688.75,46,347,0,0,0,0,0,0,,,,,,
2025-08-20 07:24:15,5675.0,5693.75,0,246,0,1,0,0,1,0,,,,,,
2025-08-20 07:24:15,5675.0,5693.75,0,92,0,0,0,0,0,0,,,,,,
2025-08-20 07:24:15,5675.0,5693.75,0,183,0,0,0,0,0,0,,,,,,
2025-08-20 07:24:15,5675.0,5693.75,0,293,0,0,0,0,0,0,,,,,,
2025-08-20 07:24:15,5675.0,5693.75,165,258,0,0,0,0,0,0,,,,,,
2025-08-20 07:24:15,5680.0,5698.75,94,471,0,0,0,0,0,0,,,,,,
2025-08-20 07:24:15,5685.0,5703.75,0,82,0,0,0,0,0,0,,,,,,
2025-08-20 07:24:15,5690.0,5708.75,38,330,0,25,0,0,25,0,,,,,,
2025-08-20 07:24:15,5695.0,5713.75,25,143,0,18,0,0,18,0,,,,,,
2025-08-20 07:24:15,5700.0,5718.75,0,693,0,1,0,0,1,0,,,,,,
2025-08-20 07:24:15,5700.0,5718.75,1,1051,0,0,0,0,0,0,,,,,,
2025-08-20 07:24:15,5700.0,5718.75,0,1993,0,55,0,0,55,0,,,,,,
2025-08-20 07:24:15,5700.0,5718.75,0,1163,0,0,0,0,0,0,,,,,,
2025-08-20 07:24:15,5700.0,5718.75,123,6770,0,122,0,0,122,0,,,,,,
2025-08-20 07:24:15,5705.0,5723.75,1,236,0,3,0,0,3,0,,,,,,
2025-08-20 07:24:15,5710.0,5728.75,161,234,0,11,0,0,11,0,,,,,,
2025-08-20 07:24:15,5715.0,5733.75,9,283,0,0,0,0,0,0,,,,,,
2025-08-20 07:24:15,5720.0,5738.75,313,2181,0,39,0,0,39,0,,,,,,
2025-08-20 07:24:15,5725.0,5743.75,0,189,0,30,0,0,30,0,,,,,,
2025-08-20 07:24:15,5725.0,5743.75,0,57,0,0,0,0,0,0,,,,,,
2025-08-20 07:24:15,5725.0,5743.75,0,48,0,19,0,0,19,0,,,,,,
2025-08-20 07:24:15,5725.0,5743.75,0,77,0,10,0,0,10,0,,,,,,
2025-08-20 07:24:15,5725.0,5743.75,35,1030,0,52,0,0,52,0,,,,,,
2025-08-20 07:24:15,5730.0,5748.75,133,277,0,0,0,0,0,0,,,,,,
2025-08-20 07:24:15,5735.0,5753.75,4,265,0,0,0,0,0,0,,,,,,
2025-08-20 07:24:15,5740.0,5758.75,16,256,0,0,0,0,0,0,,,,,,
2025-08-20 07:24:15,5745.0,5763.75,2,114,0,0,0,0,0,0,,,,,,
2025-08-20 07:24:15,5750.0,5768.75,1,225,0,0,0,0,0,0,,,,,,
2025-08-20 07:24:15,5750.0,5768.75,1,341,0,31,0,0,31,0,,,,,,
2025-08-20 07:24:15,5750.0,5768.75,0,344,0,14,0,0,14,0,,,,,,
2025-08-20 07:24:15,5750.0,5768.75,0,736,0,0,0,0,0,0,,,,,,
2025-08-20 07:24:15,5750.0,5768.75,455,4099,0,51,0,0,51,0,,,,,,
2025-08-20 07:24:15,5755.0,5773.75,6,275,0,0,0,0,0,0,,,,,,
2025-08-20 07:24:15,5760.0,5778.75,119,408,0,0,0,0,0,0,,,,,,
2025-08-20 07:24:15,5765.0,5783.75,1,58,0,3,0,0,3,0,,,,,,
2025-08-20 07:24:15,5770.0,5788.75,18,145,0,0,0,0,0,0,,,,,,
2025-08-20 07:24:15,5775.0,5793.75,0,225,0,0,0,0,0,0,,,,,,
2025-08-20 07:24:15,5775.0,5793.75,0,261,0,0,0,0,0,0,,,,,,
2025-08-20 07:24:15,5775.0,5793.75,1,598,0,24,0,0,24,0,,,,,,
2025-08-20 07:24:15,5775.0,5793.75,0,37,0,0,0,0,0,0,,,,,,
2025-08-20 07:24:15,5775.0,5793.75,55,302,0,0,0,0,0,0,,,,,,
2025-08-20 07:24:15,5780.0,5798.75,66,234,0,0,0,0,0,0,,,,,,
2025-08-20 07:24:15,5785.0,5803.75,2,146,0,0,0,0,0,0,,,,,,
2025-08-20 07:24:15,5790.0,5808.75,63,640,0,25,0,0,25,0,,,,,,
2025-08-20 07:24:15,5795.0,5813.75,0,91,0,0,0,0,0,0,,,,,,
2025-08-20 07:24:15,5800.0,5818.75,0,1431,0,1,0,0,1,0,,,,,,
2025-08-20 07:24:15,5800.0,5818.75,1,435,0,6,0,0,6,0,,,,,,
2025-08-20 07:24:15,5800.0,5818.75,0,542,0,8,0,0,8,0,,,,,,
2025-08-20 07:24:15,5800.0,5818.75,0,200,0,0,0,0,0,0,,,,,,
2025-08-20 07:24:15,5800.0,5818.75,517,5401,4,3,0,0,7,0,,,,,,
2025-08-20 07:24:15,5805.0,5823.75,0,107,0,0,0,0,0,0,,,,,,
2025-08-20 07:24:15,5810.0,5828.75,40,780,0,24,0,0,24,0,,,,,,
2025-08-20 07:24:15,5815.0,5833.75,3,799,0,0,0,0,0,0,,,,,,
2025-08-20 07:24:15,5820.0,5838.75,91,74,0,11,0,0,11,0,,,,,,
2025-08-20 07:24:15,5825.0,5843.75,0,380,0,1,0,0,1,0,,,,,,
2025-08-20 07:24:15,5825.0,5843.75,0,297,0,0,0,0,0,0,,,,,,
2025-08-20 07:24:15,5825.0,5843.75,0,161,0,0,0,0,0,0,,,,,,
2025-08-20 07:24:15,5825.0,5843.75,0,332,0,0,0,0,0,0,,,,,,
2025-08-20 07:24:15,5825.0,5843.75,23,1238,0,0,0,0,0,0,,,,,,
2025-08-20 07:24:15,5830.0,5848.75,102,216,0,0,0,0,0,0,,,,,,
2025-08-20 07:24:15,5835.0,5853.75,3,210,0,0,0,0,0,0,,,,,,
2025-08-20 07:24:15,5840.0,5858.75,183,284,0,0,0,0,0,0,,,,,,
2025-08-20 07:24:15,5845.0,5863.75,4,340,0,0,0,0,0,0,,,,,,
2025-08-20 07:24:15,5850.0,5868.75,0,192,0,1,0,0,1,0,,,,,,
2025-08-20 07:24:15,5850.0,5868.75,20,307,0,3,0,0,3,0,,,,,,
2025-08-20 07:24:15,5850.0,5868.75,0,332,0,30,0,0,30,0,,,,,,
2025-08-20 07:24:15,5850.0,5868.75,0,100,0,0,0,0,0,0,,,,,,
2025-08-20 07:24:15,5850.0,5868.75,250,2397,0,20,0,0,20,0,,,,,,
2025-08-20 07:24:15,5855.0,5873.75,6,141,0,10,0,0,10,0,,,,,,
2025-08-20 07:24:15,5860.0,5878.75,202,634,0,0,0,0,0,0,,,,,,
2025-08-20 07:24:15,5865.0,5883.75,47,101,0,0,0,0,0,0,,,,,,
2025-08-20 07:24:15,5870.0,5888.75,179,336,0,0,0,0,0,0,,,,,,
2025-08-20 07:24:15,5875.0,5893.75,0,466,0,0,0,0,0,0,,,,,,
2025-08-20 07:24:15,5875.0,5893.75,10,180,0,3,0,0,3,0,,,,,,
2025-08-20 07:24:15,5875.0,5893.75,0,553,0,4,0,0,4,0,,,,,,
2025-08-20 07:24:15,5875.0,5893.75,0,209,0,1,0,0,1,0,,,,,,
2025-08-20 07:24:15,5875.0,5893.75,32,2321,0,0,0,0,0,0,,,,,,
2025-08-20 07:24:15,5880.0,5898.75,118,396,0,0,0,0,0,0,,,,,,
2025-08-20 07:24:15,5885.0,5903.75,11,247,0,0,0,0,0,0,,,,,,
2025-08-20 07:24:15,5890.0,5908.75,21,388,0,2,0,0,2,0,,,,,,
2025-08-20 07:24:15,5895.0,5913.75,1,126,0,1,0,0,1,0,,,,,,
2025-08-20 07:24:15,5900.0,5918.75,0,1686,0,1702,0,16,1702,16,3,,2,,,
2025-08-20 07:24:15,5900.0,5918.75,10,351,0,3,0,0,3,0,,,,,,
2025-08-20 07:24:15,5900.0,5918.75,0,725,0,7,0,0,7,0,,,,,,
2025-08-20 07:24:15,5900.0,5918.75,2,442,0,1,0,0,1,0,,,,,,
2025-08-20 07:24:15,5900.0,5918.75,530,5112,0,25,0,0,25,0,,,,,,
2025-08-20 07:24:15,5905.0,5923.75,32,128,0,0,0,0,0,0,,,,,,
2025-08-20 07:24:15,5910.0,5928.75,0,0,0,0,0,0,0,0,,,,,,
2025-08-20 07:24:15,5910.0,5928.75,0,0,0,0,0,0,0,0,,,,,,
2025-08-20 07:24:15,5910.0,5928.75,93,320,0,31,0,0,31,0,,,,,,
2025-08-20 07:24:15,5915.0,5933.75,13,304,0,0,0,0,0,0,,,,,,
2025-08-20 07:24:15,5920.0,5938.75,0,0,0,0,0,0,0,0,,,,,,
2025-08-20 07:24:15,5920.0,5938.75,0,0,0,0,0,0,0,0,,,,,,
2025-08-20 07:24:15,5920.0,5938.75,263,358,0,0,0,0,0,0,,,,,,
2025-08-20 07:24:15,5925.0,5943.75,0,525,0,0,0,0,0,0,,,,,,
2025-08-20 07:24:15,5925.0,5943.75,0,147,0,26,0,0,26,0,,,,,,
2025-08-20 07:24:15,5925.0,5943.75,0,269,0,140,0,0,140,0,,,,,,
2025-08-20 07:24:15,5925.0,5943.75,0,365,0,0,0,0,0,0,,,,,,
2025-08-20 07:24:15,5925.0,5943.75,71,3290,0,0,0,0,0,0,,,,,,
2025-08-20 07:24:15,5930.0,5948.75,0,0,0,0,0,0,0,0,,,,,,
2025-08-20 07:24:15,5930.0,5948.75,0,0,0,0,0,0,0,0,,,,,,
2025-08-20 07:24:15,5930.0,5948.75,103,155,0,0,0,0,0,0,,,,,,
2025-08-20 07:24:15,5935.0,5953.75,20,226,0,0,0,0,0,0,,,,,,
2025-08-20 07:24:15,5940.0,5958.75,0,56,1,1,1,0,2,1,,,,,,
2025-08-20 07:24:15,5940.0,5958.75,0,0,0,0,0,0,0,0,,,,,,
2025-08-20 07:24:15,5940.0,5958.75,49,552,0,0,0,0,0,0,,,,,,
2025-08-20 07:24:15,5945.0,5963.75,32,76,0,0,0,0,0,0,,,,,,
2025-08-20 07:24:15,5950.0,5968.75,0,556,0,1,0,0,1,0,,,,,,
2025-08-20 07:24:15,5950.0,5968.75,6,335,0,3,0,0,3,0,,,,,,
2025-08-20 07:24:15,5950.0,5968.75,0,181,0,13,0,0,13,0,,,,,,
2025-08-20 07:24:15,5950.0,5968.75,2,315,0,43,0,0,43,0,,,,,,
2025-08-20 07:24:15,5950.0,5968.75,146,4204,1,266,0,0,267,0,,,,,,
2025-08-20 07:24:15,5955.0,5973.75,18,168,0,0,0,0,0,0,,,,,,
2025-08-20 07:24:15,5960.0,5978.75,0,20,0,0,0,0,0,0,,,,,,
2025-08-20 07:24:15,5960.0,5978.75,0,0,0,0,0,0,0,0,,,,,,
2025-08-20 07:24:15,5960.0,5978.75,188,277,0,0,0,0,0,0,,,,,,
2025-08-20 07:24:15,5965.0,5983.75,36,1362,0,0,0,0,0,0,,,,,,
2025-08-20 07:24:15,5970.0,5988.75,0,5,0,0,0,0,0,0,,,,,,
2025-08-20 07:24:15,5970.0,5988.75,0,0,0,50,0,50,50,50,,,,,,
2025-08-20 07:24:15,5970.0,5988.75,219,281,4,43,0,0,47,0,,,,,,
2025-08-20 07:24:15,5975.0,5993.75,0,2580,0,450,0,0,450,0,,,,,,
2025-08-20 07:24:15,5975.0,5993.75,0,130,0,5,0,0,5,0,,,,,,
2025-08-20 07:24:15,5975.0,5993.75,0,741,0,5,0,0,5,0,,,,,,
2025-08-20 07:24:15,5975.0,5993.75,0,82,0,0,0,0,0,0,,,,,,
2025-08-20 07:24:15,5975.0,5993.75,337,777,0,1,0,0,1,0,,,,,,
2025-08-20 07:24:15,5980.0,5998.75,0,113,0,0,0,0,0,0,,,,,,
2025-08-20 07:24:15,5980.0,5998.75,0,0,0,0,0,0,0,0,,,,,,
2025-08-20 07:24:15,5980.0,5998.75,135,141,0,4,0,0,4,0,,,,,,
2025-08-20 07:24:15,5985.0,6003.75,52,195,0,2,0,0,2,0,,,,,,
2025-08-20 07:24:15,5990.0,6008.75,0,243,0,0,0,0,0,0,,,,,,
2025-08-20 07:24:15,5990.0,6008.75,0,208,0,1,0,0,1,0,,,,,,
2025-08-20 07:24:15,5990.0,6008.75,0,123,0,1,0,0,1,0,,,,,,
2025-08-20 07:24:15,5990.0,6008.75,0,31,0,1,0,0,1,0,,,,,,
2025-08-20 07:24:15,5990.0,6008.75,400,1258,0,6,0,0,6,0,,,,,,
2025-08-20 07:24:15,5995.0,6013.75,20,288,0,4,0,0,4,0,,,,,,
2025-08-20 07:24:15,6000.0,6018.75,7,1982,1,1066,0,0,1067,0,,,,,,
2025-08-20 07:24:15,6000.0,6018.75,7,2234,0,3,0,0,3,0,,,,,,
2025-08-20 07:24:15,6000.0,6018.75,1,455,0,79,0,0,79,0,,,,,,
2025-08-20 07:24:15,6000.0,6018.75,2,471,0,1,0,0,1,0,,,,,,
2025-08-20 07:24:15,6000.0,6018.75,4491,9388,1,520,0,0,521,0,,,,,,
2025-08-20 07:24:15,6005.0,6023.75,141,158,0,0,0,0,0,0,,,,,,
2025-08-20 07:24:15,6010.0,6028.75,5,134,0,1,0,0,1,0,,,,,,
2025-08-20 07:24:15,6010.0,6028.75,0,198,0,1,0,0,1,0,,,,,,
2025-08-20 07:24:15,6010.0,6028.75,15,81,0,6,0,0,6,0,,,,,,
2025-08-20 07:24:15,6010.0,6028.75,0,145,0,0,0,0,0,0,,,,,,
2025-08-20 07:24:15,6010.0,6028.75,132,274,0,9,0,0,9,0,,,,,,
2025-08-20 07:24:15,6015.0,6033.75,36,135,0,0,0,0,0,0,,,,,,
2025-08-20 07:24:15,6020.0,6038.75,4,246,0,0,0,0,0,0,,,,,,
2025-08-20 07:24:15,6020.0,6038.75,0,23,0,1,0,0,1,0,,,,,,
2025-08-20 07:24:15,6020.0,6038.75,15,149,0,5,0,0,5,0,,,,,,
2025-08-20 07:24:15,6020.0,6038.75,0,43,0,0,0,0,0,0,,,,,,
2025-08-20 07:24:15,6020.0,6038.75,797,586,0,0,0,0,0,0,,,,,,
2025-08-20 07:24:15,6025.0,6043.75,6,64,0,0,0,0,0,0,,,,,,
2025-08-20 07:24:15,6025.0,6043.75,0,859,0,24,0,0,24,0,,,,,,
2025-08-20 07:24:15,6025.0,6043.75,0,64,0,2,0,0,2,0,,,,,,
2025-08-20 07:24:15,6025.0,6043.75,3,150,0,0,0,0,0,0,,,,,,
2025-08-20 07:24:15,6025.0,6043.75,349,2745,0,13,0,0,13,0,,,,,,
2025-08-20 07:24:15,6030.0,6048.75,0,227,0,4,0,0,4,0,,,,,,
2025-08-20 07:24:15,6030.0,6048.75,4,63,0,18,0,0,18,0,,,,,,
2025-08-20 07:24:15,6030.0,6048.75,0,53,0,0,0,0,0,0,,,,,,
2025-08-20 07:24:15,6030.0,6048.75,0,95,0,0,0,0,0,0,,,,,,
2025-08-20 07:24:15,6030.0,6048.75,110,328,0,9,0,0,9,0,,,,,,
2025-08-20 07:24:15,6035.0,6053.75,0,0,0,50,0,50,50,50,,,,,,
2025-08-20 07:24:15,6035.0,6053.75,0,0,0,0,0,0,0,0,,,,,,
2025-08-20 07:24:15,6035.0,6053.75,49,68,0,13,0,0,13,0,,,,,,
2025-08-20 07:24:15,6040.0,6058.75,4,168,0,0,0,0,0,0,,,,,,
2025-08-20 07:24:15,6040.0,6058.75,1,97,0,1,0,0,1,0,,,,,,
2025-08-20 07:24:15,6040.0,6058.75,0,14,0,0,0,0,0,0,,,,,,
2025-08-20 07:24:15,6040.0,6058.75,1,4,0,0,0,0,0,0,,,,,,
2025-08-20 07:24:15,6040.0,6058.75,101,110,0,0,0,0,0,0,,,,,,
2025-08-20 07:24:15,6045.0,6063.75,0,0,0,0,0,0,0,0,,,,,,
2025-08-20 07:24:15,6045.0,6063.75,0,0,0,0,0,0,0,0,,,,,,
2025-08-20 07:24:15,6045.0,6063.75,84,657,0,0,0,0,0,0,,,,,,
2025-08-20 07:24:15,6050.0,6068.75,2,1398,0,33,0,0,33,0,,,,,,
2025-08-20 07:24:15,6050.0,6068.75,1,102,0,4,0,0,4,0,,,,,,
2025-08-20 07:24:15,6050.0,6068.75,0,374,0,142,0,0,142,0,,,,,,
2025-08-20 07:24:15,6050.0,6068.75,3,166,0,0,0,0,0,0,,,,,,
2025-08-20 07:24:15,6050.0,6068.75,1628,1113,1,70,0,0,71,0,,,,,,
2025-08-20 07:24:15,6055.0,6073.75,0,0,0,0,0,0,0,0,,,,,,
2025-08-20 07:24:15,6055.0,6073.75,0,0,0,0,0,0,0,0,,,,,,
2025-08-20 07:24:15,6055.0,6073.75,36,110,0,0,0,0,0,0,,,,,,
2025-08-20 07:24:15,6060.0,6078.75,1,78,0,0,0,0,0,0,,,,,,
2025-08-20 07:24:15,6060.0,6078.75,4,25,0,1,0,0,1,0,,,,,,
2025-08-20 07:24:15,6060.0,6078.75,0,12,0,43,0,31,43,31,,,,,,
2025-08-20 07:24:15,6060.0,6078.75,30,151,0,0,0,0,0,0,,,,,,
2025-08-20 07:24:15,6060.0,6078.75,130,685,0,2,0,0,2,0,,,,,,
2025-08-20 07:24:15,6065.0,6083.75,0,2,0,1,0,0,1,0,,,,,,
2025-08-20 07:24:15,6065.0,6083.75,0,0,0,10,0,10,10,10,,,,,,
2025-08-20 07:24:15,6065.0,6083.75,48,179,0,2,0,0,2,0,,,,,,
2025-08-20 07:24:15,6070.0,6088.75,0,93,0,0,0,0,0,0,,,,,,
2025-08-20 07:24:15,6070.0,6088.75,0,12,0,1,0,0,1,0,,,,,,
2025-08-20 07:24:15,6070.0,6088.75,0,35,0,0,0,0,0,0,,,,,,
2025-08-20 07:24:15,6070.0,6088.75,30,242,0,0,0,0,0,0,,,,,,
2025-08-20 07:24:15,6070.0,6088.75,94,195,0,1,0,0,1,0,,,,,,
2025-08-20 07:24:15,6075.0,6093.75,7,1906,0,0,0,0,0,0,,,,,,
2025-08-20 07:24:15,6075.0,6093.75,0,393,0,1,0,0,1,0,,,,,,
2025-08-20 07:24:15,6075.0,6093.75,1,823,0,14,0,0,14,0,,,,,,
2025-08-20 07:24:15,6075.0,6093.75,2,57,0,50,0,0,50,0,,,,,,
2025-08-20 07:24:15,6075.0,6093.75,277,3478,0,42,0,0,42,0,,,,,,
2025-08-20 07:24:15,6080.0,6098.75,1,224,0,0,0,0,0,0,,,,,,
2025-08-20 07:24:15,6080.0,6098.75,0,515,0,1,0,0,1,0,,,,,,
2025-08-20 07:24:15,6080.0,6098.75,0,45,0,0,0,0,0,0,,,,,,
2025-08-20 07:24:15,6080.0,6098.75,0,66,0,0,0,0,0,0,,,,,,
2025-08-20 07:24:15,6080.0,6098.75,110,130,0,38,0,0,38,0,,,,,,
2025-08-20 07:24:15,6085.0,6103.75,0,73,0,0,0,0,0,0,,,,,,
2025-08-20 07:24:15,6085.0,6103.75,0,0,0,0,0,0,0,0,,,,,,
2025-08-20 07:24:15,6085.0,6103.75,24,121,0,14,0,0,14,0,,,,,,
2025-08-20 07:24:15,6090.0,6108.75,4,105,0,3,0,0,3,0,,,,,,
2025-08-20 07:24:15,6090.0,6108.75,0,51,0,2,0,0,2,0,,,,,,
2025-08-20 07:24:15,6090.0,6108.75,0,84,0,3,0,0,3,0,,,,,,
2025-08-20 07:24:15,6090.0,6108.75,2,61,0,5,0,0,5,0,,,,,,
2025-08-20 07:24:15,6090.0,6108.75,64,265,0,2,0,0,2,0,,,,,,
2025-08-20 07:24:15,6095.0,6113.75,0,2,0,1,0,0,1,0,,,,,,
2025-08-20 07:24:15,6095.0,6113.75,0,0,0,0,0,0,0,0,,,,,,
2025-08-20 07:24:15,6095.0,6113.75,92,411,0,64,0,0,64,0,,,,,,
2025-08-20 07:24:15,6100.0,6118.75,9,2542,2,1109,0,0,1111,0,,,,,,
2025-08-20 07:24:15,6100.0,6118.75,6,828,0,17,0,0,17,0,,,,,,
2025-08-20 07:24:15,6100.0,6118.75,12,648,0,427,0,0,427,0,,,,,,
2025-08-20 07:24:15,6100.0,6118.75,7,232,5,138,0,0,143,0,,,,,,
2025-08-20 07:24:15,6100.0,6118.75,2279,14110,0,99,0,0,99,0,,,,,,
2025-08-20 07:24:15,6105.0,6123.75,0,1,0,0,0,0,0,0,,,,,,
2025-08-20 07:24:15,6105.0,6123.75,0,0,0,0,0,0,0,0,,,,,,
2025-08-20 07:24:15,6105.0,6123.75,64,95,0,29,0,0,29,0,,,,,,
2025-08-20 07:24:15,6110.0,6128.75,0,44,0,5,0,0,5,0,,,,,,
2025-08-20 07:24:15,6110.0,6128.75,2,2646,0,3,0,0,3,0,,,,,,
2025-08-20 07:24:15,6110.0,6128.75,0,52,0,24,0,0,24,0,,,,,,
2025-08-20 07:24:15,6110.0,6128.75,5,24,5,0,0,0,5,0,,,,,,
2025-08-20 07:24:15,6110.0,6128.75,295,1201,0,52,0,0,52,0,,,,,,
2025-08-20 07:24:15,6115.0,6133.75,0,0,0,0,0,0,0,0,,,,,,
2025-08-20 07:24:15,6115.0,6133.75,0,0,0,0,0,0,0,0,,,,,,
2025-08-20 07:24:15,6115.0,6133.75,54,280,0,0,0,0,0,0,,,,,,
2025-08-20 07:24:15,6120.0,6138.75,5,75,0,7,0,0,7,0,,,,,,
2025-08-20 07:24:15,6120.0,6138.75,26,196,0,11,0,0,11,0,,,,,,
2025-08-20 07:24:15,6120.0,6138.75,0,58,0,11,0,0,11,0,,,,,,
2025-08-20 07:24:15,6120.0,6138.75,5,25,0,1,0,0,1,0,,,,,,
2025-08-20 07:24:15,6120.0,6138.75,82,731,0,28,0,0,28,0,,,,,,
2025-08-20 07:24:15,6125.0,6143.75,5,446,0,3,0,0,3,0,,,,,,
2025-08-20 07:24:15,6125.0,6143.75,2,144,0,53,0,0,53,0,,,,,,
2025-08-20 07:24:15,6125.0,6143.75,0,455,0,31,0,0,31,0,,,,,,
2025-08-20 07:24:15,6125.0,6143.75,4,99,0,5,0,0,5,0,,,,,,
2025-08-20 07:24:15,6125.0,6143.75,503,818,0,11,0,0,11,0,,,,,,
2025-08-20 07:24:15,6130.0,6148.75,0,195,0,0,0,0,0,0,,,,,,
2025-08-20 07:24:15,6130.0,6148.75,0,569,0,38,0,0,38,0,,,,,,
2025-08-20 07:24:15,6130.0,6148.75,0,52,0,4,0,0,4,0,,,,,,
2025-08-20 07:24:15,6130.0,6148.75,2,157,0,2,0,0,2,0,,,,,,
2025-08-20 07:24:15,6130.0,6148.75,153,4062,0,10,0,0,10,0,,,,,,
2025-08-20 07:24:15,6135.0,6153.75,0,77,0,100,0,23,100,23,,,,,,
2025-08-20 07:24:15,6135.0,6153.75,0,0,0,0,0,0,0,0,,,,,,
2025-08-20 07:24:15,6135.0,6153.75,209,242,0,12,0,0,12,0,,,,,,
2025-08-20 07:24:15,6140.0,6158.75,0,101,0,43,0,0,43,0,,,,,,
2025-08-20 07:24:15,6140.0,6158.75,1,95,0,12,0,0,12,0,,,,,,
2025-08-20 07:24:15,6140.0,6158.75,54,90,0,14,0,0,14,0,,,,,,
2025-08-20 07:24:15,6140.0,6158.75,6,94,0,2,0,0,2,0,,,,,,
2025-08-20 07:24:15,6140.0,6158.75,193,184,0,1,0,0,1,0,,,,,,
2025-08-20 07:24:15,6145.0,6163.75,0,29,0,81,0,52,81,52,,,,,,4
2025-08-20 07:24:15,6145.0,6163.75,0,0,0,0,0,0,0,0,,,,,,
2025-08-20 07:24:15,6145.0,6163.75,27,217,0,18,0,0,18,0,,,,,,
2025-08-20 07:24:15,6150.0,6168.75,53,1205,0,80,0,0,80,0,,,,,,
2025-08-20 07:24:15,6150.0,6168.75,67,583,0,33,0,0,33,0,,,,,,
2025-08-20 07:24:15,6150.0,6168.75,13,243,0,289,0,46,289,46,,,,,,
2025-08-20 07:24:15,6150.0,6168.75,0,263,0,7,0,0,7,0,,,,,,
2025-08-20 07:24:15,6150.0,6168.75,1688,10352,24,2281,0,0,2305,0,2,,1,,,
2025-08-20 07:24:15,6155.0,6173.75,8,42,0,1,0,0,1,0,,,,,,
2025-08-20 07:24:15,6155.0,6173.75,0,0,0,38,0,38,38,38,,,,,,
2025-08-20 07:24:15,6155.0,6173.75,0,0,0,8,0,8,8,8,,,,,,
2025-08-20 07:24:15,6155.0,6173.75,0,0,0,2,0,2,2,2,,,,,,
2025-08-20 07:24:15,6155.0,6173.75,59,256,0,2,0,0,2,0,,,,,,
2025-08-20 07:24:15,6160.0,6178.75,5,129,0,3,0,0,3,0,,,,,,
2025-08-20 07:24:15,6160.0,6178.75,1,238,0,36,0,0,36,0,,,,,,
2025-08-20 07:24:15,6160.0,6178.75,55,28,0,80,0,52,80,52,,,,,,5
2025-08-20 07:24:15,6160.0,6178.75,19,136,0,2,0,0,2,0,,,,,,
2025-08-20 07:24:15,6160.0,6178.75,205,311,0,26,0,0,26,0,,,,,,
2025-08-20 07:24:15,6165.0,6183.75,4,256,0,14,0,0,14,0,,,,,,
2025-08-20 07:24:15,6165.0,6183.75,0,0,0,0,0,0,0,0,,,,,,
2025-08-20 07:24:15,6165.0,6183.75,0,0,0,67,0,67,67,67,,,,5,,3
2025-08-20 07:24:15,6165.0,6183.75,0,0,0,0,0,0,0,0,,,,,,
2025-08-20 07:24:15,6165.0,6183.75,57,485,0,13,0,0,13,0,,,,,,
2025-08-20 07:24:15,6170.0,6188.75,0,238,0,0,0,0,0,0,,,,,,
2025-08-20 07:24:15,6170.0,6188.75,1,244,0,19,0,0,19,0,,,,,,
2025-08-20 07:24:15,6170.0,6188.75,0,68,0,55,0,0,55,0,,,,,,
2025-08-20 07:24:15,6170.0,6188.75,3,46,0,9,0,0,9,0,,,,,,
2025-08-20 07:24:15,6170.0,6188.75,217,751,0,15,0,0,15,0,,,,,,
2025-08-20 07:24:15,6175.0,6193.75,6,1065,0,4,0,0,4,0,,,,,,
2025-08-20 07:24:15,6175.0,6193.75,1,512,0,3,0,0,3,0,,,,,,
2025-08-20 07:24:15,6175.0,6193.75,0,317,0,31,0,0,31,0,,,,,,
2025-08-20 07:24:15,6175.0,6193.75,12,150,0,10,0,0,10,0,,,,,,
2025-08-20 07:24:15,6175.0,6193.75,87,1477,0,79,0,0,79,0,,,,,,
2025-08-20 07:24:15,6180.0,6198.75,0,2912,1,33,1,0,34,1,,,,,,
2025-08-20 07:24:15,6180.0,6198.75,1,466,0,172,0,0,172,0,,,,,,
2025-08-20 07:24:15,6180.0,6198.75,20,119,20,38,0,0,58,0,,,,,,
2025-08-20 07:24:15,6180.0,6198.75,2,117,0,8,0,0,8,0,,,,,,
2025-08-20 07:24:15,6180.0,6198.75,102,304,0,15,0,0,15,0,,,,,,
2025-08-20 07:24:15,6185.0,6203.75,0,92,0,25,0,0,25,0,,,,,,
2025-08-20 07:24:15,6185.0,6203.75,0,237,0,54,0,0,54,0,,,,,,
2025-08-20 07:24:15,6185.0,6203.75,0,0,0,45,0,45,45,45,,,,,,
2025-08-20 07:24:15,6185.0,6203.75,0,0,0,1,0,1,1,1,,,,,,
2025-08-20 07:24:15,6185.0,6203.75,81,345,0,13,0,0,13,0,,,,,,
2025-08-20 07:24:15,6190.0,6208.75,1,311,0,39,0,0,39,0,,,,,,
2025-08-20 07:24:15,6190.0,6208.75,1,131,0,90,0,0,90,0,,,,,,
2025-08-20 07:24:15,6190.0,6208.75,0,48,0,41,0,0,41,0,,,,,,
2025-08-20 07:24:15,6190.0,6208.75,3,108,0,4,0,0,4,0,,,,,,
2025-08-20 07:24:15,6190.0,6208.75,213,578,0,14,0,0,14,0,,,,,,
2025-08-20 07:24:15,6195.0,6213.75,0,104,0,28,0,0,28,0,,,,,,
2025-08-20 07:24:15,6195.0,6213.75,25,58,0,4,0,0,4,0,,,,,,
2025-08-20 07:24:15,6195.0,6213.75,0,49,0,66,0,17,66,17,,,,,,
2025-08-20 07:24:15,6195.0,6213.75,0,0,0,0,0,0,0,0,,,,,,
2025-08-20 07:24:15,6195.0,6213.75,113,254,0,4,0,0,4,0,,,,,,
2025-08-20 07:24:15,6200.0,6218.75,110,1308,1,319,0,0,320,0,,,,,,
2025-08-20 07:24:15,6200.0,6218.75,37,314,0,74,0,0,74,0,,,,,,
2025-08-20 07:24:15,6200.0,6218.75,19,635,0,48,0,0,48,0,,,,,,
2025-08-20 07:24:15,6200.0,6218.75,17,262,0,17,0,0,17,0,,,,,,
2025-08-20 07:24:15,6200.0,6218.75,1092,13379,13,698,0,0,711,0,,,,,,
2025-08-20 07:24:15,6205.0,6223.75,0,86,1,85,1,0,86,1,,,,,,
2025-08-20 07:24:15,6205.0,6223.75,0,60,0,5,0,0,5,0,,,,,,
2025-08-20 07:24:15,6205.0,6223.75,0,21,0,68,0,47,68,47,,,,,,
2025-08-20 07:24:15,6205.0,6223.75,0,63,0,0,0,0,0,0,,,,,,
2025-08-20 07:24:15,6205.0,6223.75,37,354,0,63,0,0,63,0,,,,,,
2025-08-20 07:24:15,6210.0,6228.75,16,276,0,2,0,0,2,0,,,,,,
2025-08-20 07:24:15,6210.0,6228.75,34,93,21,51,0,0,72,0,,,,,,
2025-08-20 07:24:15,6210.0,6228.75,20,88,0,76,0,0,76,0,,,,,,
2025-08-20 07:24:15,6210.0,6228.75,2,52,0,8,0,0,8,0,,,,,,
2025-08-20 07:24:15,6210.0,6228.75,5044,1774,8,103,0,0,111,0,,,,,,
2025-08-20 07:24:15,6215.0,6233.75,0,181,0,5,0,0,5,0,,,,,,
2025-08-20 07:24:15,6215.0,6233.75,0,98,0,6,0,0,6,0,,,,,,
2025-08-20 07:24:15,6215.0,6233.75,1,67,0,65,0,0,65,0,,,,,,
2025-08-20 07:24:15,6215.0,6233.75,0,45,0,3,0,0,3,0,,,,,,
2025-08-20 07:24:15,6215.0,6233.75,89,380,3,15,0,0,18,0,,,,,,
2025-08-20 07:24:15,6220.0,6238.75,10,343,0,43,0,0,43,0,,,,,,
2025-08-20 07:24:15,6220.0,6238.75,12,127,0,2,0,0,2,0,,,,,,
2025-08-20 07:24:15,6220.0,6238.75,1,75,2,26,1,0,28,1,,,,,,
2025-08-20 07:24:15,6220.0,6238.75,5,41,0,3,0,0,3,0,,,,,,
2025-08-20 07:24:15,6220.0,6238.75,109,2905,0,70,0,0,70,0,,,,,,
2025-08-20 07:24:15,6225.0,6243.75,6,803,1,20,0,0,21,0,,,,,,
2025-08-20 07:24:15,6225.0,6243.75,13,263,0,39,0,0,39,0,,,,,,
2025-08-20 07:24:15,6225.0,6243.75,7,267,0,39,0,0,39,0,,,,,,
2025-08-20 07:24:15,6225.0,6243.75,8,65,0,4,0,0,4,0,,,,,,
2025-08-20 07:24:15,6225.0,6243.75,323,1474,1,28,0,0,29,0,,,,,,
2025-08-20 07:24:15,6230.0,6248.75,3,281,0,34,0,0,34,0,,,,,,
2025-08-20 07:24:15,6230.0,6248.75,30,210,0,10,0,0,10,0,,,,,,
2025-08-20 07:24:15,6230.0,6248.75,12,151,0,34,0,0,34,0,,,,,,
2025-08-20 07:24:15,6230.0,6248.75,1,72,0,8,0,0,8,0,,,,,,
2025-08-20 07:24:15,6230.0,6248.75,54,1014,0,32,0,0,32,0,,,,,,
2025-08-20 07:24:15,6235.0,6253.75,1,215,0,0,0,0,0,0,,,,,,
2025-08-20 07:24:15,6235.0,6253.75,1,117,0,2,0,0,2,0,,,,,,
2025-08-20 07:24:15,6235.0,6253.75,0,92,2,18,2,0,20,2,,,,,,
2025-08-20 07:24:15,6235.0,6253.75,0,59,0,0,0,0,0,0,,,,,,
2025-08-20 07:24:15,6235.0,6253.75,114,371,9,13,0,0,22,0,,,,,,
2025-08-20 07:24:15,6240.0,6258.75,14,499,0,116,0,0,116,0,,,,,,
2025-08-20 07:24:15,6240.0,6258.75,14,205,2,35,0,0,37,0,,,,,,
2025-08-20 07:24:15,6240.0,6258.75,8,103,2,22,0,0,24,0,,,,,,
2025-08-20 07:24:15,6240.0,6258.75,0,37,0,2,0,0,2,0,,,,,,
2025-08-20 07:24:15,6240.0,6258.75,79,350,2,22,0,0,24,0,,,,,,
2025-08-20 07:24:15,6245.0,6263.75,1,224,2,23,1,0,25,1,,,,,,
2025-08-20 07:24:15,6245.0,6263.75,1,168,0,26,0,0,26,0,,,,,,
2025-08-20 07:24:15,6245.0,6263.75,6,578,0,27,0,0,27,0,,,,,,
2025-08-20 07:24:15,6245.0,6263.75,0,55,0,5,0,0,5,0,,,,,,
2025-08-20 07:24:15,6245.0,6263.75,71,205,0,6,0,0,6,0,,,,,,
2025-08-20 07:24:15,6250.0,6268.75,107,1332,0,286,0,0,286,0,,,,,,
2025-08-20 07:24:15,6250.0,6268.75,61,606,8,70,0,0,78,0,,,,,,
2025-08-20 07:24:15,6250.0,6268.75,46,817,6,67,0,0,73,0,,,,,,
2025-08-20 07:24:15,6250.0,6268.75,51,139,0,14,0,0,14,0,,,,,,
2025-08-20 07:24:15,6250.0,6268.75,3505,5501,91,298,0,0,389,0,,,,,,
2025-08-20 07:24:15,6255.0,6273.75,0,4487,0,27,0,0,27,0,,,,,,
2025-08-20 07:24:15,6255.0,6273.75,0,198,0,6,0,0,6,0,,,,,,
2025-08-20 07:24:15,6255.0,6273.75,1,75,1,4,0,0,5,0,,,,,,
2025-08-20 07:24:15,6255.0,6273.75,0,95,2,6,2,0,8,2,,,,,,
2025-08-20 07:24:15,6255.0,6273.75,1058,203,2,13,0,0,15,0,,,,,,
2025-08-20 07:24:15,6260.0,6278.75,12,336,5,93,0,0,98,0,,,,,,
2025-08-20 07:24:15,6260.0,6278.75,3,214,0,21,0,0,21,0,,,,,,
2025-08-20 07:24:15,6260.0,6278.75,3,299,34,86,31,0,120,31,,,,,,
2025-08-20 07:24:15,6260.0,6278.75,42,837,0,8,0,0,8,0,,,,,,
2025-08-20 07:24:15,6260.0,6278.75,1001,1612,5,11,0,0,16,0,,,,,,
2025-08-20 07:24:15,6265.0,6283.75,2,304,0,17,0,0,17,0,,,,,,
2025-08-20 07:24:15,6265.0,6283.75,0,221,0,20,0,0,20,0,,,,,,
2025-08-20 07:24:15,6265.0,6283.75,6,262,0,60,0,0,60,0,,,,,,
2025-08-20 07:24:15,6265.0,6283.75,0,123,2,2,2,0,4,2,,,,,,
2025-08-20 07:24:15,6265.0,6283.75,179,337,4,53,0,0,57,0,,,,,,
2025-08-20 07:24:15,6270.0,6288.75,9,1202,2,52,0,0,54,0,,,,,,
2025-08-20 07:24:15,6270.0,6288.75,6,239,2,13,0,0,15,0,,,,,,
2025-08-20 07:24:15,6270.0,6288.75,12,336,0,29,0,0,29,0,,,,,,
2025-08-20 07:24:15,6270.0,6288.75,12,116,0,63,0,0,63,0,,,,,,
2025-08-20 07:24:15,6270.0,6288.75,305,939,0,31,0,0,31,0,,,,,,
2025-08-20 07:24:15,6275.0,6293.75,27,964,0,45,0,0,45,0,,,,,,
2025-08-20 07:24:15,6275.0,6293.75,73,731,0,14,0,0,14,0,,,,,,
2025-08-20 07:24:15,6275.0,6293.75,21,585,2,91,0,0,93,0,,,,,,
2025-08-20 07:24:15,6275.0,6293.75,94,215,0,2,0,0,2,0,,,,,,
2025-08-20 07:24:15,6275.0,6293.75,249,2673,19,225,0,0,244,0,,,,,,
2025-08-20 07:24:15,6280.0,6298.75,13,315,1,151,0,0,152,0,,,,,,
2025-08-20 07:24:15,6280.0,6298.75,6,819,0,10,0,0,10,0,,,,,,
2025-08-20 07:24:15,6280.0,6298.75,33,216,28,49,0,0,77,0,,,,,,
2025-08-20 07:24:15,6280.0,6298.75,3,139,0,7,0,0,7,0,,,,,,
2025-08-20 07:24:15,6280.0,6298.75,105,225,1,46,0,0,47,0,,,,,,
2025-08-20 07:24:15,6285.0,6303.75,1,404,1,7,0,0,8,0,,,,,,
2025-08-20 07:24:15,6285.0,6303.75,9,128,1,21,0,0,22,0,,,,,,
2025-08-20 07:24:15,6285.0,6303.75,1,85,0,16,0,0,16,0,,,,,,
2025-08-20 07:24:15,6285.0,6303.75,0,12,0,16,0,4,16,4,,,,,,
2025-08-20 07:24:15,6285.0,6303.75,134,243,3,23,0,0,26,0,,,,,,
2025-08-20 07:24:15,6290.0,6308.75,21,767,0,30,0,0,30,0,,,,,,
2025-08-20 07:24:15,6290.0,6308.75,53,226,1,50,0,0,51,0,,,,,,
2025-08-20 07:24:15,6290.0,6308.75,59,218,0,15,0,0,15,0,,,,,,
2025-08-20 07:24:15,6290.0,6308.75,29,85,2,97,0,12,99,12,,,,,,
2025-08-20 07:24:15,6290.0,6308.75,116,1647,16,38,0,0,54,0,,,,,,
2025-08-20 07:24:15,6295.0,6313.75,4,480,0,90,0,0,90,0,,,,,,
2025-08-20 07:24:15,6295.0,6313.75,3,245,0,44,0,0,44,0,,,,,,
2025-08-20 07:24:15,6295.0,6313.75,21,62,0,55,0,0,55,0,,,,,,
2025-08-20 07:24:15,6295.0,6313.75,6,32,0,11,0,0,11,0,,,,,,
2025-08-20 07:24:15,6295.0,6313.75,79,191,11,17,0,0,28,0,,,,,,
2025-08-20 07:24:15,6300.0,6318.75,85,987,8,398,0,0,406,0,,,,,,
2025-08-20 07:24:15,6300.0,6318.75,148,776,11,75,0,0,86,0,,,,,,
2025-08-20 07:24:15,6300.0,6318.75,86,1673,2,401,0,0,403,0,,,,,,
2025-08-20 07:24:15,6300.0,6318.75,39,545,30,131,0,0,161,0,,,,,,
2025-08-20 07:24:15,6300.0,6318.75,5179,8733,34,1173,0,0,1207,0,,,,,,
2025-08-20 07:24:15,6305.0,6323.75,33,287,0,80,0,0,80,0,,,,,,
2025-08-20 07:24:15,6305.0,6323.75,4,96,0,2,0,0,2,0,,,,,,
2025-08-20 07:24:15,6305.0,6323.75,70,33,0,23,0,0,23,0,,,,,,
2025-08-20 07:24:15,6305.0,6323.75,4,39,0,10,0,0,10,0,,,,,,
2025-08-20 07:24:15,6305.0,6323.75,1156,223,0,9,0,0,9,0,,,,,,
2025-08-20 07:24:15,6310.0,6328.75,116,295,2,29,0,0,31,0,,,,,,
2025-08-20 07:24:15,6310.0,6328.75,53,246,21,65,0,0,86,0,,,,,,
2025-08-20 07:24:15,6310.0,6328.75,19,112,0,32,0,0,32,0,,,,,,
2025-08-20 07:24:15,6310.0,6328.75,27,69,31,19,4,0,50,4,,,,,,
2025-08-20 07:24:15,6310.0,6328.75,376,437,16,74,0,0,90,0,,,,,,
2025-08-20 07:24:15,6315.0,6333.75,23,143,3,36,0,0,39,0,,,,,,
2025-08-20 07:24:15,6315.0,6333.75,1,70,0,33,0,0,33,0,,,,,,
2025-08-20 07:24:15,6315.0,6333.75,2,55,3,7,1,0,10,1,,,,,,
2025-08-20 07:24:15,6315.0,6333.75,6,43,0,28,0,0,28,0,,,,,,
2025-08-20 07:24:15,6315.0,6333.75,144,218,1,36,0,0,37,0,,,,,,
2025-08-20 07:24:15,6320.0,6338.75,97,347,11,41,0,0,52,0,,,,,,
2025-08-20 07:24:15,6320.0,6338.75,36,157,0,26,0,0,26,0,,,,,,
2025-08-20 07:24:15,6320.0,6338.75,38,87,0,84,0,0,84,0,,,,,,
2025-08-20 07:24:15,6320.0,6338.75,11,315,0,12,0,0,12,0,,,,,,
2025-08-20 07:24:15,6320.0,6338.75,287,735,7,50,0,0,57,0,,,,,,
2025-08-20 07:24:15,6325.0,6343.75,42,353,3,66,0,0,69,0,,,,,,
2025-08-20 07:24:15,6325.0,6343.75,40,155,0,54,0,0,54,0,,,,,,
2025-08-20 07:24:15,6325.0,6343.75,46,120,2,43,0,0,45,0,,,,,,
2025-08-20 07:24:15,6325.0,6343.75,145,130,0,26,0,0,26,0,,,,,,
2025-08-20 07:24:15,6325.0,6343.75,1526,2658,10,59,0,0,69,0,,,,,,
2025-08-20 07:24:15,6330.0,6348.75,101,485,4,63,0,0,67,0,,,,,,
2025-08-20 07:24:15,6330.0,6348.75,35,161,9,33,0,0,42,0,,,,,,
2025-08-20 07:24:15,6330.0,6348.75,92,826,1,68,0,0,69,0,,,,,,
2025-08-20 07:24:15,6330.0,6348.75,68,829,0,84,0,0,84,0,,,,,,
2025-08-20 07:24:15,6330.0,6348.75,319,896,10,112,0,0,122,0,,,,,,
2025-08-20 07:24:15,6335.0,6353.75,17,313,2,46,0,0,48,0,,,,,,
2025-08-20 07:24:15,6335.0,6353.75,5,100,13,61,8,0,74,8,,,,,,
2025-08-20 07:24:15,6335.0,6353.75,62,76,2,48,0,0,50,0,,,,,,
2025-08-20 07:24:15,6335.0,6353.75,5,122,0,22,0,0,22,0,,,,,,
2025-08-20 07:24:15,6335.0,6353.75,236,285,0,37,0,0,37,0,,,,,,
2025-08-20 07:24:15,6340.0,6358.75,57,557,7,88,0,0,95,0,,,,,,
2025-08-20 07:24:15,6340.0,6358.75,38,158,15,72,0,0,87,0,,,,,,
2025-08-20 07:24:15,6340.0,6358.75,56,363,1,36,0,0,37,0,,,,,,
2025-08-20 07:24:15,6340.0,6358.75,34,159,7,17,0,0,24,0,,,,,,
2025-08-20 07:24:15,6340.0,6358.75,556,552,14,21,0,0,35,0,,,,,,
2025-08-20 07:24:15,6345.0,6363.75,24,198,6,36,0,0,42,0,,,,,,
2025-08-20 07:24:15,6345.0,6363.75,49,149,5,22,0,0,27,0,,,,,,
2025-08-20 07:24:15,6345.0,6363.75,58,85,6,124,0,39,130,39,,,,,,
2025-08-20 07:24:15,6345.0,6363.75,6,72,0,8,0,0,8,0,,,,,,
2025-08-20 07:24:15,6345.0,6363.75,358,336,2,15,0,0,17,0,,,,,,
2025-08-20 07:24:15,6350.0,6368.75,275,881,57,161,0,0,218,0,,,,,,
2025-08-20 07:24:15,6350.0,6368.75,244,418,6,93,0,0,99,0,,,,,,
2025-08-20 07:24:15,6350.0,6368.75,191,299,65,89,0,0,154,0,,,,,,
2025-08-20 07:24:15,6350.0,6368.75,305,628,4,6,0,0,10,0,,,,,,
2025-08-20 07:24:15,6350.0,6368.75,3862,6295,77,1557,0,0,1634,0,4,,3,,,
2025-08-20 07:24:15,6355.0,6373.75,72,962,18,89,0,0,107,0,,,,,,
2025-08-20 07:24:15,6355.0,6373.75,25,67,2,40,0,0,42,0,,,,,,
2025-08-20 07:24:15,6355.0,6373.75,305,99,43,57,0,0,100,0,,,,,,
2025-08-20 07:24:15,6355.0,6373.75,0,25,6,15,6,0,21,6,,,,,,
2025-08-20 07:24:15,6355.0,6373.75,169,245,9,38,0,0,47,0,,,,,,
2025-08-20 07:24:15,6360.0,6378.75,56,415,35,108,0,0,143,0,,,,,,
2025-08-20 07:24:15,6360.0,6378.75,35,191,20,38,0,0,58,0,,,,,,
2025-08-20 07:24:15,6360.0,6378.75,69,369,22,106,0,0,128,0,,,,,,
2025-08-20 07:24:15,6360.0,6378.75,137,84,4,9,0,0,13,0,,,,,,
2025-08-20 07:24:15,6360.0,6378.75,349,703,73,179,0,0,252,0,,,,,,
2025-08-20 07:24:15,6365.0,6383.75,12,216,12,55,0,0,67,0,,,,,,
2025-08-20 07:24:15,6365.0,6383.75,118,60,4,153,0,93,157,93,,,,3,,1
2025-08-20 07:24:15,6365.0,6383.75,4,55,2,139,0,84,141,84,,,,4,,2
2025-08-20 07:24:15,6365.0,6383.75,68,23,5,10,0,0,15,0,,,,,,
2025-08-20 07:24:15,6365.0,6383.75,270,337,32,149,0,0,181,0,,,,,,
2025-08-20 07:24:15,6370.0,6388.75,113,220,151,141,38,0,292,38,,,,,,
2025-08-20 07:24:15,6370.0,6388.75,180,235,12,144,0,0,156,0,,,,,,
2025-08-20 07:24:15,6370.0,6388.75,82,109,18,50,0,0,68,0,,,,,,
2025-08-20 07:24:15,6370.0,6388.75,175,70,14,40,0,0,54,0,,,,,,
2025-08-20 07:24:15,6370.0,6388.75,1567,1142,75,100,0,0,175,0,,,,,,
2025-08-20 07:24:15,6375.0,6393.75,197,375,101,164,0,0,265,0,,,,,,
2025-08-20 07:24:15,6375.0,6393.75,110,388,18,42,0,0,60,0,,,,,,
2025-08-20 07:24:15,6375.0,6393.75,45,345,18,51,0,0,69,0,,,,,,
2025-08-20 07:24:15,6375.0,6393.75,32,117,3,9,0,0,12,0,,,,,,
2025-08-20 07:24:15,6375.0,6393.75,1967,2498,42,218,0,0,260,0,,,,,,
2025-08-20 07:24:15,6380.0,6398.75,220,349,34,134,0,0,168,0,,,,,,
2025-08-20 07:24:15,6380.0,6398.75,49,140,57,56,8,0,113,8,,,,,,
2025-08-20 07:24:15,6380.0,6398.75,74,230,59,79,0,0,138,0,,,,,,
2025-08-20 07:24:15,6380.0,6398.75,60,88,35,23,0,0,58,0,,,,,,
2025-08-20 07:24:15,6380.0,6398.75,487,838,42,272,0,0,314,0,,,,,,
2025-08-20 07:24:15,6385.0,6403.75,81,312,52,85,0,0,137,0,,,,,,
2025-08-20 07:24:15,6385.0,6403.75,51,74,54,33,3,0,87,3,,,,,,
2025-08-20 07:24:15,6385.0,6403.75,9,45,39,21,30,0,60,30,,,,,,
2025-08-20 07:24:15,6385.0,6403.75,12,41,2,9,0,0,11,0,,,,,,
2025-08-20 07:24:15,6385.0,6403.75,114,221,66,31,0,0,97,0,,,,,,
2025-08-20 07:24:15,6390.0,6408.75,138,686,54,98,0,0,152,0,,,,,,
2025-08-20 07:24:15,6390.0,6408.75,130,148,19,157,0,9,176,9,,,,,,
2025-08-20 07:24:15,6390.0,6408.75,71,169,13,23,0,0,36,0,,,,,,
2025-08-20 07:24:15,6390.0,6408.75,107,112,6,26,0,0,32,0,,,,,,
2025-08-20 07:24:15,6390.0,6408.75,309,963,48,95,0,0,143,0,,,,,,
2025-08-20 07:24:15,6395.0,6413.75,171,335,25,197,0,0,222,0,,,,,,
2025-08-20 07:24:15,6395.0,6413.75,27,86,38,17,11,0,55,11,,,,,,
2025-08-20 07:24:15,6395.0,6413.75,21,98,71,51,50,0,122,50,,,,,4,
2025-08-20 07:24:15,6395.0,6413.75,43,41,9,12,0,0,21,0,,,,,,
2025-08-20 07:24:15,6395.0,6413.75,305,324,42,77,0,0,119,0,,,,,,
2025-08-20 07:24:15,6400.0,6418.75,1060,1702,145,132,0,0,277,0,,,,,,
2025-08-20 07:24:15,6400.0,6418.75,306,556,46,169,0,0,215,0,,,,,,
2025-08-20 07:24:15,6400.0,6418.75,99,852,110,118,11,0,228,11,,,,,,
2025-08-20 07:24:15,6400.0,6418.75,292,934,34,5,0,0,39,0,,,,,,
2025-08-20 07:24:15,6400.0,6418.75,3902,3242,161,1385,0,0,1546,0,5,,5,,,
2025-08-20 07:24:15,6405.0,6423.75,180,534,80,120,0,0,200,0,,,,,,
2025-08-20 07:24:15,6405.0,6423.75,73,400,35,61,0,0,96,0,,,,,,
2025-08-20 07:24:15,6405.0,6423.75,41,71,38,71,0,0,109,0,,,,,,
2025-08-20 07:24:15,6405.0,6423.75,14,42,2,2,0,0,4,0,,,,,,
2025-08-20 07:24:15,6405.0,6423.75,369,339,40,22,0,0,62,0,,,,,,
2025-08-20 07:24:15,6410.0,6428.75,159,641,57,65,0,0,122,0,,,,,,
2025-08-20 07:24:15,6410.0,6428.75,341,529,56,37,0,0,93,0,,,,,,
2025-08-20 07:24:15,6410.0,6428.75,58,271,18,39,0,0,57,0,,,,,,
2025-08-20 07:24:15,6410.0,6428.75,53,54,11,0,0,0,11,0,,,,,,
2025-08-20 07:24:15,6410.0,6428.75,716,548,140,53,0,0,193,0,,,,,,
2025-08-20 07:24:15,6415.0,6433.75,106,186,62,68,0,0,130,0,,,,,,
2025-08-20 07:24:15,6415.0,6433.75,289,88,73,10,0,0,83,0,,,,,,
2025-08-20 07:24:15,6415.0,6433.75,47,81,20,41,0,0,61,0,,,,,,
2025-08-20 07:24:15,6415.0,6433.75,70,36,26,0,0,0,26,0,,,,,,
2025-08-20 07:24:15,6415.0,6433.75,366,341,19,176,0,0,195,0,,,,,,
2025-08-20 07:24:15,6420.0,6438.75,122,86,39,29,0,0,68,0,,,,,,
2025-08-20 07:24:15,6420.0,6438.75,108,289,25,4,0,0,29,0,,,,,,
2025-08-20 07:24:15,6420.0,6438.75,54,69,28,10,0,0,38,0,,,,,,
2025-08-20 07:24:15,6420.0,6438.75,74,192,21,5,0,0,26,0,,,,,,
2025-08-20 07:24:15,6420.0,6438.75,1488,820,81,61,0,0,142,0,,,,,,
2025-08-20 07:24:15,6425.0,6443.75,303,218,111,52,0,0,163,0,,,,,,
2025-08-20 07:24:15,6425.0,6443.75,296,403,76,6,0,0,82,0,,,,,,
2025-08-20 07:24:15,6425.0,6443.75,100,88,27,14,0,0,41,0,,,,,,
2025-08-20 07:24:15,6425.0,6443.75,101,99,3,2,0,0,5,0,,,,,,
2025-08-20 07:24:15,6425.0,6443.75,1024,2625,146,236,0,0,382,0,,,,,,
2025-08-20 07:24:15,6430.0,6448.75,201,290,92,29,0,0,121,0,,,,,,
2025-08-20 07:24:15,6430.0,6448.75,288,104,29,4,0,0,33,0,,,,,,
2025-08-20 07:24:15,6430.0,6448.75,185,77,117,21,0,0,138,0,,,,,,
2025-08-20 07:24:15,6430.0,6448.75,65,45,21,0,0,0,21,0,,,,,,
2025-08-20 07:24:15,6430.0,6448.75,745,1107,51,39,0,0,90,0,,,,,,
2025-08-20 07:24:15,6435.0,6453.75,110,178,66,36,0,0,102,0,,,,,,
2025-08-20 07:24:15,6435.0,6453.75,129,51,27,13,0,0,40,0,,,,,,
2025-08-20 07:24:15,6435.0,6453.75,106,65,45,20,0,0,65,0,,,,,,
2025-08-20 07:24:15,6435.0,6453.75,54,45,13,0,0,0,13,0,,,,,,
2025-08-20 07:24:15,6435.0,6453.75,315,406,28,59,0,0,87,0,,,,,,
2025-08-20 07:24:15,6440.0,6458.75,191,313,85,21,0,0,106,0,,,,,,
2025-08-20 07:24:15,6440.0,6458.75,379,2026,64,2,0,0,66,0,,,,,,
2025-08-20 07:24:15,6440.0,6458.75,143,105,65,11,0,0,76,0,,,,,,
2025-08-20 07:24:15,6440.0,6458.75,190,75,7,4,0,0,11,0,,,,,,
2025-08-20 07:24:15,6440.0,6458.75,1003,796,49,70,0,0,119,0,,,,,,
2025-08-20 07:24:15,6445.0,6463.75,148,196,146,12,0,0,158,0,,,,,,
2025-08-20 07:24:15,6445.0,6463.75,134,1039,23,18,0,0,41,0,,,,,,
2025-08-20 07:24:15,6445.0,6463.75,81,188,55,3,0,0,58,0,,,,,,
2025-08-20 07:24:15,6445.0,6463.75,38,105,3,2,0,0,5,0,,,,,,
2025-08-20 07:24:15,6445.0,6463.75,235,156,24,7,0,0,31,0,,,,,,
2025-08-20 07:24:15,6450.0,6468.75,819,771,190,38,0,0,228,0,,,,,,
2025-08-20 07:24:15,6450.0,6468.75,589,330,80,10,0,0,90,0,,,,,,
2025-08-20 07:24:15,6450.0,6468.75,1546,843,239,5,0,0,244,0,,,,,,
2025-08-20 07:24:15,6450.0,6468.75,161,103,34,5,0,0,39,0,,,,,,
2025-08-20 07:24:15,6450.0,6468.75,9722,6454,146,109,0,0,255,0,,,,,,
2025-08-20 07:24:15,6455.0,6473.75,175,126,206,4,31,0,210,31,,,,,,
2025-08-20 07:24:15,6455.0,6473.75,129,81,14,4,0,0,18,0,,,,,,
2025-08-20 07:24:15,6455.0,6473.75,130,366,17,2,0,0,19,0,,,,,,
2025-08-20 07:24:15,6455.0,6473.75,86,55,2,2,0,0,4,0,,,,,,
2025-08-20 07:24:15,6455.0,6473.75,482,509,50,386,0,0,436,0,,,,,,
2025-08-20 07:24:15,6460.0,6478.75,662,369,85,7,0,0,92,0,,,,,,
2025-08-20 07:24:15,6460.0,6478.75,281,397,37,18,0,0,55,0,,,,,,
2025-08-20 07:24:15,6460.0,6478.75,453,369,46,1,0,0,47,0,,,,,,
2025-08-20 07:24:15,6460.0,6478.75,222,191,8,2,0,0,10,0,,,,,,
2025-08-20 07:24:15,6460.0,6478.75,655,501,166,48,0,0,214,0,,,,,,
2025-08-20 07:24:15,6465.0,6483.75,295,294,86,1,0,0,87,0,,,,,,
2025-08-20 07:24:15,6465.0,6483.75,33,52,9,11,0,0,20,0,,,,,,
2025-08-20 07:24:15,6465.0,6483.75,362,75,6,3,0,0,9,0,,,,,,
2025-08-20 07:24:15,6465.0,6483.75,88,72,3,0,0,0,3,0,,,,,,
2025-08-20 07:24:15,6465.0,6483.75,945,1086,344,84,0,0,428,0,,,,,,
2025-08-20 07:24:15,6470.0,6488.75,627,316,89,13,0,0,102,0,,,,,,
2025-08-20 07:24:15,6470.0,6488.75,207,164,62,1,0,0,63,0,,,,,,
2025-08-20 07:24:15,6470.0,6488.75,146,103,187,3,41,0,190,41,,,,,5,
2025-08-20 07:24:15,6470.0,6488.75,278,197,5,1,0,0,6,0,,,,,,
2025-08-20 07:24:15,6470.0,6488.75,291,409,27,50,0,0,77,0,,,,,,
2025-08-20 07:24:15,6475.0,6493.75,997,168,159,6,0,0,165,0,,,,,,
2025-08-20 07:24:15,6475.0,6493.75,336,67,22,7,0,0,29,0,,,,,,
2025-08-20 07:24:15,6475.0,6493.75,1060,131,270,0,0,0,270,0,,,,,,
2025-08-20 07:24:15,6475.0,6493.75,447,53,11,1,0,0,12,0,,,,,,
2025-08-20 07:24:15,6475.0,6493.75,3736,1995,282,523,0,0,805,0,,,,,,
2025-08-20 07:24:15,6480.0,6498.75,361,67,248,0,0,0,248,0,,,,,,
2025-08-20 07:24:15,6480.0,6498.75,287,36,108,0,0,0,108,0,,,,,,
2025-08-20 07:24:15,6480.0,6498.75,381,285,89,1,0,0,90,0,,,,,,
2025-08-20 07:24:15,6480.0,6498.75,61,22,18,0,0,0,18,0,,,,,,
2025-08-20 07:24:15,6480.0,6498.75,832,106,78,11,0,0,89,0,,,,,,
2025-08-20 07:24:15,6485.0,6503.75,236,14,86,1,0,0,87,0,,,,,,
2025-08-20 07:24:15,6485.0,6503.75,244,22,25,0,0,0,25,0,,,,,,
2025-08-20 07:24:15,6485.0,6503.75,85,31,24,0,0,0,24,0,,,,,,
2025-08-20 07:24:15,6485.0,6503.75,17,28,7,0,0,0,7,0,,,,,,
2025-08-20 07:24:15,6485.0,6503.75,1049,34,50,0,0,0,50,0,,,,,,
2025-08-20 07:24:15,6490.0,6508.75,596,50,163,2,0,0,165,0,,,,,,
2025-08-20 07:24:15,6490.0,6508.75,163,11,78,0,0,0,78,0,,,,,,
2025-08-20 07:24:15,6490.0,6508.75,119,7,72,0,0,0,72,0,,,,,,
2025-08-20 07:24:15,6490.0,6508.75,3018,24,43,0,0,0,43,0,,,,,,
2025-08-20 07:24:15,6490.0,6508.75,371,56,73,2,0,0,75,0,,,,,,
2025-08-20 07:24:15,6495.0,6513.75,679,9,200,0,0,0,200,0,,,,,,
2025-08-20 07:24:15,6495.0,6513.75,91,4,3,0,0,0,3,0,,,,,,
2025-08-20 07:24:15,6495.0,6513.75,34,5,30,0,0,0,30,0,,,,,,
2025-08-20 07:24:15,6495.0,6513.75,68,7,7,0,0,0,7,0,,,,,,
2025-08-20 07:24:15,6495.0,6513.75,279,48,13,2,0,0,15,0,,,,,,
2025-08-20 07:24:15,6500.0,6518.75,1646,82,236,8,0,0,244,0,,,,,,
2025-08-20 07:24:15,6500.0,6518.75,547,100,54,1,0,0,55,0,,,,,,
2025-08-20 07:24:15,6500.0,6518.75,2138,334,151,3,0,0,154,0,,,,,,
2025-08-20 07:24:15,6500.0,6518.75,2923,2002,105,3,0,0,108,0,,,,,,
2025-08-20 07:24:15,6500.0,6518.75,12447,3670,2326,20,0,0,2346,0,1,1,,,,
2025-08-20 07:24:15,6505.0,6523.75,254,2,58,0,0,0,58,0,,,,,,
2025-08-20 07:24:15,6505.0,6523.75,379,3,8,0,0,0,8,0,,,,,,
2025-08-20 07:24:15,6505.0,6523.75,235,17,53,0,0,0,53,0,,,,,,
2025-08-20 07:24:15,6505.0,6523.75,37,41,6,0,0,0,6,0,,,,,,
2025-08-20 07:24:15,6505.0,6523.75,303,107,95,0,0,0,95,0,,,,,,
2025-08-20 07:24:15,6510.0,6528.75,477,10,135,0,0,0,135,0,,,,,,
2025-08-20 07:24:15,6510.0,6528.75,189,40,49,0,0,0,49,0,,,,,,
2025-08-20 07:24:15,6510.0,6528.75,220,0,43,2,0,2,45,2,,,,,,
2025-08-20 07:24:15,6510.0,6528.75,70,7,44,0,0,0,44,0,,,,,,
2025-08-20 07:24:15,6510.0,6528.75,1654,59,60,2,0,0,62,0,,,,,,
2025-08-20 07:24:15,6515.0,6533.75,979,5,204,0,0,0,204,0,,,,,,
2025-08-20 07:24:15,6515.0,6533.75,84,0,24,0,0,0,24,0,,,,,,
2025-08-20 07:24:15,6515.0,6533.75,124,4,30,0,0,0,30,0,,,,,,
2025-08-20 07:24:15,6515.0,6533.75,7,0,8,0,1,0,8,1,,,,,,
2025-08-20 07:24:15,6515.0,6533.75,407,13,18,0,0,0,18,0,,,,,,
2025-08-20 07:24:15,6520.0,6538.75,307,24,249,3,0,0,252,0,,,,,,
2025-08-20 07:24:15,6520.0,6538.75,163,0,26,0,0,0,26,0,,,,,,
2025-08-20 07:24:15,6520.0,6538.75,216,25,17,3,0,0,20,0,,,,,,
2025-08-20 07:24:15,6520.0,6538.75,120,0,11,0,0,0,11,0,,,,,,
2025-08-20 07:24:15,6520.0,6538.75,458,28,71,0,0,0,71,0,,,,,,
2025-08-20 07:24:15,6525.0,6543.75,889,34,213,0,0,0,213,0,,,,,,
2025-08-20 07:24:15,6525.0,6543.75,338,2,59,0,0,0,59,0,,,,,,
2025-08-20 07:24:15,6525.0,6543.75,344,3,191,0,0,0,191,0,,,,,,
2025-08-20 07:24:15,6525.0,6543.75,408,4,20,0,0,0,20,0,,,,,,
2025-08-20 07:24:15,6525.0,6543.75,2970,56,80,1,0,0,81,0,,,,,,
2025-08-20 07:24:15,6530.0,6548.75,485,23,22,0,0,0,22,0,,,,,,
2025-08-20 07:24:15,6530.0,6548.75,169,11,16,0,0,0,16,0,,,,,,
2025-08-20 07:24:15,6530.0,6548.75,231,1,555,0,324,0,555,324,,5,,2,2,
2025-08-20 07:24:15,6530.0,6548.75,137,1,11,0,0,0,11,0,,,,,,
2025-08-20 07:24:15,6530.0,6548.75,1252,57,95,0,0,0,95,0,,,,,,
2025-08-20 07:24:15,6535.0,6553.75,318,3,46,0,0,0,46,0,,,,,,
2025-08-20 07:24:15,6535.0,6553.75,340,2,60,0,0,0,60,0,,,,,,
2025-08-20 07:24:15,6535.0,6553.75,150,7,558,0,408,0,558,408,,4,,1,1,
2025-08-20 07:24:15,6535.0,6553.75,13,0,0,0,0,0,0,0,,,,,,
2025-08-20 07:24:15,6535.0,6553.75,475,11,43,1,0,0,44,0,,,,,,
2025-08-20 07:24:15,6540.0,6558.75,870,0,108,0,0,0,108,0,,,,,,
2025-08-20 07:24:15,6540.0,6558.75,183,0,9,0,0,0,9,0,,,,,,
2025-08-20 07:24:15,6540.0,6558.75,432,0,54,0,0,0,54,0,,,,,,
2025-08-20 07:24:15,6540.0,6558.75,164,0,72,0,0,0,72,0,,,,,,
2025-08-20 07:24:15,6540.0,6558.75,3292,14,60,2,0,0,62,0,,,,,,
2025-08-20 07:24:15,6545.0,6563.75,591,4,46,0,0,0,46,0,,,,,,
2025-08-20 07:24:15,6545.0,6563.75,288,2,22,0,0,0,22,0,,,,,,
2025-08-20 07:24:15,6545.0,6563.75,346,0,23,0,0,0,23,0,,,,,,
2025-08-20 07:24:15,6545.0,6563.75,38,0,0,0,0,0,0,0,,,,,,
2025-08-20 07:24:15,6550.0,6568.75,3192,10,759,0,0,0,759,0,,2,,,,
2025-08-20 07:24:15,6550.0,6568.75,389,2,52,0,0,0,52,0,,,,,,
2025-08-20 07:24:15,6550.0,6568.75,654,4,193,0,0,0,193,0,,,,,,
2025-08-20 07:24:15,6550.0,6568.75,539,4,35,1,0,0,36,0,,,,,,
2025-08-20 07:24:15,6550.0,6568.75,6654,454,236,1,0,0,237,0,,,,,,
2025-08-20 07:24:15,6555.0,6573.75,231,8,57,0,0,0,57,0,,,,,,
2025-08-20 07:24:15,6555.0,6573.75,298,1,16,0,0,0,16,0,,,,,,
2025-08-20 07:24:15,6555.0,6573.75,322,0,39,0,0,0,39,0,,,,,,
2025-08-20 07:24:15,6555.0,6573.75,17,4,50,0,33,0,50,33,,,,,,
2025-08-20 07:24:15,6560.0,6578.75,449,0,11,0,0,0,11,0,,,,,,
2025-08-20 07:24:15,6560.0,6578.75,374,6,19,0,0,0,19,0,,,,,,
2025-08-20 07:24:15,6560.0,6578.75,2360,0,716,0,0,0,716,0,,3,,,,
2025-08-20 07:24:15,6560.0,6578.75,127,4,11,0,0,0,11,0,,,,,,
2025-08-20 07:24:15,6560.0,6578.75,1163,7,343,0,0,0,343,0,,,,,,
2025-08-20 07:24:15,6565.0,6583.75,1266,1,54,0,0,0,54,0,,,,,,
2025-08-20 07:24:15,6565.0,6583.75,972,1,18,0,0,0,18,0,,,,,,
2025-08-20 07:24:15,6565.0,6583.75,333,0,36,0,0,0,36,0,,,,,,
2025-08-20 07:24:15,6565.0,6583.75,230,0,45,0,0,0,45,0,,,,,,
2025-08-20 07:24:15,6570.0,6588.75,1209,0,39,0,0,0,39,0,,,,,,
2025-08-20 07:24:15,6570.0,6588.75,958,0,1,0,0,0,1,0,,,,,,
2025-08-20 07:24:15,6570.0,6588.75,346,5,17,0,0,0,17,0,,,,,,
2025-08-20 07:24:15,6570.0,6588.75,311,0,106,0,0,0,106,0,,,,,,
2025-08-20 07:24:15,6570.0,6588.75,966,6,511,0,0,0,511,0,,,,,,
2025-08-20 07:24:15,6575.0,6593.75,813,31,40,0,0,0,40,0,,,,,,
2025-08-20 07:24:15,6575.0,6593.75,688,0,47,4,0,4,51,4,,,,,,
2025-08-20 07:24:15,6575.0,6593.75,842,0,11,9,0,9,20,9,,,,,,
2025-08-20 07:24:15,6575.0,6593.75,243,0,6,0,0,0,6,0,,,,,,
2025-08-20 07:24:15,6575.0,6593.75,1613,10,438,0,0,0,438,0,,,,,,
2025-08-20 07:24:15,6580.0,6598.75,555,1,16,0,0,0,16,0,,,,,,
2025-08-20 07:24:15,6580.0,6598.75,471,0,13,0,0,0,13,0,,,,,,
2025-08-20 07:24:15,6580.0,6598.75,181,0,0,0,0,0,0,0,,,,,,
2025-08-20 07:24:15,6580.0,6598.75,99,1,1,0,0,0,1,0,,,,,,
2025-08-20 07:24:15,6580.0,6598.75,414,0,66,0,0,0,66,0,,,,,,
2025-08-20 07:24:15,6585.0,6603.75,259,3,11,0,0,0,11,0,,,,,,
2025-08-20 07:24:15,6585.0,6603.75,328,0,86,0,0,0,86,0,,,,,,
2025-08-20 07:24:15,6585.0,6603.75,66,0,7,0,0,0,7,0,,,,,,
2025-08-20 07:24:15,6585.0,6603.75,5,0,0,0,0,0,0,0,,,,,,
2025-08-20 07:24:15,6590.0,6608.75,436,6,12,0,0,0,12,0,,,,,,
2025-08-20 07:24:15,6590.0,6608.75,597,0,3,0,0,0,3,0,,,,,,
2025-08-20 07:24:15,6590.0,6608.75,361,0,45,0,0,0,45,0,,,,,,
2025-08-20 07:24:15,6590.0,6608.75,38,4,14,0,0,0,14,0,,,,,,
2025-08-20 07:24:15,6590.0,6608.75,1268,28,110,0,0,0,110,0,,,,,,
2025-08-20 07:24:15,6595.0,6613.75,628,9,1,0,0,0,1,0,,,,,,
2025-08-20 07:24:15,6595.0,6613.75,408,0,83,0,0,0,83,0,,,,,,
2025-08-20 07:24:15,6595.0,6613.75,59,0,7,0,0,0,7,0,,,,,,
2025-08-20 07:24:15,6595.0,6613.75,30,2,2,0,0,0,2,0,,,,,,
2025-08-20 07:24:15,6600.0,6618.75,4305,6,18,0,0,0,18,0,,,,,,
2025-08-20 07:24:15,6600.0,6618.75,546,2,56,0,0,0,56,0,,,,,,
2025-08-20 07:24:15,6600.0,6618.75,389,3,48,0,0,0,48,0,,,,,,
2025-08-20 07:24:15,6600.0,6618.75,927,0,11,0,0,0,11,0,,,,,,
2025-08-20 07:24:15,6600.0,6618.75,6855,56,322,19,0,0,341,0,,,,,,
2025-08-20 07:24:15,6605.0,6623.75,30,0,0,0,0,0,0,0,,,,,,
2025-08-20 07:24:15,6610.0,6628.75,687,0,15,0,0,0,15,0,,,,,,
2025-08-20 07:24:15,6610.0,6628.75,249,0,2,0,0,0,2,0,,,,,,
2025-08-20 07:24:15,6610.0,6628.75,77,0,6,0,0,0,6,0,,,,,,
2025-08-20 07:24:15,6610.0,6628.75,36,0,60,0,24,0,60,24,,,,,,
2025-08-20 07:24:15,6610.0,6628.75,744,1,27,0,0,0,27,0,,,,,,
2025-08-20 07:24:15,6615.0,6633.75,22,0,0,0,0,0,0,0,,,,,,
2025-08-20 07:24:15,6620.0,6638.75,249,1,42,0,0,0,42,0,,,,,,
2025-08-20 07:24:15,6620.0,6638.75,230,0,1,0,0,0,1,0,,,,,,
2025-08-20 07:24:15,6620.0,6638.75,74,0,9,0,0,0,9,0,,,,,,
2025-08-20 07:24:15,6620.0,6638.75,76,0,0,0,0,0,0,0,,,,,,
2025-08-20 07:24:15,6620.0,6638.75,579,7,24,0,0,0,24,0,,,,,,
2025-08-20 07:24:15,6625.0,6643.75,490,1,40,0,0,0,40,0,,,,,,
2025-08-20 07:24:15,6625.0,6643.75,616,1,5,0,0,0,5,0,,,,,,
2025-08-20 07:24:15,6625.0,6643.75,378,0,49,1,0,1,50,1,,,,,,
2025-08-20 07:24:15,6625.0,6643.75,262,0,63,0,0,0,63,0,,,,,,
2025-08-20 07:24:15,6625.0,6643.75,1901,11,141,0,0,0,141,0,,,,,,
2025-08-20 07:24:15,6630.0,6648.75,637,5,95,0,0,0,95,0,,,,,,
2025-08-20 07:24:15,6630.0,6648.75,181,0,1,0,0,0,1,0,,,,,,
2025-08-20 07:24:15,6630.0,6648.75,88,5,0,0,0,0,0,0,,,,,,
2025-08-20 07:24:15,6630.0,6648.75,58,0,8,0,0,0,8,0,,,,,,
2025-08-20 07:24:15,6630.0,6648.75,523,0,9,0,0,0,9,0,,,,,,
2025-08-20 07:24:15,6635.0,6653.75,0,0,56,0,56,0,56,56,,,,,3,
2025-08-20 07:24:15,6640.0,6658.75,251,0,55,0,0,0,55,0,,,,,,
2025-08-20 07:24:15,6640.0,6658.75,180,0,1,0,0,0,1,0,,,,,,
2025-08-20 07:24:15,6640.0,6658.75,51,0,10,0,0,0,10,0,,,,,,
2025-08-20 07:24:15,6640.0,6658.75,10,0,0,0,0,0,0,0,,,,,,
2025-08-20 07:24:15,6640.0,6658.75,569,0,57,0,0,0,57,0,,,,,,
2025-08-20 07:24:15,6650.0,6668.75,508,0,33,0,0,0,33,0,,,,,,
2025-08-20 07:24:15,6650.0,6668.75,437,1,0,4,0,3,4,3,,,,,,
2025-08-20 07:24:15,6650.0,6668.75,329,5,30,0,0,0,30,0,,,,,,
2025-08-20 07:24:15,6650.0,6668.75,316,0,18,0,0,0,18,0,,,,,,
2025-08-20 07:24:15,6650.0,6668.75,5057,13,72,0,0,0,72,0,,,,,,
2025-08-20 07:24:15,6660.0,6678.75,187,5,21,0,0,0,21,0,,,,,,
2025-08-20 07:24:15,6660.0,6678.75,69,0,14,0,0,0,14,0,,,,,,
2025-08-20 07:24:15,6660.0,6678.75,27,0,10,0,0,0,10,0,,,,,,
2025-08-20 07:24:15,6660.0,6678.75,17,0,0,0,0,0,0,0,,,,,,
2025-08-20 07:24:15,6660.0,6678.75,372,307,95,0,0,0,95,0,,,,,,
2025-08-20 07:24:15,6670.0,6688.75,25,0,0,0,0,0,0,0,,,,,,
2025-08-20 07:24:15,6670.0,6688.75,382,22,5,0,0,0,5,0,,,,,,
2025-08-20 07:24:15,6675.0,6693.75,425,1,1,0,0,0,1,0,,,,,,
2025-08-20 07:24:15,6675.0,6693.75,62,3,0,0,0,0,0,0,,,,,,
2025-08-20 07:24:15,6675.0,6693.75,148,0,36,0,0,0,36,0,,,,,,
2025-08-20 07:24:15,6675.0,6693.75,176,0,4,0,0,0,4,0,,,,,,
2025-08-20 07:24:15,6675.0,6693.75,1693,0,302,0,0,0,302,0,,,,,,
2025-08-20 07:24:15,6680.0,6698.75,0,0,0,0,0,0,0,0,,,,,,
2025-08-20 07:24:15,6680.0,6698.75,361,10,1,0,0,0,1,0,,,,,,
2025-08-20 07:24:15,6690.0,6708.75,0,0,0,0,0,0,0,0,,,,,,
2025-08-20 07:24:15,6690.0,6708.75,910,0,6,0,0,0,6,0,,,,,,
2025-08-20 07:24:15,6700.0,6718.75,101,1,0,0,0,0,0,0,,,,,,
2025-08-20 07:24:15,6700.0,6718.75,123,1,3,0,0,0,3,0,,,,,,
2025-08-20 07:24:15,6700.0,6718.75,339,0,0,0,0,0,0,0,,,,,,
2025-08-20 07:24:15,6700.0,6718.75,569,30,0,0,0,0,0,0,,,,,,
2025-08-20 07:24:15,6700.0,6718.75,3919,1,356,0,0,0,356,0,,,,,,
2025-08-20 07:24:15,6710.0,6728.75,383,1,0,0,0,0,0,0,,,,,,
2025-08-20 07:24:15,6720.0,6738.75,1132,0,10,0,0,0,10,0,,,,,,
2025-08-20 07:24:15,6725.0,6743.75,628,0,1,0,0,0,1,0,,,,,,
2025-08-20 07:24:15,6725.0,6743.75,26,0,1,0,0,0,1,0,,,,,,
2025-08-20 07:24:15,6725.0,6743.75,12,0,0,0,0,0,0,0,,,,,,
2025-08-20 07:24:15,6725.0,6743.75,79,0,0,0,0,0,0,0,,,,,,
2025-08-20 07:24:15,6725.0,6743.75,542,0,0,0,0,0,0,0,,,,,,
2025-08-20 07:24:15,6730.0,6748.75,199,0,0,0,0,0,0,0,,,,,,
2025-08-20 07:24:15,6740.0,6758.75,299,0,28,0,0,0,28,0,,,,,,
2025-08-20 07:24:15,6750.0,6768.75,30,0,3,0,0,0,3,0,,,,,,
2025-08-20 07:24:15,6750.0,6768.75,47,0,6,0,0,0,6,0,,,,,,
2025-08-20 07:24:15,6750.0,6768.75,28,0,0,0,0,0,0,0,,,,,,
2025-08-20 07:24:15,6750.0,6768.75,111,0,0,0,0,0,0,0,,,,,,
2025-08-20 07:24:15,6750.0,6768.75,1817,33,13,0,0,0,13,0,,,,,,
2025-08-20 07:24:15,6760.0,6778.75,186,10,6,0,0,0,6,0,,,,,,
2025-08-20 07:24:15,6770.0,6788.75,99,11,0,0,0,0,0,0,,,,,,
2025-08-20 07:24:15,6775.0,6793.75,14,0,0,0,0,0,0,0,,,,,,
2025-08-20 07:24:15,6775.0,6793.75,15,0,0,0,0,0,0,0,,,,,,
2025-08-20 07:24:15,6775.0,6793.75,17,0,0,0,0,0,0,0,,,,,,
2025-08-20 07:24:15,6775.0,6793.75,22,0,0,0,0,0,0,0,,,,,,
2025-08-20 07:24:15,6775.0,6793.75,340,2,0,0,0,0,0,0,,,,,,
2025-08-20 07:24:15,6780.0,6798.75,220,0,0,0,0,0,0,0,,,,,,
2025-08-20 07:24:15,6790.0,6808.75,229,12,0,0,0,0,0,0,,,,,,
2025-08-20 07:24:15,6800.0,6818.75,148,0,0,0,0,0,0,0,,,,,,
2025-08-20 07:24:15,6800.0,6818.75,46,0,0,0,0,0,0,0,,,,,,
2025-08-20 07:24:15,6800.0,6818.75,111,0,0,0,0,0,0,0,,,,,,
2025-08-20 07:24:15,6800.0,6818.75,34,0,3,0,0,0,3,0,,,,,,
2025-08-20 07:24:15,6800.0,6818.75,1653,15,0,0,0,0,0,0,,,,,,
2025-08-20 07:24:15,6810.0,6828.75,197,0,0,0,0,0,0,0,,,,,,
2025-08-20 07:24:15,6820.0,6838.75,609,0,0,0,0,0,0,0,,,,,,
2025-08-20 07:24:15,6825.0,6843.75,71,0,0,0,0,0,0,0,,,,,,
2025-08-20 07:24:15,6825.0,6843.75,12,0,0,0,0,0,0,0,,,,,,
2025-08-20 07:24:15,6825.0,6843.75,5,0,0,0,0,0,0,0,,,,,,
2025-08-20 07:24:15,6825.0,6843.75,35,0,0,0,0,0,0,0,,,,,,
2025-08-20 07:24:15,6825.0,6843.75,365,0,0,0,0,0,0,0,,,,,,
2025-08-20 07:24:15,6830.0,6848.75,495,104,0,0,0,0,0,0,,,,,,
2025-08-20 07:24:15,6840.0,6858.75,256,100,0,0,0,0,0,0,,,,,,
2025-08-20 07:24:15,6850.0,6868.75,2,0,0,0,0,0,0,0,,,,,,
2025-08-20 07:24:15,6850.0,6868.75,0,0,0,0,0,0,0,0,,,,,,
2025-08-20 07:24:15,6850.0,6868.75,0,0,0,0,0,0,0,0,,,,,,
2025-08-20 07:24:15,6850.0,6868.75,2,0,0,0,0,0,0,0,,,,,,
2025-08-20 07:24:15,6850.0,6868.75,265,0,0,0,0,0,0,0,,,,,,
2025-08-20 07:24:15,6875.0,6893.75,25,0,1,0,0,0,1,0,,,,,,
2025-08-20 07:24:15,6875.0,6893.75,5,0,0,0,0,0,0,0,,,,,,
2025-08-20 07:24:15,6875.0,6893.75,3,0,0,0,0,0,0,0,,,,,,
2025-08-20 07:24:15,6875.0,6893.75,0,0,0,0,0,0,0,0,,,,,,
2025-08-20 07:24:15,6875.0,6893.75,78,0,0,0,0,0,0,0,,,,,,
2025-08-20 07:24:15,6900.0,6918.75,69,0,0,0,0,0,0,0,,,,,,
2025-08-20 07:24:15,6900.0,6918.75,100,0,0,0,0,0,0,0,,,,,,
2025-08-20 07:24:15,6900.0,6918.75,113,0,0,0,0,0,0,0,,,,,,
2025-08-20 07:24:15,6900.0,6918.75,69,0,0,0,0,0,0,0,,,,,,
2025-08-20 07:24:15,6900.0,6918.75,1594,5,0,0,0,0,0,0,,,,,,
2025-08-20 07:24:15,6925.0,6943.75,561,0,0,0,0,0,0,0,,,,,,
2025-08-20 07:24:15,6950.0,6968.75,282,0,0,0,0,0,0,0,,,,,,
2025-08-20 07:24:15,6975.0,6993.75,165,0,0,0,0,0,0,0,,,,,,
2025-08-20 07:24:15,7000.0,7018.75,524,0,0,0,0,0,0,0,,,,,,
2025-08-20 07:24:15,7000.0,7018.75,1004,0,0,0,0,0,0,0,,,,,,
2025-08-20 07:24:15,7000.0,7018.75,520,0,0,0,0,0,0,0,,,,,,
2025-08-20 07:24:15,7000.0,7018.75,602,60,0,0,0,0,0,0,,,,,,
2025-08-20 07:24:15,7000.0,7018.75,1486,3,0,0,0,0,0,0,,,,,,
2025-08-20 07:24:15,7025.0,7043.75,19,1,1,0,0,0,1,0,,,,,,
2025-08-20 07:24:15,7050.0,7068.75,72,16,0,0,0,0,0,0,,,,,,
2025-08-20 07:24:15,7075.0,7093.75,0,0,0,0,0,0,0,0,,,,,,
2025-08-20 07:24:15,7100.0,7118.75,2,0,0,0,0,0,0,0,,,,,,
2025-08-20 07:24:15,7100.0,7118.75,30,0,0,0,0,0,0,0,,,,,,
2025-08-20 07:24:15,7100.0,7118.75,80,0,0,0,0,0,0,0,,,,,,
2025-08-20 07:24:15,7100.0,7118.75,0,0,0,0,0,0,0,0,,,,,,
2025-08-20 07:24:15,7100.0,7118.75,222,6,0,0,0,0,0,0,,,,,,
2025-08-20 07:24:15,7125.0,7143.75,35,0,0,0,0,0,0,0,,,,,,
2025-08-20 07:24:15,7150.0,7168.75,3,0,0,0,0,0,0,0,,,,,,
2025-08-20 07:24:15,7200.0,7218.75,103,0,0,0,0,0,0,0,,,,,,
2025-08-20 07:24:15,7200.0,7218.75,35,0,0,0,0,0,0,0,,,,,,
2025-08-20 07:24:15,7200.0,7218.75,90,0,0,0,0,0,0,0,,,,,,
2025-08-20 07:24:15,7200.0,7218.75,532,1,0,0,0,0,0,0,,,,,,
2025-08-20 07:24:15,7200.0,7218.75,125,4,0,0,0,0,0,0,,,,,,
2025-08-20 07:24:15,7300.0,7318.75,1670,4,0,0,0,0,0,0,,,,,,
2025-08-20 07:24:15,7400.0,7418.75,40,0,0,0,0,0,0,0,,,,,,
2025-08-20 07:24:15,7400.0,7418.75,56,0,0,0,0,0,0,0,,,,,,
2025-08-20 07:24:15,7400.0,7418.75,194,0,0,0,0,0,0,0,,,,,,
2025-08-20 07:24:15,7400.0,7418.75,6,0,0,0,0,0,0,0,,,,,,
2025-08-20 07:24:15,7400.0,7418.75,107,2,0,0,0,0,0,0,,,,,,
2025-08-20 07:24:15,7500.0,7518.75,2031,0,0,0,0,0,0,0,,,,,,
2025-08-20 07:24:15,7600.0,7618.75,0,0,0,0,0,0,0,0,,,,,,
2025-08-20 07:24:15,7600.0,7618.75,0,0,0,0,0,0,0,0,,,,,,
2025-08-20 07:24:15,7600.0,7618.75,0,1,0,0,0,0,0,0,,,,,,
2025-08-20 07:24:15,7600.0,7618.75,1,0,0,0,0,0,0,0,,,,,,
2025-08-20 07:24:15,7600.0,7618.75,216,0,0,0,0,0,0,0,,,,,,
2025-08-20 07:24:15,7800.0,7818.75,0,0,0,0,0,0,0,0,,,,,,
2025-08-20 07:24:15,7800.0,7818.75,0,0,0,0,0,0,0,0,,,,,,
2025-08-20 07:24:15,7800.0,7818.75,0,0,0,0,0,0,0,0,,,,,,
2025-08-20 07:24:15,7800.0,7818.75,0,0,0,0,0,0,0,0,,,,,,
2025-08-20 07:24:15,7800.0,7818.75,39,0,0,0,0,0,0,0,,,,,,
