timestamp,strikePrice,Theo ES,call_oi_sum,put_oi_sum,call_vol_sum,put_vol_sum,adj_call_vol,adj_put_vol,total_vol_sum,adj_sum,TV_Rank,Call_TV_Rank,Put_TV_Rank,Adj_Rank,Call_Adj_Rank,Put_Adj_Rank
2026-10-01 09:13:44,6150.0,6205.25,4,1188,0,0,0,0,0,0,,,,,,
2026-10-01 09:13:44,6200.0,6255.25,0,2288,0,276,0,0,276,0,,,,,,
2026-10-01 09:13:44,6200.0,6255.25,1,1089,0,40,0,0,40,0,,,,,,
2026-10-01 09:13:44,6200.0,6255.25,0,1142,0,306,0,0,306,0,,,,,,
2026-10-01 09:13:44,6200.0,6255.25,0,301,0,80,0,0,80,0,,,,,,
2026-10-01 09:13:44,6200.0,6255.25,4,391,0,2,0,0,2,0,,,,,,
2026-10-01 09:13:44,6250.0,6305.25,0,162,0,61,0,0,61,0,,,,,,
2026-10-01 09:13:44,6250.0,6305.25,0,1288,0,10,0,0,10,0,,,,,,
2026-10-01 09:13:44,6300.0,6355.25,0,46765,0,0,0,0,0,0,,,,,,
2026-10-01 09:13:44,6300.0,6355.25,1,592,0,13,0,0,13,0,,,,,,
2026-10-01 09:13:44,6300.0,6355.25,0,643,0,10,0,0,10,0,,,,,,
2026-10-01 09:13:44,6300.0,6355.25,0,201,0,1,0,0,1,0,,,,,,
2026-10-01 09:13:44,6300.0,6355.25,0,22697,0,48,0,0,48,0,,,,,,
2026-10-01 09:13:44,6325.0,6380.25,0,970,0,0,0,0,0,0,,,,,,
2026-10-01 09:13:44,6350.0,6405.25,0,203,0,0,0,0,0,0,,,,,,
2026-10-01 09:13:44,6350.0,6405.25,0,3482,1,0,1,0,1,1,,,,,,
2026-10-01 09:13:44,6375.0,6430.25,0,4299,0,10,0,0,10,0,,,,,,
2026-10-01 09:13:44,6400.0,6455.25,0,46603,0,1,0,0,1,0,,,,,,
2026-10-01 09:13:44,6400.0,6455.25,0,2043,0,0,0,0,0,0,,,,,,
2026-10-01 09:13:44,6400.0,6455.25,0,354,0,14,0,0,14,0,,,,,,
2026-10-01 09:13:44,6400.0,6455.25,0,1736,0,2,0,0,2,0,,,,,,
2026-10-01 09:13:44,6400.0,6455.25,0,11363,0,29,0,0,29,0,,,,,,
2026-10-01 09:13:44,6425.0,6480.25,0,106,0,0,0,0,0,0,,,,,,
2026-10-01 09:13:44,6450.0,6505.25,1,1137,0,40,0,0,40,0,,,,,,
2026-10-01 09:13:44,6475.0,6530.25,0,190,0,0,0,0,0,0,,,,,,
2026-10-01 09:13:44,6500.0,6555.25,0,569,0,20,0,0,20,0,,,,,,
2026-10-01 09:13:44,6500.0,6555.25,2,314,0,269,0,0,269,0,,,,,,
2026-10-01 09:13:44,6500.0,6555.25,0,116,0,20,0,0,20,0,,,,,,
2026-10-01 09:13:44,6500.0,6555.25,0,420,0,40,0,0,40,0,,,,,,
2026-10-01 09:13:44,6500.0,6555.25,0,1293,0,148,0,0,148,0,,,,,,
2026-10-01 09:13:44,6525.0,6580.25,0,476,0,13,0,0,13,0,,,,,,
2026-10-01 09:13:44,6525.0,6580.25,0,65,0,55,0,0,55,0,,,,,,
2026-10-01 09:13:44,6525.0,6580.25,0,11,0,0,0,0,0,0,,,,,,
2026-10-01 09:13:44,6525.0,6580.25,0,7,0,0,0,0,0,0,,,,,,
2026-10-01 09:13:44,6525.0,6580.25,0,71,0,0,0,0,0,0,,,,,,
2026-10-01 09:13:44,6550.0,6605.25,0,76,0,80,0,4,80,4,,,,,,
2026-10-01 09:13:44,6550.0,6605.25,0,10,0,0,0,0,0,0,,,,,,
2026-10-01 09:13:44,6550.0,6605.25,0,60,0,2,0,0,2,0,,,,,,
2026-10-01 09:13:44,6550.0,6605.25,0,17,0,0,0,0,0,0,,,,,,
2026-10-01 09:13:44,6550.0,6605.25,52,498,0,16,0,0,16,0,,,,,,
2026-10-01 09:13:44,6575.0,6630.25,0,78,0,0,0,0,0,0,,,,,,
2026-10-01 09:13:44,6575.0,6630.25,0,51,0,0,0,0,0,0,,,,,,
2026-10-01 09:13:44,6575.0,6630.25,0,23,0,0,0,0,0,0,,,,,,
2026-10-01 09:13:44,6575.0,6630.25,1,18,0,12,0,0,12,0,,,,,,
2026-10-01 09:13:44,6575.0,6630.25,1,188,0,20,0,0,20,0,,,,,,
2026-10-01 09:13:44,6600.0,6655.25,10,3440,0,70,0,0,70,0,,,,,,
2026-10-01 09:13:44,6600.0,6655.25,0,503,0,20,0,0,20,0,,,,,,
2026-10-01 09:13:44,6600.0,6655.25,0,98,0,20,0,0,20,0,,,,,,
2026-10-01 09:13:44,6600.0,6655.25,0,663,0,0,0,0,0,0,,,,,,
2026-10-01 09:13:44,6600.0,6655.25,0,2340,0,337,0,0,337,0,,,,,,
2026-10-01 09:13:44,6625.0,6680.25,10,113,0,0,0,0,0,0,,,,,,
2026-10-01 09:13:44,6625.0,6680.25,0,72,0,1,0,0,1,0,,,,,,
2026-10-01 09:13:44,6625.0,6680.25,1,11,0,0,0,0,0,0,,,,,,
2026-10-01 09:13:44,6625.0,6680.25,0,638,0,0,0,0,0,0,,,,,,
2026-10-01 09:13:44,6625.0,6680.25,0,174,0,105,0,0,105,0,,,,,,
2026-10-01 09:13:44,6650.0,6705.25,1,247,0,0,0,0,0,0,,,,,,
2026-10-01 09:13:44,6650.0,6705.25,0,43,0,0,0,0,0,0,,,,,,
2026-10-01 09:13:44,6650.0,6705.25,0,39,0,0,0,0,0,0,,,,,,
2026-10-01 09:13:44,6650.0,6705.25,0,72,0,0,0,0,0,0,,,,,,
2026-10-01 09:13:44,6650.0,6705.25,0,807,0,20,0,0,20,0,,,,,,
2026-10-01 09:13:44,6675.0,6730.25,0,171,0,0,0,0,0,0,,,,,,
2026-10-01 09:13:44,6675.0,6730.25,0,525,0,0,0,0,0,0,,,,,,
2026-10-01 09:13:44,6675.0,6730.25,0,73,0,0,0,0,0,0,,,,,,
2026-10-01 09:13:44,6675.0,6730.25,0,14,0,0,0,0,0,0,,,,,,
2026-10-01 09:13:44,6675.0,6730.25,0,800,0,0,0,0,0,0,,,,,,
2026-10-01 09:13:44,6700.0,6755.25,0,1093,0,157,0,0,157,0,,,,,,
2026-10-01 09:13:44,6700.0,6755.25,0,464,0,280,0,0,280,0,,,,,,
2026-10-01 09:13:44,6700.0,6755.25,0,5129,0,130,0,0,130,0,,,,,,
2026-10-01 09:13:44,6700.0,6755.25,1,1115,0,15,0,0,15,0,,,,,,
2026-10-01 09:13:44,6700.0,6755.25,4,2410,0,13,0,0,13,0,,,,,,
2026-10-01 09:13:44,6725.0,6780.25,0,387,0,0,0,0,0,0,,,,,,
2026-10-01 09:13:44,6725.0,6780.25,0,44,0,0,0,0,0,0,,,,,,
2026-10-01 09:13:44,6725.0,6780.25,0,24,0,0,0,0,0,0,,,,,,
2026-10-01 09:13:44,6725.0,6780.25,0,57,0,0,0,0,0,0,,,,,,
2026-10-01 09:13:44,6725.0,6780.25,6,173,0,40,0,0,40,0,,,,,,
2026-10-01 09:13:44,6750.0,6805.25,0,399,0,34,0,0,34,0,,,,,,
2026-10-01 09:13:44,6750.0,6805.25,0,67,0,0,0,0,0,0,,,,,,
2026-10-01 09:13:44,6750.0,6805.25,0,69,0,0,0,0,0,0,,,,,,
2026-10-01 09:13:44,6750.0,6805.25,0,131,0,2,0,0,2,0,,,,,,
2026-10-01 09:13:44,6750.0,6805.25,0,1046,0,83,0,0,83,0,,,,,,
2026-10-01 09:13:44,6775.0,6830.25,0,95,0,2,0,0,2,0,,,,,,
2026-10-01 09:13:44,6775.0,6830.25,0,9,0,8,0,0,8,0,,,,,,
2026-10-01 09:13:44,6775.0,6830.25,0,77,0,20,0,0,20,0,,,,,,
2026-10-01 09:13:44,6775.0,6830.25,0,630,0,0,0,0,0,0,,,,,,
2026-10-01 09:13:44,6775.0,6830.25,4,398,0,1,0,0,1,0,,,,,,
2026-10-01 09:13:44,6800.0,6855.25,0,1011,0,77,0,0,77,0,,,,,,
2026-10-01 09:13:44,6800.0,6855.25,0,193,0,150,0,0,150,0,,,,,,
2026-10-01 09:13:44,6800.0,6855.25,0,338,0,0,0,0,0,0,,,,,,
2026-10-01 09:13:44,6800.0,6855.25,0,112,0,0,0,0,0,0,,,,,,
2026-10-01 09:13:44,6800.0,6855.25,0,13673,0,37,0,0,37,0,,,,,,
2026-10-01 09:13:44,6825.0,6880.25,0,76,0,0,0,0,0,0,,,,,,
2026-10-01 09:13:44,6825.0,6880.25,0,10,0,1,0,0,1,0,,,,,,
2026-10-01 09:13:44,6825.0,6880.25,0,139,0,0,0,0,0,0,,,,,,
2026-10-01 09:13:44,6825.0,6880.25,0,24,0,120,0,96,120,96,,,,,,
2026-10-01 09:13:44,6825.0,6880.25,0,443,0,7,0,0,7,0,,,,,,
2026-10-01 09:13:44,6850.0,6905.25,1,292,0,5,0,0,5,0,,,,,,
2026-10-01 09:13:44,6850.0,6905.25,0,124,0,16,0,0,16,0,,,,,,
2026-10-01 09:13:44,6850.0,6905.25,0,253,0,4,0,0,4,0,,,,,,
2026-10-01 09:13:44,6850.0,6905.25,0,233,0,0,0,0,0,0,,,,,,
2026-10-01 09:13:44,6850.0,6905.25,75,696,0,20,0,0,20,0,,,,,,
2026-10-01 09:13:44,6875.0,6930.25,0,57,0,10,0,0,10,0,,,,,,
2026-10-01 09:13:44,6875.0,6930.25,0,339,0,0,0,0,0,0,,,,,,
2026-10-01 09:13:44,6875.0,6930.25,0,113,0,5,0,0,5,0,,,,,,
2026-10-01 09:13:44,6875.0,6930.25,0,287,0,0,0,0,0,0,,,,,,
2026-10-01 09:13:44,6875.0,6930.25,1,376,0,33,0,0,33,0,,,,,,
2026-10-01 09:13:44,6900.0,6955.25,20,482,0,30,0,0,30,0,,,,,,
2026-10-01 09:13:44,6900.0,6955.25,10,211,0,33,0,0,33,0,,,,,,
2026-10-01 09:13:44,6900.0,6955.25,0,356,0,4,0,0,4,0,,,,,,
2026-10-01 09:13:44,6900.0,6955.25,10,696,0,5,0,0,5,0,,,,,,
2026-10-01 09:13:44,6900.0,6955.25,2,793,0,52,0,0,52,0,,,,,,
2026-10-01 09:13:44,6910.0,6965.25,0,1,0,20,0,19,20,19,,,,,,
2026-10-01 09:13:44,6920.0,6975.25,2,3,0,0,0,0,0,0,,,,,,
2026-10-01 09:13:44,6925.0,6980.25,0,49,0,0,0,0,0,0,,,,,,
2026-10-01 09:13:44,6925.0,6980.25,0,68,0,0,0,0,0,0,,,,,,
2026-10-01 09:13:44,6925.0,6980.25,0,224,0,0,0,0,0,0,,,,,,
2026-10-01 09:13:44,6925.0,6980.25,0,214,0,5,0,0,5,0,,,,,,
2026-10-01 09:13:44,6925.0,6980.25,0,860,0,0,0,0,0,0,,,,,,
2026-10-01 09:13:44,6930.0,6985.25,1,0,0,0,0,0,0,0,,,,,,
2026-10-01 09:13:44,6940.0,6995.25,27,0,0,0,0,0,0,0,,,,,,
2026-10-01 09:13:44,6950.0,7005.25,0,92,0,1,0,0,1,0,,,,,,
2026-10-01 09:13:44,6950.0,7005.25,1,160,0,11,0,0,11,0,,,,,,
2026-10-01 09:13:44,6950.0,7005.25,0,203,0,13,0,0,13,0,,,,,,
2026-10-01 09:13:44,6950.0,7005.25,1,41,0,3,0,0,3,0,,,,,,
2026-10-01 09:13:44,6950.0,7005.25,3,384,0,25,0,0,25,0,,,,,,
2026-10-01 09:13:44,6960.0,7015.25,0,33,0,15,0,0,15,0,,,,,,
2026-10-01 09:13:44,6970.0,7025.25,0,7,0,0,0,0,0,0,,,,,,
2026-10-01 09:13:44,6975.0,7030.25,0,79,0,0,0,0,0,0,,,,,,
2026-10-01 09:13:44,6975.0,7030.25,0,15,0,0,0,0,0,0,,,,,,
2026-10-01 09:13:44,6975.0,7030.25,0,64,0,14,0,0,14,0,,,,,,
2026-10-01 09:13:44,6975.0,7030.25,15,45,5,81,0,36,86,36,,,,,,
2026-10-01 09:13:44,6975.0,7030.25,0,189,0,7,0,0,7,0,,,,,,
2026-10-01 09:13:44,6980.0,7035.25,0,6,0,0,0,0,0,0,,,,,,
2026-10-01 09:13:44,6990.0,7045.25,0,12,0,5,0,0,5,0,,,,,,
2026-10-01 09:13:44,7000.0,7055.25,25,1349,0,55,0,0,55,0,,,,,,
2026-10-01 09:13:44,7000.0,7055.25,10,108,0,21,0,0,21,0,,,,,,
2026-10-01 09:13:44,7000.0,7055.25,0,1048,0,2,0,0,2,0,,,,,,
2026-10-01 09:13:44,7000.0,7055.25,15,690,5,41,0,0,46,0,,,,,,
2026-10-01 09:13:44,7000.0,7055.25,834,2777,0,262,0,0,262,0,,,,,,
2026-10-01 09:13:44,7010.0,7065.25,0,2,0,0,0,0,0,0,,,,,,
2026-10-01 09:13:44,7020.0,7075.25,0,7,0,0,0,0,0,0,,,,,,
2026-10-01 09:13:44,7025.0,7080.25,0,766,0,0,0,0,0,0,,,,,,
2026-10-01 09:13:44,7025.0,7080.25,0,316,0,1,0,0,1,0,,,,,,
2026-10-01 09:13:44,7025.0,7080.25,0,402,0,0,0,0,0,0,,,,,,
2026-10-01 09:13:44,7025.0,7080.25,1,336,0,0,0,0,0,0,,,,,,
2026-10-01 09:13:44,7025.0,7080.25,1,270,0,15,0,0,15,0,,,,,,
2026-10-01 09:13:44,7030.0,7085.25,125,16,0,0,0,0,0,0,,,,,,
2026-10-01 09:13:44,7040.0,7095.25,0,7,0,0,0,0,0,0,,,,,,
2026-10-01 09:13:44,7050.0,7105.25,13,754,0,9,0,0,9,0,,,,,,
2026-10-01 09:13:44,7050.0,7105.25,7,176,0,3,0,0,3,0,,,,,,
2026-10-01 09:13:44,7050.0,7105.25,0,205,0,13,0,0,13,0,,,,,,
2026-10-01 09:13:44,7050.0,7105.25,0,251,0,30,0,0,30,0,,,,,,
2026-10-01 09:13:44,7050.0,7105.25,1,1105,0,24,0,0,24,0,,,,,,
2026-10-01 09:13:44,7060.0,7115.25,0,2,0,8,0,6,8,6,,,,,,
2026-10-01 09:13:44,7060.0,7115.25,0,17,0,0,0,0,0,0,,,,,,
2026-10-01 09:13:44,7060.0,7115.25,0,0,0,0,0,0,0,0,,,,,,
2026-10-01 09:13:44,7060.0,7115.25,45,18,0,0,0,0,0,0,,,,,,
2026-10-01 09:13:44,7070.0,7125.25,0,11,0,0,0,0,0,0,,,,,,
2026-10-01 09:13:44,7070.0,7125.25,0,1,0,0,0,0,0,0,,,,,,
2026-10-01 09:13:44,7070.0,7125.25,0,0,0,0,0,0,0,0,,,,,,
2026-10-01 09:13:44,7070.0,7125.25,0,4,0,0,0,0,0,0,,,,,,
2026-10-01 09:13:44,7075.0,7130.25,0,341,0,1,0,0,1,0,,,,,,
2026-10-01 09:13:44,7075.0,7130.25,0,451,0,0,0,0,0,0,,,,,,
2026-10-01 09:13:44,7075.0,7130.25,10,603,0,12,0,0,12,0,,,,,,
2026-10-01 09:13:44,7075.0,7130.25,86,884,0,1,0,0,1,0,,,,,,
2026-10-01 09:13:44,7075.0,7130.25,0,147,0,10,0,0,10,0,,,,,,
2026-10-01 09:13:44,7080.0,7135.25,0,12,0,8,0,0,8,0,,,,,,
2026-10-01 09:13:44,7080.0,7135.25,0,1,0,0,0,0,0,0,,,,,,
2026-10-01 09:13:44,7080.0,7135.25,0,0,0,0,0,0,0,0,,,,,,
2026-10-01 09:13:44,7080.0,7135.25,0,10,0,1,0,0,1,0,,,,,,
2026-10-01 09:13:44,7090.0,7145.25,0,70,0,300,0,230,300,230,,,,,,
2026-10-01 09:13:44,7090.0,7145.25,0,8,2,0,2,0,2,2,,,,,,
2026-10-01 09:13:44,7090.0,7145.25,0,0,0,1,0,1,1,1,,,,,,
2026-10-01 09:13:44,7090.0,7145.25,0,1088,0,11,0,0,11,0,,,,,,
2026-10-01 09:13:44,7100.0,7155.25,1,1242,0,191,0,0,191,0,,,,,,
2026-10-01 09:13:44,7100.0,7155.25,7,511,0,4,0,0,4,0,,,,,,
2026-10-01 09:13:44,7100.0,7155.25,10,326,0,14,0,0,14,0,,,,,,
2026-10-01 09:13:44,7100.0,7155.25,86,85,0,134,0,49,134,49,,,,,,
2026-10-01 09:13:44,7100.0,7155.25,0,3119,0,49,0,0,49,0,,,,,,
2026-10-01 09:13:44,7110.0,7165.25,0,10,0,3,0,0,3,0,,,,,,
2026-10-01 09:13:44,7110.0,7165.25,0,0,0,0,0,0,0,0,,,,,,
2026-10-01 09:13:44,7110.0,7165.25,0,0,0,0,0,0,0,0,,,,,,
2026-10-01 09:13:44,7110.0,7165.25,0,29,0,0,0,0,0,0,,,,,,
2026-10-01 09:13:44,7120.0,7175.25,0,34,0,9,0,0,9,0,,,,,,
2026-10-01 09:13:44,7120.0,7175.25,0,1,0,0,0,0,0,0,,,,,,
2026-10-01 09:13:44,7120.0,7175.25,0,0,0,0,0,0,0,0,,,,,,
2026-10-01 09:13:44,7120.0,7175.25,0,17,0,0,0,0,0,0,,,,,,
2026-10-01 09:13:44,7125.0,7180.25,0,478,0,3,0,0,3,0,,,,,,
2026-10-01 09:13:44,7125.0,7180.25,0,288,0,0,0,0,0,0,,,,,,
2026-10-01 09:13:44,7125.0,7180.25,20,189,0,2,0,0,2,0,,,,,,
2026-10-01 09:13:44,7125.0,7180.25,44,105,0,149,0,44,149,44,,,,,,
2026-10-01 09:13:44,7125.0,7180.25,10,392,0,53,0,0,53,0,,,,,,
2026-10-01 09:13:44,7130.0,7185.25,0,3,0,30,0,27,30,27,,,,,,
2026-10-01 09:13:44,7130.0,7185.25,0,1,0,8,0,7,8,7,,,,,,
2026-10-01 09:13:44,7130.0,7185.25,0,0,0,0,0,0,0,0,,,,,,
2026-10-01 09:13:44,7130.0,7185.25,0,166,0,10,0,0,10,0,,,,,,
2026-10-01 09:13:44,7140.0,7195.25,0,2,0,0,0,0,0,0,,,,,,
2026-10-01 09:13:44,7140.0,7195.25,0,0,0,0,0,0,0,0,,,,,,
2026-10-01 09:13:44,7140.0,7195.25,0,0,0,0,0,0,0,0,,,,,,
2026-10-01 09:13:44,7140.0,7195.25,3,35,0,57,0,22,57,22,,,,,,
2026-10-01 09:13:44,7150.0,7205.25,4,627,0,756,0,129,756,129,,,,,,
2026-10-01 09:13:44,7150.0,7205.25,0,318,0,4,0,0,4,0,,,,,,
2026-10-01 09:13:44,7150.0,7205.25,20,487,0,18,0,0,18,0,,,,,,
2026-10-01 09:13:44,7150.0,7205.25,4,658,0,7,0,0,7,0,,,,,,
2026-10-01 09:13:44,7150.0,7205.25,7,496,0,29,0,0,29,0,,,,,,
2026-10-01 09:13:44,7160.0,7215.25,0,3,0,8,0,5,8,5,,,,,,
2026-10-01 09:13:44,7160.0,7215.25,0,2,0,0,0,0,0,0,,,,,,
2026-10-01 09:13:44,7160.0,7215.25,0,0,0,0,0,0,0,0,,,,,,
2026-10-01 09:13:44,7160.0,7215.25,10,30,0,0,0,0,0,0,,,,,,
2026-10-01 09:13:44,7170.0,7225.25,0,21,0,0,0,0,0,0,,,,,,
2026-10-01 09:13:44,7170.0,7225.25,0,1,0,0,0,0,0,0,,,,,,
2026-10-01 09:13:44,7170.0,7225.25,0,0,0,0,0,0,0,0,,,,,,
2026-10-01 09:13:44,7170.0,7225.25,1,43,0,1,0,0,1,0,,,,,,
2026-10-01 09:13:44,7175.0,7230.25,0,217,0,22,0,0,22,0,,,,,,
2026-10-01 09:13:44,7175.0,7230.25,0,81,0,47,0,0,47,0,,,,,,
2026-10-01 09:13:44,7175.0,7230.25,1,284,0,1,0,0,1,0,,,,,,
2026-10-01 09:13:44,7175.0,7230.25,0,262,0,11,0,0,11,0,,,,,,
2026-10-01 09:13:44,7175.0,7230.25,0,248,0,14,0,0,14,0,,,,,,
2026-10-01 09:13:44,7180.0,7235.25,0,39,0,113,0,74,113,74,,,,,,
2026-10-01 09:13:44,7180.0,7235.25,0,39,0,0,0,0,0,0,,,,,,
2026-10-01 09:13:44,7180.0,7235.25,0,41,0,13,0,0,13,0,,,,,,
2026-10-01 09:13:44,7180.0,7235.25,275,84,0,4,0,0,4,0,,,,,,
2026-10-01 09:13:44,7190.0,7245.25,0,51,0,6,0,0,6,0,,,,,,
2026-10-01 09:13:44,7190.0,7245.25,0,15,0,2,0,0,2,0,,,,,,
2026-10-01 09:13:44,7190.0,7245.25,0,20,0,3,0,0,3,0,,,,,,
2026-10-01 09:13:44,7190.0,7245.25,10,144,0,7,0,0,7,0,,,,,,
2026-10-01 09:13:44,7200.0,7255.25,3,1247,0,128,0,0,128,0,,,,,,
2026-10-01 09:13:44,7200.0,7255.25,3,3220,2,11,0,0,13,0,,,,,,
2026-10-01 09:13:44,7200.0,7255.25,0,626,0,5,0,0,5,0,,,,,,
2026-10-01 09:13:44,7200.0,7255.25,20,118,0,88,0,0,88,0,,,,,,
2026-10-01 09:13:44,7200.0,7255.25,52,4718,25,114,0,0,139,0,,,,,,
2026-10-01 09:13:44,7210.0,7265.25,0,244,0,11,0,0,11,0,,,,,,
2026-10-01 09:13:44,7210.0,7265.25,0,25,0,9,0,0,9,0,,,,,,
2026-10-01 09:13:44,7210.0,7265.25,0,17,0,1,0,0,1,0,,,,,,
2026-10-01 09:13:44,7210.0,7265.25,0,0,0,1,0,1,1,1,,,,,,
2026-10-01 09:13:44,7210.0,7265.25,0,89,0,2,0,0,2,0,,,,,,
2026-10-01 09:13:44,7215.0,7270.25,0,0,0,6,0,6,6,6,,,,,,
2026-10-01 09:13:44,7215.0,7270.25,0,0,0,2,0,2,2,2,,,,,,
2026-10-01 09:13:44,7215.0,7270.25,0,0,0,1,0,1,1,1,,,,,,
2026-10-01 09:13:44,7220.0,7275.25,0,24,0,6,0,0,6,0,,,,,,
2026-10-01 09:13:44,7220.0,7275.25,0,198,0,0,0,0,0,0,,,,,,
2026-10-01 09:13:44,7220.0,7275.25,0,24,0,3,0,0,3,0,,,,,,
2026-10-01 09:13:44,7220.0,7275.25,0,29,0,3,0,0,3,0,,,,,,
2026-10-01 09:13:44,7220.0,7275.25,1,223,0,1,0,0,1,0,,,,,,
2026-10-01 09:13:44,7225.0,7280.25,0,437,0,35,0,0,35,0,,,,,,
2026-10-01 09:13:44,7225.0,7280.25,0,154,0,1,0,0,1,0,,,,,,
2026-10-01 09:13:44,7225.0,7280.25,0,49,0,1,0,0,1,0,,,,,,
2026-10-01 09:13:44,7225.0,7280.25,0,678,0,38,0,0,38,0,,,,,,
2026-10-01 09:13:44,7225.0,7280.25,10,680,0,28,0,0,28,0,,,,,,
2026-10-01 09:13:44,7230.0,7285.25,0,66,0,3,0,0,3,0,,,,,,
2026-10-01 09:13:44,7230.0,7285.25,0,43,0,14,0,0,14,0,,,,,,
2026-10-01 09:13:44,7230.0,7285.25,0,18,0,3,0,0,3,0,,,,,,
2026-10-01 09:13:44,7230.0,7285.25,0,0,0,24,0,24,24,24,,,,,,
2026-10-01 09:13:44,7230.0,7285.25,1,142,0,42,0,0,42,0,,,,,,
2026-10-01 09:13:44,7235.0,7290.25,0,8,0,3,0,0,3,0,,,,,,
2026-10-01 09:13:44,7235.0,7290.25,0,5,0,9,0,4,9,4,,,,,,
2026-10-01 09:13:44,7235.0,7290.25,0,0,0,0,0,0,0,0,,,,,,
2026-10-01 09:13:44,7240.0,7295.25,0,44,0,3,0,0,3,0,,,,,,
2026-10-01 09:13:44,7240.0,7295.25,0,299,0,0,0,0,0,0,,,,,,
2026-10-01 09:13:44,7240.0,7295.25,0,70,0,1,0,0,1,0,,,,,,
2026-10-01 09:13:44,7240.0,7295.25,0,0,0,23,0,23,23,23,,,,,,
2026-10-01 09:13:44,7240.0,7295.25,0,545,0,8,0,0,8,0,,,,,,
2026-10-01 09:13:44,7245.0,7300.25,0,5,0,11,0,6,11,6,,,,,,
2026-10-01 09:13:44,7245.0,7300.25,0,5,0,0,0,0,0,0,,,,,,
2026-10-01 09:13:44,7245.0,7300.25,0,0,0,0,0,0,0,0,,,,,,
2026-10-01 09:13:44,7250.0,7305.25,0,656,0,10,0,0,10,0,,,,,,
2026-10-01 09:13:44,7250.0,7305.25,12,177,0,6,0,0,6,0,,,,,,
2026-10-01 09:13:44,7250.0,7305.25,0,346,0,14,0,0,14,0,,,,,,
2026-10-01 09:13:44,7250.0,7305.25,20,173,0,122,0,0,122,0,,,,,,
2026-10-01 09:13:44,7250.0,7305.25,25,633,0,75,0,0,75,0,,,,,,
2026-10-01 09:13:44,7255.0,7310.25,0,5,0,13,0,8,13,8,,,,,,
2026-10-01 09:13:44,7255.0,7310.25,0,4,0,0,0,0,0,0,,,,,,
2026-10-01 09:13:44,7255.0,7310.25,0,0,0,0,0,0,0,0,,,,,,
2026-10-01 09:13:44,7260.0,7315.25,0,153,0,3,0,0,3,0,,,,,,
2026-10-01 09:13:44,7260.0,7315.25,0,18,0,6,0,0,6,0,,,,,,
2026-10-01 09:13:44,7260.0,7315.25,1,25,0,78,0,53,78,53,,,,,,
2026-10-01 09:13:44,7260.0,7315.25,0,215,0,2,0,0,2,0,,,,,,
2026-10-01 09:13:44,7260.0,7315.25,1,309,0,11,0,0,11,0,,,,,,
2026-10-01 09:13:44,7265.0,7320.25,0,18,0,3,0,0,3,0,,,,,,
2026-10-01 09:13:44,7265.0,7320.25,0,1,0,1,0,0,1,0,,,,,,
2026-10-01 09:13:44,7265.0,7320.25,0,0,0,20,0,20,20,20,,,,,,
2026-10-01 09:13:44,7270.0,7325.25,1,36,0,3,0,0,3,0,,,,,,
2026-10-01 09:13:44,7270.0,7325.25,0,34,0,23,0,0,23,0,,,,,,
2026-10-01 09:13:44,7270.0,7325.25,0,197,0,14,0,0,14,0,,,,,,
2026-10-01 09:13:44,7270.0,7325.25,0,25,0,1,0,0,1,0,,,,,,
2026-10-01 09:13:44,7270.0,7325.25,1,247,0,8,0,0,8,0,,,,,,
2026-10-01 09:13:44,7275.0,7330.25,0,155,0,41,0,0,41,0,,,,,,
2026-10-01 09:13:44,7275.0,7330.25,0,110,0,54,0,0,54,0,,,,,,
2026-10-01 09:13:44,7275.0,7330.25,0,275,0,1,0,0,1,0,,,,,,
2026-10-01 09:13:44,7275.0,7330.25,0,140,0,202,0,62,202,62,,,,,,
2026-10-01 09:13:44,7275.0,7330.25,0,1231,0,93,0,0,93,0,,,,,,
2026-10-01 09:13:44,7280.0,7335.25,0,57,0,3,0,0,3,0,,,,,,
2026-10-01 09:13:44,7280.0,7335.25,0,83,0,2,0,0,2,0,,,,,,
2026-10-01 09:13:44,7280.0,7335.25,0,80,0,5,0,0,5,0,,,,,,
2026-10-01 09:13:44,7280.0,7335.25,0,39,0,39,0,0,39,0,,,,,,
2026-10-01 09:13:44,7280.0,7335.25,0,162,0,35,0,0,35,0,,,,,,
2026-10-01 09:13:44,7285.0,7340.25,0,36,0,4,0,0,4,0,,,,,,
2026-10-01 09:13:44,7285.0,7340.25,0,1,0,13,0,12,13,12,,,,,,
2026-10-01 09:13:44,7285.0,7340.25,0,0,0,0,0,0,0,0,,,,,,
2026-10-01 09:13:44,7290.0,7345.25,0,3177,0,23,0,0,23,0,,,,,,
2026-10-01 09:13:44,7290.0,7345.25,1,62,0,8,0,0,8,0,,,,,,
2026-10-01 09:13:44,7290.0,7345.25,0,109,0,1,0,0,1,0,,,,,,
2026-10-01 09:13:44,7290.0,7345.25,0,58,0,85,0,27,85,27,,,,,,
2026-10-01 09:13:44,7290.0,7345.25,4,274,0,33,0,0,33,0,,,,,,
2026-10-01 09:13:44,7295.0,7350.25,0,12,0,8,0,0,8,0,,,,,,
2026-10-01 09:13:44,7295.0,7350.25,0,2,0,8,0,6,8,6,,,,,,
2026-10-01 09:13:44,7295.0,7350.25,0,0,0,0,0,0,0,0,,,,,,
2026-10-01 09:13:44,7300.0,7355.25,1,998,8,203,7,0,211,7,,,,,,
2026-10-01 09:13:44,7300.0,7355.25,3,1293,0,8,0,0,8,0,,,,,,
2026-10-01 09:13:44,7300.0,7355.25,1,968,4,15,3,0,19,3,,,,,,
2026-10-01 09:13:44,7300.0,7355.25,0,246,0,211,0,0,211,0,,,,,,
2026-10-01 09:13:44,7300.0,7355.25,13,1233,3,928,0,0,931,0,,,,,,
2026-10-01 09:13:44,7305.0,7360.25,0,16,8,21,8,5,29,13,,,,,,
2026-10-01 09:13:44,7305.0,7360.25,0,1,0,6,0,5,6,5,,,,,,
2026-10-01 09:13:44,7305.0,7360.25,0,0,4,0,4,0,4,4,,,,,,
2026-10-01 09:13:44,7310.0,7365.25,1,141,0,14,0,0,14,0,,,,,,
2026-10-01 09:13:44,7310.0,7365.25,1,70,0,3,0,0,3,0,,,,,,
2026-10-01 09:13:44,7310.0,7365.25,0,85,0,1,0,0,1,0,,,,,,
2026-10-01 09:13:44,7310.0,7365.25,0,6,0,43,0,37,43,37,,,,,,
2026-10-01 09:13:44,7310.0,7365.25,1,1831,0,31,0,0,31,0,,,,,,
2026-10-01 09:13:44,7315.0,7370.25,0,2,0,6,0,4,6,4,,,,,,
2026-10-01 09:13:44,7315.0,7370.25,0,4,0,0,0,0,0,0,,,,,,
2026-10-01 09:13:44,7315.0,7370.25,0,0,0,18,0,18,18,18,,,,,,
2026-10-01 09:13:44,7320.0,7375.25,1,142,0,14,0,0,14,0,,,,,,
2026-10-01 09:13:44,7320.0,7375.25,0,103,0,25,0,0,25,0,,,,,,
2026-10-01 09:13:44,7320.0,7375.25,0,65,0,29,0,0,29,0,,,,,,
2026-10-01 09:13:44,7320.0,7375.25,0,255,0,14,0,0,14,0,,,,,,
2026-10-01 09:13:44,7320.0,7375.25,13,145,0,70,0,0,70,0,,,,,,
2026-10-01 09:13:44,7325.0,7380.25,2,702,0,160,0,0,160,0,,,,,,
2026-10-01 09:13:44,7325.0,7380.25,0,331,0,9,0,0,9,0,,,,,,
2026-10-01 09:13:44,7325.0,7380.25,0,338,0,92,0,0,92,0,,,,,,
2026-10-01 09:13:44,7325.0,7380.25,0,87,0,94,0,7,94,7,,,,,,
2026-10-01 09:13:44,7325.0,7380.25,52,776,50,148,0,0,198,0,,,,,,
2026-10-01 09:13:44,7330.0,7385.25,0,472,0,13,0,0,13,0,,,,,,
2026-10-01 09:13:44,7330.0,7385.25,0,121,0,15,0,0,15,0,,,,,,
2026-10-01 09:13:44,7330.0,7385.25,0,171,0,4,0,0,4,0,,,,,,
2026-10-01 09:13:44,7330.0,7385.25,0,32,1,58,1,26,59,27,,,,,,
2026-10-01 09:13:44,7330.0,7385.25,3,431,0,33,0,0,33,0,,,,,,
2026-10-01 09:13:44,7335.0,7390.25,0,18,0,16,0,0,16,0,,,,,,
2026-10-01 09:13:44,7335.0,7390.25,0,1,0,31,0,30,31,30,,,,,,
2026-10-01 09:13:44,7335.0,7390.25,0,0,0,2,0,2,2,2,,,,,,
2026-10-01 09:13:44,7340.0,7395.25,0,169,0,13,0,0,13,0,,,,,,
2026-10-01 09:13:44,7340.0,7395.25,0,29,0,6,0,0,6,0,,,,,,
2026-10-01 09:13:44,7340.0,7395.25,0,169,0,8,0,0,8,0,,,,,,
2026-10-01 09:13:44,7340.0,7395.25,0,14,0,4,0,0,4,0,,,,,,
2026-10-01 09:13:44,7340.0,7395.25,125,116,0,147,0,31,147,31,,,,,,
2026-10-01 09:13:44,7345.0,7400.25,0,5,0,11,0,6,11,6,,,,,,
2026-10-01 09:13:44,7345.0,7400.25,0,4,0,11,0,7,11,7,,,,,,
2026-10-01 09:13:44,7345.0,7400.25,0,0,0,10,0,10,10,10,,,,,,
2026-10-01 09:13:44,7350.0,7405.25,3,397,0,72,0,0,72,0,,,,,,
2026-10-01 09:13:44,7350.0,7405.25,0,272,0,68,0,0,68,0,,,,,,
2026-10-01 09:13:44,7350.0,7405.25,1,560,0,616,0,56,616,56,,,,,,
2026-10-01 09:13:44,7350.0,7405.25,1,171,0,123,0,0,123,0,,,,,,
2026-10-01 09:13:44,7350.0,7405.25,26,2256,0,173,0,0,173,0,,,,,,
2026-10-01 09:13:44,7355.0,7410.25,0,18,0,5,0,0,5,0,,,,,,
2026-10-01 09:13:44,7355.0,7410.25,2,4,0,31,0,27,31,27,,,,,,
2026-10-01 09:13:44,7355.0,7410.25,0,0,0,29,0,29,29,29,,,,,,
2026-10-01 09:13:44,7360.0,7415.25,1,228,1,15,0,0,16,0,,,,,,
2026-10-01 09:13:44,7360.0,7415.25,0,34,2,6,2,0,8,2,,,,,,
2026-10-01 09:13:44,7360.0,7415.25,0,358,1,70,1,0,71,1,,,,,,
2026-10-01 09:13:44,7360.0,7415.25,0,23,0,91,0,68,91,68,,,,,,
2026-10-01 09:13:44,7360.0,7415.25,0,389,0,49,0,0,49,0,,,,,,
2026-10-01 09:13:44,7365.0,7420.25,0,237,0,288,0,51,288,51,,,,,,
2026-10-01 09:13:44,7365.0,7420.25,0,21,0,0,0,0,0,0,,,,,,
2026-10-01 09:13:44,7365.0,7420.25,0,7,0,9,0,2,9,2,,,,,,
2026-10-01 09:13:44,7365.0,7420.25,0,0,0,58,0,58,58,58,,,,,,
2026-10-01 09:13:44,7365.0,7420.25,4,17,0,37,0,20,37,20,,,,,,
2026-10-01 09:13:44,7370.0,7425.25,0,224,0,27,0,0,27,0,,,,,,
2026-10-01 09:13:44,7370.0,7425.25,0,164,0,9,0,0,9,0,,,,,,
2026-10-01 09:13:44,7370.0,7425.25,1,141,0,31,0,0,31,0,,,,,,
2026-10-01 09:13:44,7370.0,7425.25,1,23,0,215,0,192,215,192,,,,,,
2026-10-01 09:13:44,7370.0,7425.25,46,362,0,110,0,0,110,0,,,,,,
2026-10-01 09:13:44,7375.0,7430.25,0,2037,0,157,0,0,157,0,,,,,,
2026-10-01 09:13:44,7375.0,7430.25,24,714,0,75,0,0,75,0,,,,,,
2026-10-01 09:13:44,7375.0,7430.25,0,568,0,12,0,0,12,0,,,,,,
2026-10-01 09:13:44,7375.0,7430.25,2,205,0,91,0,0,91,0,,,,,,
2026-10-01 09:13:44,7375.0,7430.25,11,1559,0,161,0,0,161,0,,,,,,
2026-10-01 09:13:44,7380.0,7435.25,4,160,0,25,0,0,25,0,,,,,,
2026-10-01 09:13:44,7380.0,7435.25,0,151,0,135,0,0,135,0,,,,,,
2026-10-01 09:13:44,7380.0,7435.25,30,3095,0,14,0,0,14,0,,,,,,
2026-10-01 09:13:44,7380.0,7435.25,1,93,0,74,0,0,74,0,,,,,,
2026-10-01 09:13:44,7380.0,7435.25,2,127,0,89,0,0,89,0,,,,,,
2026-10-01 09:13:44,7385.0,7440.25,1,8,1,26,0,18,27,18,,,,,,
2026-10-01 09:13:44,7385.0,7440.25,0,156,2,47,2,0,49,2,,,,,,
2026-10-01 09:13:44,7385.0,7440.25,0,202,5,74,5,0,79,5,,,,,,
2026-10-01 09:13:44,7385.0,7440.25,0,191,0,58,0,0,58,0,,,,,,
2026-10-01 09:13:44,7385.0,7440.25,0,29,0,19,0,0,19,0,,,,,,
2026-10-01 09:13:44,7390.0,7445.25,30,201,0,63,0,0,63,0,,,,,,
2026-10-01 09:13:44,7390.0,7445.25,0,374,0,42,0,0,42,0,,,,,,
2026-10-01 09:13:44,7390.0,7445.25,1,181,0,79,0,0,79,0,,,,,,
2026-10-01 09:13:44,7390.0,7445.25,0,135,0,149,0,14,149,14,,,,,,
2026-10-01 09:13:44,7390.0,7445.25,2,1257,0,118,0,0,118,0,,,,,,
2026-10-01 09:13:44,7395.0,7450.25,0,21,0,54,0,33,54,33,,,,,,
2026-10-01 09:13:44,7395.0,7450.25,0,36,0,34,0,0,34,0,,,,,,
2026-10-01 09:13:44,7395.0,7450.25,0,50,0,32,0,0,32,0,,,,,,
2026-10-01 09:13:44,7395.0,7450.25,0,57,0,46,0,0,46,0,,,,,,
2026-10-01 09:13:44,7395.0,7450.25,0,35,0,18,0,0,18,0,,,,,,
2026-10-01 09:13:44,7400.0,7455.25,26,1098,0,89,0,0,89,0,,,,,,
2026-10-01 09:13:44,7400.0,7455.25,5,1638,4,323,0,0,327,0,,,,,,
2026-10-01 09:13:44,7400.0,7455.25,9,537,0,85,0,0,85,0,,,,,,
2026-10-01 09:13:44,7400.0,7455.25,4,1157,0,415,0,0,415,0,,,,,,
2026-10-01 09:13:44,7400.0,7455.25,96,4493,28,374,0,0,402,0,,,,,,
2026-10-01 09:13:44,7405.0,7460.25,2,278,0,70,0,0,70,0,,,,,,
2026-10-01 09:13:44,7405.0,7460.25,0,241,0,22,0,0,22,0,,,,,,
2026-10-01 09:13:44,7405.0,7460.25,0,63,0,33,0,0,33,0,,,,,,
2026-10-01 09:13:44,7405.0,7460.25,0,54,0,112,0,58,112,58,,,,,,
2026-10-01 09:13:44,7405.0,7460.25,0,82,0,17,0,0,17,0,,,,,,
2026-10-01 09:13:44,7410.0,7465.25,1,178,0,90,0,0,90,0,,,,,,
2026-10-01 09:13:44,7410.0,7465.25,4,583,0,513,0,0,513,0,,,,,,
2026-10-01 09:13:44,7410.0,7465.25,4,271,0,23,0,0,23,0,,,,,,
2026-10-01 09:13:44,7410.0,7465.25,30,141,0,162,0,21,162,21,,,,,,
2026-10-01 09:13:44,7410.0,7465.25,6,373,0,104,0,0,104,0,,,,,,
2026-10-01 09:13:44,7415.0,7470.25,0,248,0,79,0,0,79,0,,,,,,
2026-10-01 09:13:44,7415.0,7470.25,0,192,0,54,0,0,54,0,,,,,,
2026-10-01 09:13:44,7415.0,7470.25,0,348,0,23,0,0,23,0,,,,,,
2026-10-01 09:13:44,7415.0,7470.25,0,21,0,107,0,86,107,86,,,,,,
2026-10-01 09:13:44,7415.0,7470.25,0,125,0,46,0,0,46,0,,,,,,
2026-10-01 09:13:44,7420.0,7475.25,0,416,0,51,0,0,51,0,,,,,,
2026-10-01 09:13:44,7420.0,7475.25,0,149,0,203,0,54,203,54,,,,,,
2026-10-01 09:13:44,7420.0,7475.25,1,142,0,38,0,0,38,0,,,,,,
2026-10-01 09:13:44,7420.0,7475.25,0,113,0,118,0,5,118,5,,,,,,
2026-10-01 09:13:44,7420.0,7475.25,7,403,1,74,0,0,75,0,,,,,,
2026-10-01 09:13:44,7425.0,7480.25,4,951,0,208,0,0,208,0,,,,,,
2026-10-01 09:13:44,7425.0,7480.25,0,447,2,95,2,0,97,2,,,,,,
2026-10-01 09:13:44,7425.0,7480.25,0,496,0,53,0,0,53,0,,,,,,
2026-10-01 09:13:44,7425.0,7480.25,1,95,0,128,0,33,128,33,,,,,,
2026-10-01 09:13:44,7425.0,7480.25,3,324,0,105,0,0,105,0,,,,,,
2026-10-01 09:13:44,7430.0,7485.25,7,2255,0,83,0,0,83,0,,,,,,
2026-10-01 09:13:44,7430.0,7485.25,3,99,0,175,0,76,175,76,,,,,,
2026-10-01 09:13:44,7430.0,7485.25,0,201,0,54,0,0,54,0,,,,,,
2026-10-01 09:13:44,7430.0,7485.25,0,162,0,208,0,46,208,46,,,,,,
2026-10-01 09:13:44,7430.0,7485.25,5,124,0,27,0,0,27,0,,,,,,
2026-10-01 09:13:44,7435.0,7490.25,0,617,0,50,0,0,50,0,,,,,,
2026-10-01 09:13:44,7435.0,7490.25,0,130,0,24,0,0,24,0,,,,,,
2026-10-01 09:13:44,7435.0,7490.25,0,183,0,62,0,0,62,0,,,,,,
2026-10-01 09:13:44,7435.0,7490.25,0,17,0,56,0,39,56,39,,,,,,
2026-10-01 09:13:44,7435.0,7490.25,2,149,0,45,0,0,45,0,,,,,,
2026-10-01 09:13:44,7440.0,7495.25,5,423,0,96,0,0,96,0,,,,,,
2026-10-01 09:13:44,7440.0,7495.25,0,228,0,92,0,0,92,0,,,,,,
2026-10-01 09:13:44,7440.0,7495.25,1,278,0,32,0,0,32,0,,,,,,
2026-10-01 09:13:44,7440.0,7495.25,7,140,0,89,0,0,89,0,,,,,,
2026-10-01 09:13:44,7440.0,7495.25,6,528,0,71,0,0,71,0,,,,,,
2026-10-01 09:13:44,7445.0,7500.25,0,173,0,51,0,0,51,0,,,,,,
2026-10-01 09:13:44,7445.0,7500.25,1,1754,0,36,0,0,36,0,,,,,,
2026-10-01 09:13:44,7445.0,7500.25,0,132,0,36,0,0,36,0,,,,,,
2026-10-01 09:13:44,7445.0,7500.25,1,35,0,149,0,114,149,114,,,,,,
2026-10-01 09:13:44,7445.0,7500.25,7,94,0,12,0,0,12,0,,,,,,
2026-10-01 09:13:44,7450.0,7505.25,6,1213,0,493,0,0,493,0,,,,,,
2026-10-01 09:13:44,7450.0,7505.25,15,2914,0,68,0,0,68,0,,,,,,
2026-10-01 09:13:44,7450.0,7505.25,27,1065,2,175,0,0,177,0,,,,,,
2026-10-01 09:13:44,7450.0,7505.25,28,351,0,127,0,0,127,0,,,,,,
2026-10-01 09:13:44,7450.0,7505.25,66,1039,0,414,0,0,414,0,,,,,,
2026-10-01 09:13:44,7455.0,7510.25,0,288,0,56,0,0,56,0,,,,,,
2026-10-01 09:13:44,7455.0,7510.25,0,169,0,71,0,0,71,0,,,,,,
2026-10-01 09:13:44,7455.0,7510.25,0,401,0,31,0,0,31,0,,,,,,
2026-10-01 09:13:44,7455.0,7510.25,0,58,0,24,0,0,24,0,,,,,,
2026-10-01 09:13:44,7455.0,7510.25,1,415,0,14,0,0,14,0,,,,,,
2026-10-01 09:13:44,7460.0,7515.25,0,363,0,59,0,0,59,0,,,,,,
2026-10-01 09:13:44,7460.0,7515.25,0,264,0,70,0,0,70,0,,,,,,
2026-10-01 09:13:44,7460.0,7515.25,0,466,0,50,0,0,50,0,,,,,,
2026-10-01 09:13:44,7460.0,7515.25,5,168,0,42,0,0,42,0,,,,,,
2026-10-01 09:13:44,7460.0,7515.25,27,237,0,15,0,0,15,0,,,,,,
2026-10-01 09:13:44,7465.0,7520.25,0,277,0,96,0,0,96,0,,,,,,
2026-10-01 09:13:44,7465.0,7520.25,0,190,0,41,0,0,41,0,,,,,,
2026-10-01 09:13:44,7465.0,7520.25,0,286,0,36,0,0,36,0,,,,,,
2026-10-01 09:13:44,7465.0,7520.25,0,62,0,43,0,0,43,0,,,,,,
2026-10-01 09:13:44,7465.0,7520.25,7,427,0,27,0,0,27,0,,,,,,
2026-10-01 09:13:44,7470.0,7525.25,1,343,0,116,0,0,116,0,,,,,,
2026-10-01 09:13:44,7470.0,7525.25,0,210,0,58,0,0,58,0,,,,,,
2026-10-01 09:13:44,7470.0,7525.25,3,317,4,38,1,0,42,1,,,,,,
2026-10-01 09:13:44,7470.0,7525.25,50,113,0,30,0,0,30,0,,,,,,
2026-10-01 09:13:44,7470.0,7525.25,42,314,2,76,0,0,78,0,,,,,,
2026-10-01 09:13:44,7475.0,7530.25,51,1447,0,715,0,0,715,0,,,,,,
2026-10-01 09:13:44,7475.0,7530.25,0,2127,0,67,0,0,67,0,,,,,,
2026-10-01 09:13:44,7475.0,7530.25,80,1337,0,110,0,0,110,0,,,,,,
2026-10-01 09:13:44,7475.0,7530.25,1,115,0,102,0,0,102,0,,,,,,
2026-10-01 09:13:44,7475.0,7530.25,15,829,0,169,0,0,169,0,,,,,,
2026-10-01 09:13:44,7480.0,7535.25,6,6154,0,440,0,0,440,0,,,,,,
2026-10-01 09:13:44,7480.0,7535.25,1,342,0,63,0,0,63,0,,,,,,
2026-10-01 09:13:44,7480.0,7535.25,31,284,0,22,0,0,22,0,,,,,,
2026-10-01 09:13:44,7480.0,7535.25,55,101,0,44,0,0,44,0,,,,,,
2026-10-01 09:13:44,7480.0,7535.25,59,933,1,31,0,0,32,0,,,,,,
2026-10-01 09:13:44,7485.0,7540.25,50,179,0,82,0,0,82,0,,,,,,
2026-10-01 09:13:44,7485.0,7540.25,0,255,0,51,0,0,51,0,,,,,,
2026-10-01 09:13:44,7485.0,7540.25,0,510,4,30,4,0,34,4,,,,,,
2026-10-01 09:13:44,7485.0,7540.25,0,55,0,10,0,0,10,0,,,,,,
2026-10-01 09:13:44,7485.0,7540.25,1,119,0,15,0,0,15,0,,,,,,
2026-10-01 09:13:44,7490.0,7545.25,53,6354,0,117,0,0,117,0,,,,,,
2026-10-01 09:13:44,7490.0,7545.25,1,539,0,30,0,0,30,0,,,,,,
2026-10-01 09:13:44,7490.0,7545.25,4,512,0,72,0,0,72,0,,,,,,
2026-10-01 09:13:44,7490.0,7545.25,6,126,0,51,0,0,51,0,,,,,,
2026-10-01 09:13:44,7490.0,7545.25,5,424,0,54,0,0,54,0,,,,,,
2026-10-01 09:13:44,7495.0,7550.25,0,1663,0,133,0,0,133,0,,,,,,
2026-10-01 09:13:44,7495.0,7550.25,0,310,0,26,0,0,26,0,,,,,,
2026-10-01 09:13:44,7495.0,7550.25,0,1736,0,48,0,0,48,0,,,,,,
2026-10-01 09:13:44,7495.0,7550.25,0,54,0,45,0,0,45,0,,,,,,
2026-10-01 09:13:44,7495.0,7550.25,4,136,0,33,0,0,33,0,,,,,,
2026-10-01 09:13:44,7500.0,7555.25,108,3381,1,1389,0,0,1390,0,,,,,,
2026-10-01 09:13:44,7500.0,7555.25,15,541,6,149,0,0,155,0,,,,,,
2026-10-01 09:13:44,7500.0,7555.25,11,4951,0,240,0,0,240,0,,,,,,
2026-10-01 09:13:44,7500.0,7555.25,7,973,5,86,0,0,91,0,,,,,,
2026-10-01 09:13:44,7500.0,7555.25,50,1873,2,654,0,0,656,0,,,,,,
2026-10-01 09:13:44,7505.0,7560.25,2,204,2,370,0,166,372,166,,,,,,
2026-10-01 09:13:44,7505.0,7560.25,0,165,2,47,2,0,49,2,,,,,,
2026-10-01 09:13:44,7505.0,7560.25,1,359,0,29,0,0,29,0,,,,,,
2026-10-01 09:13:44,7505.0,7560.25,0,32,0,102,0,70,102,70,,,,,,
2026-10-01 09:13:44,7505.0,7560.25,1,94,1,30,0,0,31,0,,,,,,
2026-10-01 09:13:44,7510.0,7565.25,2,515,0,253,0,0,253,0,,,,,,
2026-10-01 09:13:44,7510.0,7565.25,5,1730,0,948,0,0,948,0,,,,,,
2026-10-01 09:13:44,7510.0,7565.25,2,459,0,33,0,0,33,0,,,,,,
2026-10-01 09:13:44,7510.0,7565.25,46,120,5,54,0,0,59,0,,,,,,
2026-10-01 09:13:44,7510.0,7565.25,79,321,1,80,0,0,81,0,,,,,,
2026-10-01 09:13:44,7515.0,7570.25,9,190,0,158,0,0,158,0,,,,,,
2026-10-01 09:13:44,7515.0,7570.25,2,121,0,71,0,0,71,0,,,,,,
2026-10-01 09:13:44,7515.0,7570.25,1,1080,0,156,0,0,156,0,,,,,,
2026-10-01 09:13:44,7515.0,7570.25,1,42,0,49,0,7,49,7,,,,,,
2026-10-01 09:13:44,7515.0,7570.25,7,343,5,34,0,0,39,0,,,,,,
2026-10-01 09:13:44,7520.0,7575.25,1,547,1,151,0,0,152,0,,,,,,
2026-10-01 09:13:44,7520.0,7575.25,28,478,6,100,0,0,106,0,,,,,,
2026-10-01 09:13:44,7520.0,7575.25,6,3276,0,143,0,0,143,0,,,,,,
2026-10-01 09:13:44,7520.0,7575.25,5,49,0,37,0,0,37,0,,,,,,
2026-10-01 09:13:44,7520.0,7575.25,8,300,6,58,0,0,64,0,,,,,,
2026-10-01 09:13:44,7525.0,7580.25,9,333,1,258,0,0,259,0,,,,,,
2026-10-01 09:13:44,7525.0,7580.25,5,250,0,147,0,0,147,0,,,,,,
2026-10-01 09:13:44,7525.0,7580.25,11,595,0,62,0,0,62,0,,,,,,
2026-10-01 09:13:44,7525.0,7580.25,4,251,0,168,0,0,168,0,,,,,,
2026-10-01 09:13:44,7525.0,7580.25,67,627,4,332,0,0,336,0,,,,,,
2026-10-01 09:13:44,7530.0,7585.25,14,328,0,61,0,0,61,0,,,,,,
2026-10-01 09:13:44,7530.0,7585.25,8,239,0,393,0,154,393,154,,,,,,
2026-10-01 09:13:44,7530.0,7585.25,12,681,0,97,0,0,97,0,,,,,,
2026-10-01 09:13:44,7530.0,7585.25,1,175,0,181,0,6,181,6,,,,,,
2026-10-01 09:13:44,7530.0,7585.25,18,426,2,12,0,0,14,0,,,,,,
2026-10-01 09:13:44,7535.0,7590.25,1,239,0,196,0,0,196,0,,,,,,
2026-10-01 09:13:44,7535.0,7590.25,9,2032,0,1948,0,0,1948,0,,,2,,,
2026-10-01 09:13:44,7535.0,7590.25,1,72,0,85,0,13,85,13,,,,,,
2026-10-01 09:13:44,7535.0,7590.25,0,207,0,193,0,0,193,0,,,,,,
2026-10-01 09:13:44,7535.0,7590.25,12,128,0,28,0,0,28,0,,,,,,
2026-10-01 09:13:44,7540.0,7595.25,10,297,0,201,0,0,201,0,,,,,,
2026-10-01 09:13:44,7540.0,7595.25,4,228,0,122,0,0,122,0,,,,,,
2026-10-01 09:13:44,7540.0,7595.25,29,414,4,127,0,0,131,0,,,,,,
2026-10-01 09:13:44,7540.0,7595.25,9,59,0,39,0,0,39,0,,,,,,
2026-10-01 09:13:44,7540.0,7595.25,18,420,0,22,0,0,22,0,,,,,,
2026-10-01 09:13:44,7545.0,7600.25,12,181,0,165,0,0,165,0,,,,,,
2026-10-01 09:13:44,7545.0,7600.25,1,203,1,2526,0,2323,2527,2323,3,,1,1,,1
2026-10-01 09:13:44,7545.0,7600.25,0,234,0,67,0,0,67,0,,,,,,
2026-10-01 09:13:44,7545.0,7600.25,0,76,31,11,31,0,42,31,,,,,,
2026-10-01 09:13:44,7545.0,7600.25,11,200,1,45,0,0,46,0,,,,,,
2026-10-01 09:13:44,7550.0,7605.25,45,1828,278,746,233,0,1024,233,,,,,,
2026-10-01 09:13:44,7550.0,7605.25,9,498,1,201,0,0,202,0,,,,,,
2026-10-01 09:13:44,7550.0,7605.25,12,1193,2,111,0,0,113,0,,,,,,
2026-10-01 09:13:44,7550.0,7605.25,22,265,2,122,0,0,124,0,,,,,,
2026-10-01 09:13:44,7550.0,7605.25,92,1212,6,285,0,0,291,0,,,,,,
2026-10-01 09:13:44,7555.0,7610.25,13,232,1,253,0,21,254,21,,,,,,
2026-10-01 09:13:44,7555.0,7610.25,14,58,0,156,0,98,156,98,,,,,,
2026-10-01 09:13:44,7555.0,7610.25,2,174,2,22,0,0,24,0,,,,,,
2026-10-01 09:13:44,7555.0,7610.25,7,25,5,31,0,6,36,6,,,,,,
2026-10-01 09:13:44,7555.0,7610.25,20,140,8,34,0,0,42,0,,,,,,
2026-10-01 09:13:44,7560.0,7615.25,20,402,2,131,0,0,133,0,,,,,,
2026-10-01 09:13:44,7560.0,7615.25,8,91,1,36,0,0,37,0,,,,,,
2026-10-01 09:13:44,7560.0,7615.25,94,238,0,25,0,0,25,0,,,,,,
2026-10-01 09:13:44,7560.0,7615.25,26,84,11,59,0,0,70,0,,,,,,
2026-10-01 09:13:44,7560.0,7615.25,51,472,0,89,0,0,89,0,,,,,,
2026-10-01 09:13:44,7565.0,7620.25,37,159,7,159,0,0,166,0,,,,,,
2026-10-01 09:13:44,7565.0,7620.25,16,196,8,58,0,0,66,0,,,,,,
2026-10-01 09:13:44,7565.0,7620.25,2,162,0,29,0,0,29,0,,,,,,
2026-10-01 09:13:44,7565.0,7620.25,0,128,0,20,0,0,20,0,,,,,,
2026-10-01 09:13:44,7565.0,7620.25,16,484,15,42,0,0,57,0,,,,,,
2026-10-01 09:13:44,7570.0,7625.25,15,230,0,104,0,0,104,0,,,,,,
2026-10-01 09:13:44,7570.0,7625.25,1,115,1,75,0,0,76,0,,,,,,
2026-10-01 09:13:44,7570.0,7625.25,10,200,2,86,0,0,88,0,,,,,,
2026-10-01 09:13:44,7570.0,7625.25,6,85,16,260,10,175,276,185,,,,,,
2026-10-01 09:13:44,7570.0,7625.25,78,590,2,159,0,0,161,0,,,,,,
2026-10-01 09:13:44,7575.0,7630.25,25,1076,46,214,21,0,260,21,,,,,,
2026-10-01 09:13:44,7575.0,7630.25,177,441,4,128,0,0,132,0,,,,,,
2026-10-01 09:13:44,7575.0,7630.25,5,459,0,366,0,0,366,0,,,,,,
2026-10-01 09:13:44,7575.0,7630.25,9,244,1,53,0,0,54,0,,,,,,
2026-10-01 09:13:44,7575.0,7630.25,54,1048,17,250,0,0,267,0,,,,,,
2026-10-01 09:13:44,7580.0,7635.25,200,486,6,187,0,0,193,0,,,,,,
2026-10-01 09:13:44,7580.0,7635.25,22,1639,8,37,0,0,45,0,,,,,,
2026-10-01 09:13:44,7580.0,7635.25,14,385,1,85,0,0,86,0,,,,,,
2026-10-01 09:13:44,7580.0,7635.25,4,152,1,78,0,0,79,0,,,,,,
2026-10-01 09:13:44,7580.0,7635.25,160,1435,15,223,0,0,238,0,,,,,,
2026-10-01 09:13:44,7585.0,7640.25,32,243,11,141,0,0,152,0,,,,,,
2026-10-01 09:13:44,7585.0,7640.25,5,256,16,24,11,0,40,11,,,,,,
2026-10-01 09:13:44,7585.0,7640.25,4,87,0,22,0,0,22,0,,,,,,
2026-10-01 09:13:44,7585.0,7640.25,11,36,6,73,0,37,79,37,,,,,,
2026-10-01 09:13:44,7585.0,7640.25,68,667,3,377,0,0,380,0,,,,,,
2026-10-01 09:13:44,7590.0,7645.25,23,291,16,219,0,0,235,0,,,,,,
2026-10-01 09:13:44,7590.0,7645.25,23,370,5,123,0,0,128,0,,,,,,
2026-10-01 09:13:44,7590.0,7645.25,10,210,0,26,0,0,26,0,,,,,,
2026-10-01 09:13:44,7590.0,7645.25,15,336,5,82,0,0,87,0,,,,,,
2026-10-01 09:13:44,7590.0,7645.25,325,544,6,87,0,0,93,0,,,,,,
2026-10-01 09:13:44,7595.0,7650.25,3,183,15,272,12,89,287,101,,,,,,
2026-10-01 09:13:44,7595.0,7650.25,25,186,27,47,2,0,74,2,,,,,,
2026-10-01 09:13:44,7595.0,7650.25,2,244,6,70,4,0,76,4,,,,,,
2026-10-01 09:13:44,7595.0,7650.25,5,57,14,46,9,0,60,9,,,,,,
2026-10-01 09:13:44,7595.0,7650.25,33,218,13,25,0,0,38,0,,,,,,
2026-10-01 09:13:44,7600.0,7655.25,145,2625,30,1597,0,0,1627,0,,,5,,,
2026-10-01 09:13:44,7600.0,7655.25,175,1664,288,947,113,0,1235,113,,,,,,
2026-10-01 09:13:44,7600.0,7655.25,77,1479,29,171,0,0,200,0,,,,,,
2026-10-01 09:13:44,7600.0,7655.25,47,364,5,814,0,450,819,450,,,,,,
2026-10-01 09:13:44,7600.0,7655.25,541,4127,340,1820,0,0,2160,0,5,,3,,,
2026-10-01 09:13:44,7605.0,7660.25,13,192,38,185,25,0,223,25,,,,,,
2026-10-01 09:13:44,7605.0,7660.25,42,92,25,36,0,0,61,0,,,,,,
2026-10-01 09:13:44,7605.0,7660.25,9,120,4,28,0,0,32,0,,,,,,
2026-10-01 09:13:44,7605.0,7660.25,5,59,5,36,0,0,41,0,,,,,,
2026-10-01 09:13:44,7605.0,7660.25,21,193,21,47,0,0,68,0,,,,,,
2026-10-01 09:13:44,7610.0,7665.25,97,506,32,197,0,0,229,0,,,,,,
2026-10-01 09:13:44,7610.0,7665.25,24,404,23,27,0,0,50,0,,,,,,
2026-10-01 09:13:44,7610.0,7665.25,24,172,15,57,0,0,72,0,,,,,,
2026-10-01 09:13:44,7610.0,7665.25,35,447,89,420,54,0,509,54,,,,,,
2026-10-01 09:13:44,7610.0,7665.25,134,895,136,366,2,0,502,2,,,,,,
2026-10-01 09:13:44,7615.0,7670.25,78,159,28,88,0,0,116,0,,,,,,
2026-10-01 09:13:44,7615.0,7670.25,35,209,28,26,0,0,54,0,,,,,,
2026-10-01 09:13:44,7615.0,7670.25,18,99,8,20,0,0,28,0,,,,,,
2026-10-01 09:13:44,7615.0,7670.25,18,559,19,371,1,0,390,1,,,,,,
2026-10-01 09:13:44,7615.0,7670.25,36,983,31,165,0,0,196,0,,,,,,
2026-10-01 09:13:44,7620.0,7675.25,101,430,289,401,188,0,690,188,,,,,,
2026-10-01 09:13:44,7620.0,7675.25,32,257,64,121,32,0,185,32,,,,,,
2026-10-01 09:13:44,7620.0,7675.25,43,291,2,53,0,0,55,0,,,,,,
2026-10-01 09:13:44,7620.0,7675.25,87,514,14,355,0,0,369,0,,,,,,
2026-10-01 09:13:44,7620.0,7675.25,104,808,115,210,11,0,325,11,,,,,,
2026-10-01 09:13:44,7625.0,7680.25,171,539,256,848,85,309,1104,394,,,,,,
2026-10-01 09:13:44,7625.0,7680.25,33,331,53,1340,20,1009,1393,1029,,,,,,3
2026-10-01 09:13:44,7625.0,7680.25,24,426,117,71,93,0,188,93,,,,,,
2026-10-01 09:13:44,7625.0,7680.25,143,421,97,116,0,0,213,0,,,,,,
2026-10-01 09:13:44,7625.0,7680.25,472,1085,70,489,0,0,559,0,,,,,,
2026-10-01 09:13:44,7630.0,7685.25,64,393,320,584,256,191,904,447,,,,,,
2026-10-01 09:13:44,7630.0,7685.25,28,209,136,58,108,0,194,108,,,,,,
2026-10-01 09:13:44,7630.0,7685.25,117,374,115,109,0,0,224,0,,,,,,
2026-10-01 09:13:44,7630.0,7685.25,49,102,80,284,31,182,364,213,,,,,,
2026-10-01 09:13:44,7630.0,7685.25,144,726,69,195,0,0,264,0,,,,,,
2026-10-01 09:13:44,7635.0,7690.25,66,182,616,398,550,216,1014,766,,,,,,
2026-10-01 09:13:44,7635.0,7690.25,23,171,150,116,127,0,266,127,,,,,,
2026-10-01 09:13:44,7635.0,7690.25,7,212,32,32,25,0,64,25,,,,,,
2026-10-01 09:13:44,7635.0,7690.25,18,75,87,40,69,0,127,69,,,,,,
2026-10-01 09:13:44,7635.0,7690.25,122,2337,103,151,0,0,254,0,,,,,,
2026-10-01 09:13:44,7640.0,7695.25,185,399,486,339,301,0,825,301,,,,,,
2026-10-01 09:13:44,7640.0,7695.25,84,164,97,177,13,13,274,26,,,,,,
2026-10-01 09:13:44,7640.0,7695.25,108,179,146,148,38,0,294,38,,,,,,
2026-10-01 09:13:44,7640.0,7695.25,24,116,88,35,64,0,123,64,,,,,,
2026-10-01 09:13:44,7640.0,7695.25,208,777,122,95,0,0,217,0,,,,,,
2026-10-01 09:13:44,7645.0,7700.25,84,399,152,333,68,0,485,68,,,,,,
2026-10-01 09:13:44,7645.0,7700.25,32,113,157,75,125,0,232,125,,,,,,
2026-10-01 09:13:44,7645.0,7700.25,35,187,55,166,20,0,221,20,,,,,,
2026-10-01 09:13:44,7645.0,7700.25,20,118,40,48,20,0,88,20,,,,,,
2026-10-01 09:13:44,7645.0,7700.25,60,218,48,61,0,0,109,0,,,,,,
2026-10-01 09:13:44,7650.0,7705.25,239,1090,338,443,99,0,781,99,,,,,,
2026-10-01 09:13:44,7650.0,7705.25,221,673,276,828,55,155,1104,210,,,,,,
2026-10-01 09:13:44,7650.0,7705.25,77,1150,32,73,0,0,105,0,,,,,,
2026-10-01 09:13:44,7650.0,7705.25,49,1293,79,115,30,0,194,30,,,,,,
2026-10-01 09:13:44,7650.0,7705.25,785,1411,264,159,0,0,423,0,,,,,,
2026-10-01 09:13:44,7655.0,7710.25,54,343,136,149,82,0,285,82,,,,,,
2026-10-01 09:13:44,7655.0,7710.25,95,88,118,67,23,0,185,23,,,,,,
2026-10-01 09:13:44,7655.0,7710.25,21,118,19,76,0,0,95,0,,,,,,
2026-10-01 09:13:44,7655.0,7710.25,26,137,23,40,0,0,63,0,,,,,,
2026-10-01 09:13:44,7655.0,7710.25,83,636,25,71,0,0,96,0,,,,,,
2026-10-01 09:13:44,7660.0,7715.25,141,327,219,222,78,0,441,78,,,,,,
2026-10-01 09:13:44,7660.0,7715.25,95,312,83,50,0,0,133,0,,,,,,
2026-10-01 09:13:44,7660.0,7715.25,73,325,7,31,0,0,38,0,,,,,,
2026-10-01 09:13:44,7660.0,7715.25,74,113,42,27,0,0,69,0,,,,,,
2026-10-01 09:13:44,7660.0,7715.25,235,530,94,138,0,0,232,0,,,,,,
2026-10-01 09:13:44,7665.0,7720.25,90,122,160,269,70,147,429,217,,,,,,
2026-10-01 09:13:44,7665.0,7720.25,54,114,146,21,92,0,167,92,,,,,,
2026-10-01 09:13:44,7665.0,7720.25,37,144,22,514,0,370,536,370,,,,,,
2026-10-01 09:13:44,7665.0,7720.25,59,75,50,5,0,0,55,0,,,,,,
2026-10-01 09:13:44,7665.0,7720.25,88,797,760,393,672,0,1153,672,,,,,,
2026-10-01 09:13:44,7670.0,7725.25,342,479,223,171,0,0,394,0,,,,,,
2026-10-01 09:13:44,7670.0,7725.25,344,565,159,41,0,0,200,0,,,,,,
2026-10-01 09:13:44,7670.0,7725.25,73,132,568,92,495,0,660,495,,,,,,
2026-10-01 09:13:44,7670.0,7725.25,197,108,94,40,0,0,134,0,,,,,,
2026-10-01 09:13:44,7670.0,7725.25,332,627,114,80,0,0,194,0,,,,,,
2026-10-01 09:13:44,7675.0,7730.25,972,1860,1046,1065,74,0,2111,74,,,,,,
2026-10-01 09:13:44,7675.0,7730.25,153,662,29,54,0,0,83,0,,,,,,
2026-10-01 09:13:44,7675.0,7730.25,466,732,794,135,328,0,929,328,,,,,,
2026-10-01 09:13:44,7675.0,7730.25,156,377,735,747,579,370,1482,949,,,,,,
2026-10-01 09:13:44,7675.0,7730.25,427,1251,261,133,0,0,394,0,,,,,,
2026-10-01 09:13:44,7680.0,7735.25,308,4145,254,238,0,0,492,0,,,,,,
2026-10-01 09:13:44,7680.0,7735.25,85,214,79,47,0,0,126,0,,,,,,
2026-10-01 09:13:44,7680.0,7735.25,144,206,65,35,0,0,100,0,,,,,,
2026-10-01 09:13:44,7680.0,7735.25,123,150,75,26,0,0,101,0,,,,,,
2026-10-01 09:13:44,7680.0,7735.25,228,1207,57,84,0,0,141,0,,,,,,
2026-10-01 09:13:44,7685.0,7740.25,133,491,133,86,0,0,219,0,,,,,,
2026-10-01 09:13:44,7685.0,7740.25,115,151,33,872,0,721,905,721,,,,,,5
2026-10-01 09:13:44,7685.0,7740.25,44,148,15,17,0,0,32,0,,,,,,
2026-10-01 09:13:44,7685.0,7740.25,21,62,20,15,0,0,35,0,,,,,,
2026-10-01 09:13:44,7685.0,7740.25,104,261,38,36,0,0,74,0,,,,,,
2026-10-01 09:13:44,7690.0,7745.25,319,266,391,139,72,0,530,72,,,,,,
2026-10-01 09:13:44,7690.0,7745.25,133,362,45,13,0,0,58,0,,,,,,
2026-10-01 09:13:44,7690.0,7745.25,142,311,47,513,0,202,560,202,,,,,,
2026-10-01 09:13:44,7690.0,7745.25,130,135,135,16,5,0,151,5,,,,,,
2026-10-01 09:13:44,7690.0,7745.25,234,410,145,63,0,0,208,0,,,,,,
2026-10-01 09:13:44,7695.0,7750.25,199,631,158,79,0,0,237,0,,,,,,
2026-10-01 09:13:44,7695.0,7750.25,86,300,81,46,0,0,127,0,,,,,,
2026-10-01 09:13:44,7695.0,7750.25,99,175,18,24,0,0,42,0,,,,,,
2026-10-01 09:13:44,7695.0,7750.25,49,225,16,171,0,0,187,0,,,,,,
2026-10-01 09:13:44,7695.0,7750.25,173,145,54,35,0,0,89,0,,,,,,
2026-10-01 09:13:44,7700.0,7755.25,3035,1880,3675,368,640,0,4043,640,1,1,,,,
2026-10-01 09:13:44,7700.0,7755.25,458,1046,214,128,0,0,342,0,,,,,,
2026-10-01 09:13:44,7700.0,7755.25,630,1173,405,232,0,0,637,0,,,,,,
2026-10-01 09:13:44,7700.0,7755.25,1099,1306,138,1614,0,308,1752,308,,,4,,,
2026-10-01 09:13:44,7700.0,7755.25,1450,2331,1037,287,0,0,1324,0,,,,,,
2026-10-01 09:13:44,7705.0,7760.25,4108,4142,313,16,0,0,329,0,,,,,,
2026-10-01 09:13:44,7705.0,7760.25,82,153,67,21,0,0,88,0,,,,,,
2026-10-01 09:13:44,7705.0,7760.25,113,255,42,2,0,0,44,0,,,,,,
2026-10-01 09:13:44,7705.0,7760.25,107,250,33,158,0,0,191,0,,,,,,
2026-10-01 09:13:44,7705.0,7760.25,259,649,118,52,0,0,170,0,,,,,,
2026-10-01 09:13:44,7710.0,7765.25,357,1107,478,37,121,0,515,121,,,,,,
2026-10-01 09:13:44,7710.0,7765.25,154,198,570,8,416,0,578,416,,,,,,
2026-10-01 09:13:44,7710.0,7765.25,229,1874,1111,283,882,0,1394,882,,,,,5,
2026-10-01 09:13:44,7710.0,7765.25,213,151,5,23,0,0,28,0,,,,,,
2026-10-01 09:13:44,7710.0,7765.25,390,390,297,44,0,0,341,0,,,,,,
2026-10-01 09:13:44,7715.0,7770.25,158,235,246,20,88,0,266,88,,,,,,
2026-10-01 09:13:44,7715.0,7770.25,74,90,59,42,0,0,101,0,,,,,,
2026-10-01 09:13:44,7715.0,7770.25,193,366,1266,71,1073,0,1337,1073,,5,,,3,
2026-10-01 09:13:44,7715.0,7770.25,79,31,41,4,0,0,45,0,,,,,,
2026-10-01 09:13:44,7715.0,7770.25,295,203,288,54,0,0,342,0,,,,,,
2026-10-01 09:13:44,7720.0,7775.25,302,341,590,13,288,0,603,288,,,,,,
2026-10-01 09:13:44,7720.0,7775.25,154,125,76,3,0,0,79,0,,,,,,
2026-10-01 09:13:44,7720.0,7775.25,616,170,158,61,0,0,219,0,,,,,,
2026-10-01 09:13:44,7720.0,7775.25,125,69,127,4,2,0,131,2,,,,,,
2026-10-01 09:13:44,7720.0,7775.25,303,633,76,1093,0,460,1169,460,,,,,,
2026-10-01 09:13:44,7725.0,7780.25,319,268,369,23,50,0,392,50,,,,,,
2026-10-01 09:13:44,7725.0,7780.25,183,237,1030,0,847,0,1030,847,,,,,,
2026-10-01 09:13:44,7725.0,7780.25,421,223,706,17,285,0,723,285,,,,,,
2026-10-01 09:13:44,7725.0,7780.25,606,100,1062,1002,456,902,2064,1358,,,,4,,4
2026-10-01 09:13:44,7725.0,7780.25,1576,779,1193,26,0,0,1219,0,,,,,,
2026-10-01 09:13:44,7730.0,7785.25,4207,436,538,70,0,0,608,0,,,,,,
2026-10-01 09:13:44,7730.0,7785.25,685,126,169,15,0,0,184,0,,,,,,
2026-10-01 09:13:44,7730.0,7785.25,275,104,159,16,0,0,175,0,,,,,,
2026-10-01 09:13:44,7730.0,7785.25,124,60,75,24,0,0,99,0,,,,,,
2026-10-01 09:13:44,7730.0,7785.25,464,1252,283,22,0,0,305,0,,,,,,
2026-10-01 09:13:44,7735.0,7790.25,177,92,419,20,242,0,439,242,,,,,,
2026-10-01 09:13:44,7735.0,7790.25,128,67,163,0,35,0,163,35,,,,,,
2026-10-01 09:13:44,7735.0,7790.25,1697,1670,389,280,0,0,669,0,,,,,,
2026-10-01 09:13:44,7735.0,7790.25,42,21,57,9,15,0,66,15,,,,,,
2026-10-01 09:13:44,7735.0,7790.25,222,465,88,34,0,0,122,0,,,,,,
2026-10-01 09:13:44,7740.0,7795.25,319,195,942,14,623,0,956,623,,,,,,
2026-10-01 09:13:44,7740.0,7795.25,315,331,153,1,0,0,154,0,,,,,,
2026-10-01 09:13:44,7740.0,7795.25,311,85,225,3,0,0,228,0,,,,,,
2026-10-01 09:13:44,7740.0,7795.25,61,83,84,4,23,0,88,23,,,,,,
2026-10-01 09:13:44,7740.0,7795.25,608,330,131,45,0,0,176,0,,,,,,
2026-10-01 09:13:44,7745.0,7800.25,623,46,258,5,0,0,263,0,,,,,,
2026-10-01 09:13:44,7745.0,7800.25,186,35,63,1,0,0,64,0,,,,,,
2026-10-01 09:13:44,7745.0,7800.25,121,22,40,0,0,0,40,0,,,,,,
2026-10-01 09:13:44,7745.0,7800.25,103,30,62,2,0,0,64,0,,,,,,
2026-10-01 09:13:44,7745.0,7800.25,196,101,1229,1115,1033,1014,2344,2047,4,,,2,4,2
2026-10-01 09:13:44,7750.0,7805.25,2857,1596,1555,24,0,0,1579,0,,4,,,,
2026-10-01 09:13:44,7750.0,7805.25,741,363,1185,9,444,0,1194,444,,,,,,
2026-10-01 09:13:44,7750.0,7805.25,1016,588,746,40,0,0,786,0,,,,,,
2026-10-01 09:13:44,7750.0,7805.25,377,125,1772,31,1395,0,1803,1395,,3,,3,1,
2026-10-01 09:13:44,7750.0,7805.25,2432,1288,882,24,0,0,906,0,,,,,,
2026-10-01 09:13:44,7755.0,7810.25,261,88,242,1,0,0,243,0,,,,,,
2026-10-01 09:13:44,7755.0,7810.25,576,18,120,2,0,0,122,0,,,,,,
2026-10-01 09:13:44,7755.0,7810.25,456,15,318,0,0,0,318,0,,,,,,
2026-10-01 09:13:44,7755.0,7810.25,48,19,74,5,26,0,79,26,,,,,,
2026-10-01 09:13:44,7755.0,7810.25,141,110,47,17,0,0,64,0,,,,,,
2026-10-01 09:13:44,7760.0,7815.25,611,379,259,72,0,0,331,0,,,,,,
2026-10-01 09:13:44,7760.0,7815.25,1617,67,146,2,0,0,148,0,,,,,,
2026-10-01 09:13:44,7760.0,7815.25,1765,85,442,1,0,0,443,0,,,,,,
2026-10-01 09:13:44,7760.0,7815.25,142,42,110,2,0,0,112,0,,,,,,
2026-10-01 09:13:44,7760.0,7815.25,857,275,177,2,0,0,179,0,,,,,,
2026-10-01 09:13:44,7765.0,7820.25,366,24,737,10,371,0,747,371,,,,,,
2026-10-01 09:13:44,7765.0,7820.25,142,160,66,1,0,0,67,0,,,,,,
2026-10-01 09:13:44,7765.0,7820.25,93,52,396,1,303,0,397,303,,,,,,
2026-10-01 09:13:44,7765.0,7820.25,55,21,129,0,74,0,129,74,,,,,,
2026-10-01 09:13:44,7765.0,7820.25,148,28,95,0,0,0,95,0,,,,,,
2026-10-01 09:13:44,7770.0,7825.25,1016,286,551,1,0,0,552,0,,,,,,
2026-10-01 09:13:44,7770.0,7825.25,300,171,644,9,344,0,653,344,,,,,,
2026-10-01 09:13:44,7770.0,7825.25,395,37,158,8,0,0,166,0,,,,,,
2026-10-01 09:13:44,7770.0,7825.25,222,23,120,2,0,0,122,0,,,,,,
2026-10-01 09:13:44,7770.0,7825.25,1913,70,3264,5,1351,0,3269,1351,2,2,,5,2,
2026-10-01 09:13:44,7775.0,7830.25,1026,164,251,0,0,0,251,0,,,,,,
2026-10-01 09:13:44,7775.0,7830.25,376,219,129,0,0,0,129,0,,,,,,
2026-10-01 09:13:44,7775.0,7830.25,256,56,51,3,0,0,54,0,,,,,,
2026-10-01 09:13:44,7775.0,7830.25,423,123,98,0,0,0,98,0,,,,,,
2026-10-01 09:13:44,7775.0,7830.25,1932,323,96,2,0,0,98,0,,,,,,
2026-10-01 09:13:44,7780.0,7835.25,314,73,278,1,0,0,279,0,,,,,,
2026-10-01 09:13:44,7780.0,7835.25,277,50,143,0,0,0,143,0,,,,,,
2026-10-01 09:13:44,7780.0,7835.25,583,50,43,12,0,0,55,0,,,,,,
2026-10-01 09:13:44,7780.0,7835.25,78,18,40,0,0,0,40,0,,,,,,
2026-10-01 09:13:44,7780.0,7835.25,577,162,211,0,0,0,211,0,,,,,,
2026-10-01 09:13:44,7785.0,7840.25,311,7,201,3,0,0,204,0,,,,,,
2026-10-01 09:13:44,7785.0,7840.25,195,14,73,0,0,0,73,0,,,,,,
2026-10-01 09:13:44,7785.0,7840.25,201,8,57,0,0,0,57,0,,,,,,
2026-10-01 09:13:44,7785.0,7840.25,53,7,33,1,0,0,34,0,,,,,,
2026-10-01 09:13:44,7785.0,7840.25,512,10,113,2,0,0,115,0,,,,,,
2026-10-01 09:13:44,7790.0,7845.25,779,80,182,4,0,0,186,0,,,,,,
2026-10-01 09:13:44,7790.0,7845.25,447,14,52,0,0,0,52,0,,,,,,
2026-10-01 09:13:44,7790.0,7845.25,77,19,46,0,0,0,46,0,,,,,,
2026-10-01 09:13:44,7790.0,7845.25,204,9,154,0,0,0,154,0,,,,,,
2026-10-01 09:13:44,7790.0,7845.25,252,713,159,3,0,0,162,0,,,,,,
2026-10-01 09:13:44,7795.0,7850.25,216,7,181,0,0,0,181,0,,,,,,
2026-10-01 09:13:44,7795.0,7850.25,349,1,39,0,0,0,39,0,,,,,,
2026-10-01 09:13:44,7795.0,7850.25,139,3,175,0,36,0,175,36,,,,,,
2026-10-01 09:13:44,7795.0,7850.25,17,3,32,0,15,0,32,15,,,,,,
2026-10-01 09:13:44,7795.0,7850.25,190,32,190,0,0,0,190,0,,,,,,
2026-10-01 09:13:44,7800.0,7855.25,2275,51,648,3,0,0,651,0,,,,,,
2026-10-01 09:13:44,7800.0,7855.25,654,21,106,0,0,0,106,0,,,,,,
2026-10-01 09:13:44,7800.0,7855.25,1133,79,295,5,0,0,300,0,,,,,,
2026-10-01 09:13:44,7800.0,7855.25,475,232,294,1,0,0,295,0,,,,,,
2026-10-01 09:13:44,7800.0,7855.25,2850,412,1069,4,0,0,1073,0,,,,,,
2026-10-01 09:13:44,7805.0,7860.25,382,3,263,1,0,0,264,0,,,,,,
2026-10-01 09:13:44,7805.0,7860.25,296,2,116,14,0,12,130,12,,,,,,
2026-10-01 09:13:44,7805.0,7860.25,182,2,37,4,0,2,41,2,,,,,,
2026-10-01 09:13:44,7805.0,7860.25,55,3,161,0,106,0,161,106,,,,,,
2026-10-01 09:13:44,7805.0,7860.25,527,9,58,3,0,0,61,0,,,,,,
2026-10-01 09:13:44,7810.0,7865.25,1064,6,255,0,0,0,255,0,,,,,,
2026-10-01 09:13:44,7810.0,7865.25,600,7,51,1,0,0,52,0,,,,,,
2026-10-01 09:13:44,7810.0,7865.25,219,16,117,1,0,0,118,0,,,,,,
2026-10-01 09:13:44,7810.0,7865.25,138,19,29,1,0,0,30,0,,,,,,
2026-10-01 09:13:44,7810.0,7865.25,388,23,139,1,0,0,140,0,,,,,,
2026-10-01 09:13:44,7815.0,7870.25,1174,3,115,1,0,0,116,0,,,,,,
2026-10-01 09:13:44,7815.0,7870.25,223,3,38,14,0,11,52,11,,,,,,
2026-10-01 09:13:44,7815.0,7870.25,710,8,52,0,0,0,52,0,,,,,,
2026-10-01 09:13:44,7815.0,7870.25,60,4,79,0,19,0,79,19,,,,,,
2026-10-01 09:13:44,7815.0,7870.25,144,18,1008,1,864,0,1009,864,,,,,,
2026-10-01 09:13:44,7820.0,7875.25,481,12,416,0,0,0,416,0,,,,,,
2026-10-01 09:13:44,7820.0,7875.25,344,5,87,0,0,0,87,0,,,,,,
2026-10-01 09:13:44,7820.0,7875.25,1334,38,398,1,0,0,399,0,,,,,,
2026-10-01 09:13:44,7820.0,7875.25,108,4,67,0,0,0,67,0,,,,,,
2026-10-01 09:13:44,7820.0,7875.25,1594,9,369,0,0,0,369,0,,,,,,
2026-10-01 09:13:44,7825.0,7880.25,1124,16,815,0,0,0,815,0,,,,,,
2026-10-01 09:13:44,7825.0,7880.25,2030,34,70,0,0,0,70,0,,,,,,
2026-10-01 09:13:44,7825.0,7880.25,576,354,42,0,0,0,42,0,,,,,,
2026-10-01 09:13:44,7825.0,7880.25,179,1,58,0,0,0,58,0,,,,,,
2026-10-01 09:13:44,7825.0,7880.25,1639,40,207,3,0,0,210,0,,,,,,
2026-10-01 09:13:44,7830.0,7885.25,714,4,143,0,0,0,143,0,,,,,,
2026-10-01 09:13:44,7830.0,7885.25,1951,5,443,8,0,3,451,3,,,,,,
2026-10-01 09:13:44,7830.0,7885.25,1163,14,458,0,0,0,458,0,,,,,,
2026-10-01 09:13:44,7830.0,7885.25,95,1,37,0,0,0,37,0,,,,,,
2026-10-01 09:13:44,7830.0,7885.25,7094,46,263,1,0,0,264,0,,,,,,
2026-10-01 09:13:44,7835.0,7890.25,245,0,93,0,0,0,93,0,,,,,,
2026-10-01 09:13:44,7835.0,7890.25,213,1,64,0,0,0,64,0,,,,,,
2026-10-01 09:13:44,7835.0,7890.25,138,7,63,0,0,0,63,0,,,,,,
2026-10-01 09:13:44,7835.0,7890.25,50,27,71,0,21,0,71,21,,,,,,
2026-10-01 09:13:44,7835.0,7890.25,182,0,56,0,0,0,56,0,,,,,,
2026-10-01 09:13:44,7840.0,7895.25,809,4,92,0,0,0,92,0,,,,,,
2026-10-01 09:13:44,7840.0,7895.25,592,11,71,0,0,0,71,0,,,,,,
2026-10-01 09:13:44,7840.0,7895.25,226,8,82,1,0,0,83,0,,,,,,
2026-10-01 09:13:44,7840.0,7895.25,53,0,336,1,283,1,337,284,,,,,,
2026-10-01 09:13:44,7840.0,7895.25,473,50,153,1,0,0,154,0,,,,,,
2026-10-01 09:13:44,7845.0,7900.25,238,3,126,0,0,0,126,0,,,,,,
2026-10-01 09:13:44,7845.0,7900.25,381,1,123,0,0,0,123,0,,,,,,
2026-10-01 09:13:44,7845.0,7900.25,1155,1,19,0,0,0,19,0,,,,,,
2026-10-01 09:13:44,7845.0,7900.25,75,29,14,1,0,0,15,0,,,,,,
2026-10-01 09:13:44,7845.0,7900.25,161,0,67,7,0,7,74,7,,,,,,
2026-10-01 09:13:44,7850.0,7905.25,1958,26,743,0,0,0,743,0,,,,,,
2026-10-01 09:13:44,7850.0,7905.25,1177,14,728,8,0,0,736,0,,,,,,
2026-10-01 09:13:44,7850.0,7905.25,3591,28,130,0,0,0,130,0,,,,,,
2026-10-01 09:13:44,7850.0,7905.25,514,253,214,2,0,0,216,0,,,,,,
2026-10-01 09:13:44,7850.0,7905.25,11566,1003,830,0,0,0,830,0,,,,,,
2026-10-01 09:13:44,7855.0,7910.25,2026,2,66,0,0,0,66,0,,,,,,
2026-10-01 09:13:44,7855.0,7910.25,141,0,290,0,149,0,290,149,,,,,,
2026-10-01 09:13:44,7855.0,7910.25,96,0,35,0,0,0,35,0,,,,,,
2026-10-01 09:13:44,7855.0,7910.25,51,0,14,0,0,0,14,0,,,,,,
2026-10-01 09:13:44,7855.0,7910.25,149,0,477,0,328,0,477,328,,,,,,
2026-10-01 09:13:44,7860.0,7915.25,2004,3,204,0,0,0,204,0,,,,,,
2026-10-01 09:13:44,7860.0,7915.25,246,5,54,0,0,0,54,0,,,,,,
2026-10-01 09:13:44,7860.0,7915.25,550,4,38,0,0,0,38,0,,,,,,
2026-10-01 09:13:44,7860.0,7915.25,280,0,13,0,0,0,13,0,,,,,,
2026-10-01 09:13:44,7860.0,7915.25,389,233,249,1,0,0,250,0,,,,,,
2026-10-01 09:13:44,7865.0,7920.25,316,3,31,0,0,0,31,0,,,,,,
2026-10-01 09:13:44,7865.0,7920.25,321,0,139,0,0,0,139,0,,,,,,
2026-10-01 09:13:44,7865.0,7920.25,1576,1,23,0,0,0,23,0,,,,,,
2026-10-01 09:13:44,7865.0,7920.25,29,0,284,0,255,0,284,255,,,,,,
2026-10-01 09:13:44,7865.0,7920.25,57,0,97,0,40,0,97,40,,,,,,
2026-10-01 09:13:44,7870.0,7925.25,344,3,138,0,0,0,138,0,,,,,,
2026-10-01 09:13:44,7870.0,7925.25,229,0,81,0,0,0,81,0,,,,,,
2026-10-01 09:13:44,7870.0,7925.25,1632,2,57,0,0,0,57,0,,,,,,
2026-10-01 09:13:44,7870.0,7925.25,90,0,51,0,0,0,51,0,,,,,,
2026-10-01 09:13:44,7870.0,7925.25,1181,10,45,0,0,0,45,0,,,,,,
2026-10-01 09:13:44,7875.0,7930.25,2058,55,163,0,0,0,163,0,,,,,,
2026-10-01 09:13:44,7875.0,7930.25,537,1,257,0,0,0,257,0,,,,,,
2026-10-01 09:13:44,7875.0,7930.25,321,9,65,0,0,0,65,0,,,,,,
2026-10-01 09:13:44,7875.0,7930.25,224,0,111,0,0,0,111,0,,,,,,
2026-10-01 09:13:44,7875.0,7930.25,2019,4,1152,1,0,0,1153,0,,,,,,
2026-10-01 09:13:44,7880.0,7935.25,281,0,15,0,0,0,15,0,,,,,,
2026-10-01 09:13:44,7880.0,7935.25,222,0,123,0,0,0,123,0,,,,,,
2026-10-01 09:13:44,7880.0,7935.25,193,1,273,0,80,0,273,80,,,,,,
2026-10-01 09:13:44,7880.0,7935.25,106,0,86,0,0,0,86,0,,,,,,
2026-10-01 09:13:44,7880.0,7935.25,379,202,75,0,0,0,75,0,,,,,,
2026-10-01 09:13:44,7885.0,7940.25,355,2,2,0,0,0,2,0,,,,,,
2026-10-01 09:13:44,7885.0,7940.25,244,0,238,0,0,0,238,0,,,,,,
2026-10-01 09:13:44,7885.0,7940.25,128,0,26,0,0,0,26,0,,,,,,
2026-10-01 09:13:44,7885.0,7940.25,37,3,3,0,0,0,3,0,,,,,,
2026-10-01 09:13:44,7885.0,7940.25,93,2,35,1,0,0,36,0,,,,,,
2026-10-01 09:13:44,7890.0,7945.25,386,1,218,0,0,0,218,0,,,,,,
2026-10-01 09:13:44,7890.0,7945.25,322,0,12,0,0,0,12,0,,,,,,
2026-10-01 09:13:44,7890.0,7945.25,147,2,11,0,0,0,11,0,,,,,,
2026-10-01 09:13:44,7890.0,7945.25,141,0,93,0,0,0,93,0,,,,,,
2026-10-01 09:13:44,7890.0,7945.25,477,5,36,0,0,0,36,0,,,,,,
2026-10-01 09:13:44,7895.0,7950.25,345,3,91,0,0,0,91,0,,,,,,
2026-10-01 09:13:44,7895.0,7950.25,190,0,3,0,0,0,3,0,,,,,,
2026-10-01 09:13:44,7895.0,7950.25,251,0,77,0,0,0,77,0,,,,,,
2026-10-01 09:13:44,7895.0,7950.25,39,0,11,0,0,0,11,0,,,,,,
2026-10-01 09:13:44,7895.0,7950.25,43,0,112,0,69,0,112,69,,,,,,
2026-10-01 09:13:44,7900.0,7955.25,2977,18,414,0,0,0,414,0,,,,,,
2026-10-01 09:13:44,7900.0,7955.25,833,4,96,0,0,0,96,0,,,,,,
2026-10-01 09:13:44,7900.0,7955.25,987,11,107,0,0,0,107,0,,,,,,
2026-10-01 09:13:44,7900.0,7955.25,553,0,277,0,0,0,277,0,,,,,,
2026-10-01 09:13:44,7900.0,7955.25,3304,40,248,0,0,0,248,0,,,,,,
2026-10-01 09:13:44,7905.0,7960.25,687,1,12,0,0,0,12,0,,,,,,
2026-10-01 09:13:44,7905.0,7960.25,278,0,3,0,0,0,3,0,,,,,,
2026-10-01 09:13:44,7910.0,7965.25,564,2,237,0,0,0,237,0,,,,,,
2026-10-01 09:13:44,7910.0,7965.25,446,0,30,0,0,0,30,0,,,,,,
2026-10-01 09:13:44,7910.0,7965.25,793,1,63,0,0,0,63,0,,,,,,
2026-10-01 09:13:44,7910.0,7965.25,97,0,54,0,0,0,54,0,,,,,,
2026-10-01 09:13:44,7910.0,7965.25,1323,1,51,0,0,0,51,0,,,,,,
2026-10-01 09:13:44,7915.0,7970.25,575,2,112,0,0,0,112,0,,,,,,
2026-10-01 09:13:44,7915.0,7970.25,303,0,10,0,0,0,10,0,,,,,,
2026-10-01 09:13:44,7920.0,7975.25,378,1,14,0,0,0,14,0,,,,,,
2026-10-01 09:13:44,7920.0,7975.25,329,0,6,0,0,0,6,0,,,,,,
2026-10-01 09:13:44,7920.0,7975.25,385,1,10,0,0,0,10,0,,,,,,
2026-10-01 09:13:44,7920.0,7975.25,134,0,59,0,0,0,59,0,,,,,,
2026-10-01 09:13:44,7920.0,7975.25,755,2,26,0,0,0,26,0,,,,,,
2026-10-01 09:13:44,7925.0,7980.25,1355,3,61,0,0,0,61,0,,,,,,
2026-10-01 09:13:44,7925.0,7980.25,592,5,53,0,0,0,53,0,,,,,,
2026-10-01 09:13:44,7925.0,7980.25,754,0,63,0,0,0,63,0,,,,,,
2026-10-01 09:13:44,7925.0,7980.25,1323,451,59,0,0,0,59,0,,,,,,
2026-10-01 09:13:44,7925.0,7980.25,786,6,67,0,0,0,67,0,,,,,,
2026-10-01 09:13:44,7930.0,7985.25,536,1,153,0,0,0,153,0,,,,,,
2026-10-01 09:13:44,7930.0,7985.25,518,0,0,0,0,0,0,0,,,,,,
2026-10-01 09:13:44,7930.0,7985.25,377,1,28,0,0,0,28,0,,,,,,
2026-10-01 09:13:44,7930.0,7985.25,89,0,162,0,73,0,162,73,,,,,,
2026-10-01 09:13:44,7930.0,7985.25,780,0,56,0,0,0,56,0,,,,,,
2026-10-01 09:13:44,7940.0,7995.25,693,0,63,0,0,0,63,0,,,,,,
2026-10-01 09:13:44,7940.0,7995.25,449,5,2,0,0,0,2,0,,,,,,
2026-10-01 09:13:44,7940.0,7995.25,436,0,0,0,0,0,0,0,,,,,,
2026-10-01 09:13:44,7940.0,7995.25,283,2,54,0,0,0,54,0,,,,,,
2026-10-01 09:13:44,7940.0,7995.25,525,3,64,0,0,0,64,0,,,,,,
2026-10-01 09:13:44,7950.0,8005.25,1269,3,13,0,0,0,13,0,,,,,,
2026-10-01 09:13:44,7950.0,8005.25,600,2,18,2,0,0,20,0,,,,,,
2026-10-01 09:13:44,7950.0,8005.25,780,5,78,0,0,0,78,0,,,,,,
2026-10-01 09:13:44,7950.0,8005.25,234,2,53,1,0,0,54,0,,,,,,
2026-10-01 09:13:44,7950.0,8005.25,2846,16,206,0,0,0,206,0,,,,,,
2026-10-01 09:13:44,7960.0,8015.25,1023,0,3,0,0,0,3,0,,,,,,
2026-10-01 09:13:44,7960.0,8015.25,316,0,106,0,0,0,106,0,,,,,,
2026-10-01 09:13:44,7960.0,8015.25,248,0,140,0,0,0,140,0,,,,,,
2026-10-01 09:13:44,7960.0,8015.25,86,0,31,0,0,0,31,0,,,,,,
2026-10-01 09:13:44,7960.0,8015.25,712,2,127,0,0,0,127,0,,,,,,
2026-10-01 09:13:44,7970.0,8025.25,889,0,102,0,0,0,102,0,,,,,,
2026-10-01 09:13:44,7970.0,8025.25,203,0,0,0,0,0,0,0,,,,,,
2026-10-01 09:13:44,7970.0,8025.25,243,0,1,0,0,0,1,0,,,,,,
2026-10-01 09:13:44,7970.0,8025.25,90,0,7,0,0,0,7,0,,,,,,
2026-10-01 09:13:44,7970.0,8025.25,120,0,39,0,0,0,39,0,,,,,,
2026-10-01 09:13:44,7975.0,8030.25,1383,0,112,0,0,0,112,0,,,,,,
2026-10-01 09:13:44,7975.0,8030.25,480,0,0,0,0,0,0,0,,,,,,
2026-10-01 09:13:44,7975.0,8030.25,451,0,53,0,0,0,53,0,,,,,,
2026-10-01 09:13:44,7975.0,8030.25,246,0,22,0,0,0,22,0,,,,,,
2026-10-01 09:13:44,7975.0,8030.25,1003,28,56,0,0,0,56,0,,,,,,
2026-10-01 09:13:44,7980.0,8035.25,369,0,1,0,0,0,1,0,,,,,,
2026-10-01 09:13:44,7980.0,8035.25,201,0,78,0,0,0,78,0,,,,,,
2026-10-01 09:13:44,7980.0,8035.25,303,1,1,0,0,0,1,0,,,,,,
2026-10-01 09:13:44,7990.0,8045.25,477,0,0,0,0,0,0,0,,,,,,
2026-10-01 09:13:44,7990.0,8045.25,236,0,2,0,0,0,2,0,,,,,,
2026-10-01 09:13:44,7990.0,8045.25,105,1,13,1,0,0,14,0,,,,,,
2026-10-01 09:13:44,8000.0,8055.25,4052,1,285,0,0,0,285,0,,,,,,
2026-10-01 09:13:44,8000.0,8055.25,1087,0,317,0,0,0,317,0,,,,,,
2026-10-01 09:13:44,8000.0,8055.25,3196,3,594,0,0,0,594,0,,,,,,
2026-10-01 09:13:44,8000.0,8055.25,215,1,149,0,0,0,149,0,,,,,,
2026-10-01 09:13:44,8000.0,8055.25,1890,30,74,0,0,0,74,0,,,,,,
2026-10-01 09:13:44,8010.0,8065.25,202,1,7,0,0,0,7,0,,,,,,
2026-10-01 09:13:44,8020.0,8075.25,310,0,0,0,0,0,0,0,,,,,,
2026-10-01 09:13:44,8025.0,8080.25,1181,0,0,0,0,0,0,0,,,,,,
2026-10-01 09:13:44,8025.0,8080.25,421,0,0,0,0,0,0,0,,,,,,
2026-10-01 09:13:44,8025.0,8080.25,363,4,2,0,0,0,2,0,,,,,,
2026-10-01 09:13:44,8025.0,8080.25,238,0,7,0,0,0,7,0,,,,,,
2026-10-01 09:13:44,8025.0,8080.25,1019,0,22,0,0,0,22,0,,,,,,
2026-10-01 09:13:44,8030.0,8085.25,91,0,7,0,0,0,7,0,,,,,,
2026-10-01 09:13:44,8040.0,8095.25,88,0,20,0,0,0,20,0,,,,,,
2026-10-01 09:13:44,8050.0,8105.25,2736,1,394,0,0,0,394,0,,,,,,
2026-10-01 09:13:44,8050.0,8105.25,414,0,0,0,0,0,0,0,,,,,,
2026-10-01 09:13:44,8050.0,8105.25,691,0,0,0,0,0,0,0,,,,,,
2026-10-01 09:13:44,8050.0,8105.25,426,0,10,0,0,0,10,0,,,,,,
2026-10-01 09:13:44,8050.0,8105.25,428,0,69,0,0,0,69,0,,,,,,
2026-10-01 09:13:44,8060.0,8115.25,161,0,0,0,0,0,0,0,,,,,,
2026-10-01 09:13:44,8070.0,8125.25,22,0,2,0,0,0,2,0,,,,,,
2026-10-01 09:13:44,8075.0,8130.25,473,0,252,0,0,0,252,0,,,,,,
2026-10-01 09:13:44,8075.0,8130.25,436,1,0,0,0,0,0,0,,,,,,
2026-10-01 09:13:44,8075.0,8130.25,97,3,402,0,305,0,402,305,,,,,,
2026-10-01 09:13:44,8075.0,8130.25,512,0,0,0,0,0,0,0,,,,,,
2026-10-01 09:13:44,8075.0,8130.25,326,25,9,0,0,0,9,0,,,,,,
2026-10-01 09:13:44,8080.0,8135.25,17,0,2,0,0,0,2,0,,,,,,
2026-10-01 09:13:44,8090.0,8145.25,42,30,0,0,0,0,0,0,,,,,,
2026-10-01 09:13:44,8100.0,8155.25,423,4,103,0,0,0,103,0,,,,,,
2026-10-01 09:13:44,8100.0,8155.25,261,3,127,0,0,0,127,0,,,,,,
2026-10-01 09:13:44,8100.0,8155.25,131,1,0,0,0,0,0,0,,,,,,
2026-10-01 09:13:44,8100.0,8155.25,50,0,0,2,0,2,2,2,,,,,,
2026-10-01 09:13:44,8100.0,8155.25,968,25,16,0,0,0,16,0,,,,,,
2026-10-01 09:13:44,8110.0,8165.25,12,0,4,0,0,0,4,0,,,,,,
2026-10-01 09:13:44,8120.0,8175.25,5,0,2,0,0,0,2,0,,,,,,
2026-10-01 09:13:44,8125.0,8180.25,997,0,22,0,0,0,22,0,,,,,,
2026-10-01 09:13:44,8125.0,8180.25,47,0,13,0,0,0,13,0,,,,,,
2026-10-01 09:13:44,8125.0,8180.25,73,2,0,2,0,0,2,0,,,,,,
2026-10-01 09:13:44,8125.0,8180.25,11,0,0,0,0,0,0,0,,,,,,
2026-10-01 09:13:44,8125.0,8180.25,322,30,0,0,0,0,0,0,,,,,,
2026-10-01 09:13:44,8130.0,8185.25,542,2,0,0,0,0,0,0,,,,,,
2026-10-01 09:13:44,8150.0,8205.25,344,0,12,1,0,1,13,1,,,,,,
2026-10-01 09:13:44,8150.0,8205.25,139,0,5,0,0,0,5,0,,,,,,
2026-10-01 09:13:44,8150.0,8205.25,23,0,0,0,0,0,0,0,,,,,,
2026-10-01 09:13:44,8150.0,8205.25,16,0,0,0,0,0,0,0,,,,,,
2026-10-01 09:13:44,8150.0,8205.25,394,2,5,0,0,0,5,0,,,,,,
2026-10-01 09:13:44,8175.0,8230.25,407,0,4,0,0,0,4,0,,,,,,
2026-10-01 09:13:44,8175.0,8230.25,51,0,0,0,0,0,0,0,,,,,,
2026-10-01 09:13:44,8175.0,8230.25,27,1,0,0,0,0,0,0,,,,,,
2026-10-01 09:13:44,8175.0,8230.25,6,0,0,0,0,0,0,0,,,,,,
2026-10-01 09:13:44,8175.0,8230.25,242,0,23,0,0,0,23,0,,,,,,
2026-10-01 09:13:44,8200.0,8255.25,598,1,0,0,0,0,0,0,,,,,,
2026-10-01 09:13:44,8200.0,8255.25,83,0,0,0,0,0,0,0,,,,,,
2026-10-01 09:13:44,8200.0,8255.25,18,0,1,0,0,0,1,0,,,,,,
2026-10-01 09:13:44,8200.0,8255.25,8,1,0,0,0,0,0,0,,,,,,
2026-10-01 09:13:44,8200.0,8255.25,974,0,14,0,0,0,14,0,,,,,,
2026-10-01 09:13:44,8225.0,8280.25,130,0,0,0,0,0,0,0,,,,,,
2026-10-01 09:13:44,8225.0,8280.25,67,0,0,0,0,0,0,0,,,,,,
2026-10-01 09:13:44,8225.0,8280.25,5,0,0,0,0,0,0,0,,,,,,
2026-10-01 09:13:44,8225.0,8280.25,21,0,0,0,0,0,0,0,,,,,,
2026-10-01 09:13:44,8225.0,8280.25,810,0,1,0,0,0,1,0,,,,,,
2026-10-01 09:13:44,8250.0,8305.25,199,0,0,0,0,0,0,0,,,,,,
2026-10-01 09:13:44,8250.0,8305.25,133,0,0,0,0,0,0,0,,,,,,
2026-10-01 09:13:44,8250.0,8305.25,4,0,0,0,0,0,0,0,,,,,,
2026-10-01 09:13:44,8250.0,8305.25,1,0,0,0,0,0,0,0,,,,,,
2026-10-01 09:13:44,8250.0,8305.25,110,0,0,0,0,0,0,0,,,,,,
2026-10-01 09:13:44,8275.0,8330.25,454,0,0,0,0,0,0,0,,,,,,
2026-10-01 09:13:44,8275.0,8330.25,95,0,0,0,0,0,0,0,,,,,,
2026-10-01 09:13:44,8275.0,8330.25,7,0,0,0,0,0,0,0,,,,,,
2026-10-01 09:13:44,8275.0,8330.25,2,0,0,0,0,0,0,0,,,,,,
2026-10-01 09:13:44,8275.0,8330.25,6,0,0,0,0,0,0,0,,,,,,
2026-10-01 09:13:44,8300.0,8355.25,149,1,0,0,0,0,0,0,,,,,,
2026-10-01 09:13:44,8300.0,8355.25,91,0,0,0,0,0,0,0,,,,,,
2026-10-01 09:13:44,8300.0,8355.25,11,0,0,0,0,0,0,0,,,,,,
2026-10-01 09:13:44,8300.0,8355.25,10,2,0,0,0,0,0,0,,,,,,
2026-10-01 09:13:44,8300.0,8355.25,2179,0,161,0,0,0,161,0,,,,,,
2026-10-01 09:13:44,8325.0,8380.25,0,0,0,0,0,0,0,0,,,,,,
2026-10-01 09:13:44,8350.0,8405.25,299,1,0,0,0,0,0,0,,,,,,
2026-10-01 09:13:44,8375.0,8430.25,6250,0,0,0,0,0,0,0,,,,,,
2026-10-01 09:13:44,8400.0,8455.25,571,1,0,0,0,0,0,0,,,,,,
2026-10-01 09:13:44,8400.0,8455.25,45,0,0,0,0,0,0,0,,,,,,
2026-10-01 09:13:44,8400.0,8455.25,8,0,0,0,0,0,0,0,,,,,,
2026-10-01 09:13:44,8400.0,8455.25,8,0,0,0,0,0,0,0,,,,,,
2026-10-01 09:13:44,8400.0,8455.25,1374,0,1,0,0,0,1,0,,,,,,
2026-10-01 09:13:44,8425.0,8480.25,0,0,0,0,0,0,0,0,,,,,,
2026-10-01 09:13:44,8450.0,8505.25,252,0,0,0,0,0,0,0,,,,,,
2026-10-01 09:13:44,8500.0,8555.25,105,0,1,0,0,0,1,0,,,,,,
2026-10-01 09:13:44,8500.0,8555.25,13,2,0,0,0,0,0,0,,,,,,
2026-10-01 09:13:44,8500.0,8555.25,48,0,1,0,0,0,1,0,,,,,,
2026-10-01 09:13:44,8500.0,8555.25,1,0,0,0,0,0,0,0,,,,,,
2026-10-01 09:13:44,8500.0,8555.25,328,0,93,0,0,0,93,0,,,,,,
2026-10-01 09:13:44,8600.0,8655.25,19,0,9,0,0,0,9,0,,,,,,
2026-10-01 09:13:44,8600.0,8655.25,114,0,0,0,0,0,0,0,,,,,,
2026-10-01 09:13:44,8600.0,8655.25,38,0,0,0,0,0,0,0,,,,,,
2026-10-01 09:13:44,8600.0,8655.25,20,0,0,0,0,0,0,0,,,,,,
2026-10-01 09:13:44,8600.0,8655.25,335,0,0,0,0,0,0,0,,,,,,
2026-10-01 09:13:44,8700.0,8755.25,3,0,0,0,0,0,0,0,,,,,,
2026-10-01 09:13:44,8800.0,8855.25,50,0,3,1,0,1,4,1,,,,,,
2026-10-01 09:13:44,8800.0,8855.25,7,0,1,0,0,0,1,0,,,,,,
2026-10-01 09:13:44,8800.0,8855.25,11,0,0,0,0,0,0,0,,,,,,
2026-10-01 09:13:44,8800.0,8855.25,3000,0,0,0,0,0,0,0,,,,,,
2026-10-01 09:13:44,8800.0,8855.25,61,0,0,0,0,0,0,0,,,,,,
2026-10-01 09:13:44,9000.0,9055.25,36,0,0,0,0,0,0,0,,,,,,
2026-10-01 09:13:44,9000.0,9055.25,1,0,0,0,0,0,0,0,,,,,,
2026-10-01 09:13:44,9000.0,9055.25,0,0,0,0,0,0,0,0,,,,,,
2026-10-01 09:13:44,9000.0,9055.25,1,0,0,0,0,0,0,0,,,,,,
2026-10-01 09:13:44,9000.0,9055.25,1043,1002,0,0,0,0,0,0,,,,,,
