timestamp_current,timestamp_previous,strikePrice,expirationDate,Theo ES,call_vol_diff,put_vol_diff,call_premium_of_vol_diff,put_premium_of_vol_diff,call_vol_oi_ratio_current,put_vol_oi_ratio_current,call_vol_chng_pct,put_vol_chng_pct
2026-10-08T08:29:57,2026-10-08T08:00:00,6280.0,2026-12-31,6330.25,0,0,0.0,0.0,0.0,0.0,,
2026-10-08T08:29:57,2026-10-08T08:00:00,6285.0,2026-12-31,6335.25,0,0,0.0,0.0,,0.0,,
2026-10-08T08:29:57,2026-10-08T08:00:00,6290.0,2026-12-31,6340.25,0,0,0.0,0.0,0.0,0.0,,
2026-10-08T08:29:57,2026-10-08T08:00:00,6295.0,2026-12-31,6345.25,0,0,0.0,0.0,0.0,0.0,,
2026-10-08T08:29:57,2026-10-08T08:00:00,6300.0,2026-12-31,6350.25,0,0,0.0,0.0,0.0,0.0,,
2026-10-08T08:29:57,2026-10-08T08:00:00,6300.0,2027-01-15,6350.25,0,1,0.0,2504.9999999999995,,0.012658227848101266,,
2026-10-08T08:29:57,2026-10-08T08:00:00,6305.0,2026-12-31,6355.25,0,0,0.0,0.0,,0.0,,
2026-10-08T08:29:57,2026-10-08T08:00:00,6310.0,2026-12-31,6360.25,0,0,0.0,0.0,,0.0,,
2026-10-08T08:29:57,2026-10-08T08:00:00,6315.0,2026-12-31,6365.25,0,0,0.0,0.0,,0.0,,
2026-10-08T08:29:57,2026-10-08T08:00:00,6320.0,2026-12-31,6370.25,0,0,0.0,0.0,,0.0,,
2026-10-08T08:29:57,2026-10-08T08:00:00,6325.0,2026-12-31,6375.25,0,0,0.0,0.0,0.0,0.0,,
2026-10-08T08:29:57,2026-10-08T08:00:00,6325.0,2027-01-15,6375.25,0,4,0.0,10220.0,0.0,0.002722940776038121,,
2026-10-08T08:29:57,2026-10-08T08:00:00,6330.0,2026-12-31,6380.25,0,0,0.0,0.0,,0.0,,
2026-10-08T08:29:57,2026-10-08T08:00:00,6335.0,2026-12-31,6385.25,0,0,0.0,0.0,,0.0,,
2026-10-08T08:29:57,2026-10-08T08:00:00,6340.0,2026-12-31,6390.25,0,0,0.0,0.0,0.0,0.0,,
2026-10-08T08:29:57,2026-10-08T08:00:00,6345.0,2026-12-31,6395.25,0,0,0.0,0.0,,0.0,,
2026-10-08T08:29:57,2026-10-08T08:00:00,6350.0,2026-12-31,6400.25,0,5,0.0,10274.999999999998,0.0,0.008169934640522876,,
2026-10-08T08:29:57,2026-10-08T08:00:00,6350.0,2027-01-15,6400.25,0,0,0.0,0.0,,0.0,,
2026-10-08T08:29:57,2026-10-08T08:00:00,6355.0,2026-12-31,6405.25,0,0,0.0,0.0,0.0,0.0,,
2026-10-08T08:29:57,2026-10-08T08:00:00,6360.0,2026-12-31,6410.25,0,0,0.0,0.0,0.0,0.0,,
2026-10-08T08:29:57,2026-10-08T08:00:00,6365.0,2026-12-31,6415.25,0,0,0.0,0.0,0.0,0.0,,
2026-10-08T08:29:57,2026-10-08T08:00:00,6370.0,2026-12-31,6420.25,0,0,0.0,0.0,0.0,0.0,,
2026-10-08T08:29:57,2026-10-08T08:00:00,6375.0,2026-12-31,6425.25,0,0,0.0,0.0,0.0,0.0,,
2026-10-08T08:29:57,2026-10-08T08:00:00,6375.0,2027-01-15,6425.25,0,0,0.0,0.0,0.0,0.0,,
2026-10-08T08:29:57,2026-10-08T08:00:00,6380.0,2026-12-31,6430.25,0,0,0.0,0.0,,0.0,,
2026-10-08T08:29:57,2026-10-08T08:00:00,6385.0,2026-12-31,6435.25,0,0,0.0,0.0,0.0,0.0,,
2026-10-08T08:29:57,2026-10-08T08:00:00,6390.0,2026-12-31,6440.25,0,0,0.0,0.0,0.0,0.0,,
2026-10-08T08:29:57,2026-10-08T08:00:00,6395.0,2026-12-31,6445.25,0,0,0.0,0.0,,0.0,,
2026-10-08T08:29:57,2026-10-08T08:00:00,6400.0,2026-12-31,6450.25,0,5,0.0,10875.0,0.0,0.0008991188635137566,,
2026-10-08T08:29:57,2026-10-08T08:00:00,6400.0,2027-01-15,6450.25,0,0,0.0,0.0,0.0,0.0,,
2026-10-08T08:29:57,2026-10-08T08:00:00,6405.0,2026-12-31,6455.25,0,0,0.0,0.0,,0.0,,
2026-10-08T08:29:57,2026-10-08T08:00:00,6410.0,2026-12-31,6460.25,0,0,0.0,0.0,0.0,0.0,,
2026-10-08T08:29:57,2026-10-08T08:00:00,6415.0,2026-12-31,6465.25,0,0,0.0,0.0,0.0,0.0,,
2026-10-08T08:29:57,2026-10-08T08:00:00,6420.0,2026-12-31,6470.25,0,0,0.0,0.0,0.0,0.0,,
2026-10-08T08:29:57,2026-10-08T08:00:00,6425.0,2026-12-31,6475.25,0,0,0.0,0.0,0.0,0.0,,
2026-10-08T08:29:57,2026-10-08T08:00:00,6425.0,2027-01-15,6475.25,0,16,0.0,45920.0,,0.8888888888888888,,
2026-10-08T08:29:57,2026-10-08T08:00:00,6430.0,2026-12-31,6480.25,0,6,0.0,13500.0,,0.07692307692307693,,
2026-10-08T08:29:57,2026-10-08T08:00:00,6435.0,2026-12-31,6485.25,0,0,0.0,0.0,,0.0,,
2026-10-08T08:29:57,2026-10-08T08:00:00,6440.0,2026-12-31,6490.25,0,0,0.0,0.0,0.0,0.0,,
2026-10-08T08:29:57,2026-10-08T08:00:00,6445.0,2026-12-31,6495.25,0,0,0.0,0.0,,0.0,,
2026-10-08T08:29:57,2026-10-08T08:00:00,6450.0,2026-12-31,6500.25,0,0,0.0,0.0,0.0,0.0,,
2026-10-08T08:29:57,2026-10-08T08:00:00,6450.0,2027-01-15,6500.25,0,0,0.0,0.0,,0.0,,
2026-10-08T08:29:57,2026-10-08T08:00:00,6455.0,2026-12-31,6505.25,0,0,0.0,0.0,,0.0,,
2026-10-08T08:29:57,2026-10-08T08:00:00,6460.0,2026-12-31,6510.25,0,0,0.0,0.0,0.0,0.0,,
2026-10-08T08:29:57,2026-10-08T08:00:00,6465.0,2026-12-31,6515.25,0,0,0.0,0.0,0.0,0.0,,
2026-10-08T08:29:57,2026-10-08T08:00:00,6470.0,2026-12-31,6520.25,0,0,0.0,0.0,0.0,0.0,,
2026-10-08T08:29:57,2026-10-08T08:00:00,6475.0,2026-12-31,6525.25,0,0,0.0,0.0,0.0,0.0,,
2026-10-08T08:29:57,2026-10-08T08:00:00,6475.0,2027-01-15,6525.25,0,0,0.0,0.0,,0.0,,
2026-10-08T08:29:57,2026-10-08T08:00:00,6480.0,2026-12-31,6530.25,0,0,0.0,0.0,0.0,0.0,,
2026-10-08T08:29:57,2026-10-08T08:00:00,6485.0,2026-12-31,6535.25,0,0,0.0,0.0,0.0,0.0,,
2026-10-08T08:29:57,2026-10-08T08:00:00,6490.0,2026-12-31,6540.25,0,0,0.0,0.0,0.0,0.0,,
2026-10-08T08:29:57,2026-10-08T08:00:00,6495.0,2026-12-31,6545.25,0,0,0.0,0.0,0.0,0.0,,
2026-10-08T08:29:57,2026-10-08T08:00:00,6500.0,2026-12-31,6550.25,0,0,0.0,0.0,0.0,0.0,,
2026-10-08T08:29:57,2026-10-08T08:00:00,6500.0,2027-01-15,6550.25,0,0,0.0,0.0,,0.0,,
2026-10-08T08:29:57,2026-10-08T08:00:00,6505.0,2026-12-31,6555.25,0,0,0.0,0.0,0.0,0.0,,
2026-10-08T08:29:57,2026-10-08T08:00:00,6510.0,2026-12-31,6560.25,0,0,0.0,0.0,0.0,0.0,,
2026-10-08T08:29:57,2026-10-08T08:00:00,6515.0,2026-12-31,6565.25,0,0,0.0,0.0,0.0,0.0,,
2026-10-08T08:29:57,2026-10-08T08:00:00,6520.0,2026-12-31,6570.25,0,0,0.0,0.0,0.0,0.0,,
2026-10-08T08:29:57,2026-10-08T08:00:00,6525.0,2026-12-31,6575.25,0,10,0.0,25200.0,0.0,0.2222222222222222,,
2026-10-08T08:29:57,2026-10-08T08:00:00,6525.0,2027-01-15,6575.25,0,0,0.0,0.0,,0.0,,
2026-10-08T08:29:57,2026-10-08T08:00:00,6530.0,2026-12-31,6580.25,0,0,0.0,0.0,0.0,0.0,,
2026-10-08T08:29:57,2026-10-08T08:00:00,6535.0,2026-12-31,6585.25,0,0,0.0,0.0,0.0,0.0,,
2026-10-08T08:29:57,2026-10-08T08:00:00,6540.0,2026-12-31,6590.25,0,0,0.0,0.0,0.0,0.0,,
2026-10-08T08:29:57,2026-10-08T08:00:00,6545.0,2026-12-31,6595.25,0,0,0.0,0.0,0.0,0.0,,
2026-10-08T08:29:57,2026-10-08T08:00:00,6550.0,2026-12-31,6600.25,0,15,0.0,39000.0,0.0,0.028790786948176585,,
2026-10-08T08:29:57,2026-10-08T08:00:00,6550.0,2027-01-15,6600.25,0,0,0.0,0.0,0.0,0.0,,
2026-10-08T08:29:57,2026-10-08T08:00:00,6555.0,2026-12-31,6605.25,0,0,0.0,0.0,0.0,0.0,,
2026-10-08T08:29:57,2026-10-08T08:00:00,6560.0,2026-12-31,6610.25,0,0,0.0,0.0,0.0,0.0,,
2026-10-08T08:29:57,2026-10-08T08:00:00,6560.0,2027-01-15,6610.25,0,0,0.0,0.0,,0.0,,
2026-10-08T08:29:57,2026-10-08T08:00:00,6565.0,2026-12-31,6615.25,0,0,0.0,0.0,,0.0,,
2026-10-08T08:29:57,2026-10-08T08:00:00,6570.0,2026-12-31,6620.25,0,0,0.0,0.0,0.0,0.0,,
2026-10-08T08:29:57,2026-10-08T08:00:00,6570.0,2027-01-15,6620.25,0,0,0.0,0.0,,,,
2026-10-08T08:29:57,2026-10-08T08:00:00,6575.0,2026-12-31,6625.25,0,0,0.0,0.0,0.0,0.0,,
2026-10-08T08:29:57,2026-10-08T08:00:00,6575.0,2027-01-15,6625.25,0,0,0.0,0.0,,0.0,,
2026-10-08T08:29:57,2026-10-08T08:00:00,6580.0,2026-12-31,6630.25,0,0,0.0,0.0,0.0,0.0,,
2026-10-08T08:29:57,2026-10-08T08:00:00,6580.0,2027-01-15,6630.25,0,0,0.0,0.0,,,,
2026-10-08T08:29:57,2026-10-08T08:00:00,6585.0,2026-12-31,6635.25,0,0,0.0,0.0,0.0,0.0,,
2026-10-08T08:29:57,2026-10-08T08:00:00,6590.0,2026-12-31,6640.25,0,0,0.0,0.0,0.0,0.0,,
2026-10-08T08:29:57,2026-10-08T08:00:00,6590.0,2027-01-15,6640.25,0,0,0.0,0.0,,,,
2026-10-08T08:29:57,2026-10-08T08:00:00,6595.0,2026-12-31,6645.25,0,0,0.0,0.0,0.0,0.0,,
2026-10-08T08:29:57,2026-10-08T08:00:00,6600.0,2026-12-31,6650.25,0,196,0.0,541940.0,0.0,0.09232218558643429,,
2026-10-08T08:29:57,2026-10-08T08:00:00,6600.0,2027-01-15,6650.25,0,6,0.0,21030.0,0.0,0.012269938650306749,,
2026-10-08T08:29:57,2026-10-08T08:00:00,6605.0,2026-12-31,6655.25,0,0,0.0,0.0,0.0,0.0,,
2026-10-08T08:29:57,2026-10-08T08:00:00,6610.0,2026-12-31,6660.25,0,0,0.0,0.0,0.0,0.0,,
2026-10-08T08:29:57,2026-10-08T08:00:00,6610.0,2027-01-15,6660.25,0,0,0.0,0.0,,0.0,,
2026-10-08T08:29:57,2026-10-08T08:00:00,6615.0,2026-12-31,6665.25,0,0,0.0,0.0,0.0,0.0,,
2026-10-08T08:29:57,2026-10-08T08:00:00,6620.0,2026-12-31,6670.25,0,0,0.0,0.0,0.0,0.0,,
2026-10-08T08:29:57,2026-10-08T08:00:00,6620.0,2027-01-15,6670.25,0,0,0.0,0.0,,,,
2026-10-08T08:29:57,2026-10-08T08:00:00,6625.0,2026-12-31,6675.25,0,0,0.0,0.0,0.0,0.0,,
2026-10-08T08:29:57,2026-10-08T08:00:00,6625.0,2027-01-15,6675.25,0,0,0.0,0.0,,0.0,,
2026-10-08T08:29:57,2026-10-08T08:00:00,6630.0,2026-12-31,6680.25,0,0,0.0,0.0,0.0,0.0,,
2026-10-08T08:29:57,2026-10-08T08:00:00,6630.0,2027-01-15,6680.25,0,1,0.0,3629.9999999999995,,0.3333333333333333,,
2026-10-08T08:29:57,2026-10-08T08:00:00,6635.0,2026-12-31,6685.25,0,0,0.0,0.0,0.0,0.0,,
2026-10-08T08:29:57,2026-10-08T08:00:00,6640.0,2026-12-31,6690.25,0,1,0.0,2904.9999999999995,0.0,0.058823529411764705,,
2026-10-08T08:29:57,2026-10-08T08:00:00,6640.0,2027-01-15,6690.25,0,0,0.0,0.0,,0.0,,
2026-10-08T08:29:57,2026-10-08T08:00:00,6645.0,2026-12-31,6695.25,0,0,0.0,0.0,0.0,0.0,,
2026-10-08T08:29:57,2026-10-08T08:00:00,6650.0,2026-12-31,6700.25,0,0,0.0,0.0,0.0,0.0,,
2026-10-08T08:29:57,2026-10-08T08:00:00,6650.0,2027-01-15,6700.25,0,0,0.0,0.0,,0.0,,
2026-10-08T08:29:57,2026-10-08T08:00:00,6655.0,2026-12-31,6705.25,0,0,0.0,0.0,0.0,0.0,,
2026-10-08T08:29:57,2026-10-08T08:00:00,6660.0,2026-12-31,6710.25,0,10,0.0,29800.0,0.0,0.026737967914438502,,
2026-10-08T08:29:57,2026-10-08T08:00:00,6660.0,2027-01-15,6710.25,0,0,0.0,0.0,,0.0,,
2026-10-08T08:29:57,2026-10-08T08:00:00,6665.0,2026-12-31,6715.25,0,0,0.0,0.0,0.0,0.0,,
2026-10-08T08:29:57,2026-10-08T08:00:00,6670.0,2026-12-31,6720.25,0,0,0.0,0.0,0.0,0.0,,
2026-10-08T08:29:57,2026-10-08T08:00:00,6670.0,2027-01-15,6720.25,0,0,0.0,0.0,,0.0,,
2026-10-08T08:29:57,2026-10-08T08:00:00,6675.0,2026-12-31,6725.25,0,0,0.0,0.0,0.0,0.0,,
2026-10-08T08:29:57,2026-10-08T08:00:00,6675.0,2027-01-15,6725.25,0,4,0.0,15219.999999999998,0.0,0.0029784065524944155,,
2026-10-08T08:29:57,2026-10-08T08:00:00,6680.0,2026-12-31,6730.25,0,0,0.0,0.0,0.0,0.0,,
2026-10-08T08:29:57,2026-10-08T08:00:00,6680.0,2027-01-15,6730.25,0,0,0.0,0.0,,0.0,,
2026-10-08T08:29:57,2026-10-08T08:00:00,6685.0,2026-12-31,6735.25,0,0,0.0,0.0,,0.0,,
2026-10-08T08:29:57,2026-10-08T08:00:00,6690.0,2026-12-31,6740.25,0,0,0.0,0.0,0.0,0.0,,
2026-10-08T08:29:57,2026-10-08T08:00:00,6690.0,2027-01-15,6740.25,0,0,0.0,0.0,,0.0,,
2026-10-08T08:29:57,2026-10-08T08:00:00,6695.0,2026-12-31,6745.25,0,0,0.0,0.0,,0.0,,
2026-10-08T08:29:57,2026-10-08T08:00:00,6700.0,2026-12-31,6750.25,0,45,0.0,141300.0,0.0,0.013325436778205508,,
2026-10-08T08:29:57,2026-10-08T08:00:00,6700.0,2027-01-15,6750.25,0,17,0.0,67234.99999999999,,0.4594594594594595,,
2026-10-08T08:29:57,2026-10-08T08:00:00,6705.0,2026-12-31,6755.25,0,0,0.0,0.0,0.0,0.0,,
2026-10-08T08:29:57,2026-10-08T08:00:00,6710.0,2026-12-31,6760.25,0,0,0.0,0.0,0.0,0.0,,
2026-10-08T08:29:57,2026-10-08T08:00:00,6710.0,2027-01-15,6760.25,0,0,0.0,0.0,,0.0,,
2026-10-08T08:29:57,2026-10-08T08:00:00,6715.0,2026-12-31,6765.25,0,0,0.0,0.0,0.0,0.0,,
2026-10-08T08:29:57,2026-10-08T08:00:00,6720.0,2026-12-31,6770.25,0,0,0.0,0.0,0.0,0.0,,
2026-10-08T08:29:57,2026-10-08T08:00:00,6720.0,2027-01-15,6770.25,0,0,0.0,0.0,,0.0,,
2026-10-08T08:29:57,2026-10-08T08:00:00,6725.0,2026-12-31,6775.25,0,0,0.0,0.0,0.0,0.0,,
2026-10-08T08:29:57,2026-10-08T08:00:00,6725.0,2027-01-15,6775.25,0,0,0.0,0.0,0.0,0.0,,
2026-10-08T08:29:57,2026-10-08T08:00:00,6730.0,2026-12-31,6780.25,0,0,0.0,0.0,0.0,0.0,,
2026-10-08T08:29:57,2026-10-08T08:00:00,6730.0,2027-01-15,6780.25,0,0,0.0,0.0,,0.0,,
2026-10-08T08:29:57,2026-10-08T08:00:00,6735.0,2026-12-31,6785.25,0,0,0.0,0.0,0.0,0.0,,
2026-10-08T08:29:57,2026-10-08T08:00:00,6740.0,2026-12-31,6790.25,0,0,0.0,0.0,0.0,0.0,,
2026-10-08T08:29:57,2026-10-08T08:00:00,6740.0,2027-01-15,6790.25,0,0,0.0,0.0,,0.0,,
2026-10-08T08:29:57,2026-10-08T08:00:00,6745.0,2026-12-31,6795.25,0,0,0.0,0.0,0.0,0.0,,
2026-10-08T08:29:57,2026-10-08T08:00:00,6750.0,2026-12-31,6800.25,0,0,0.0,0.0,0.0,0.0,,
2026-10-08T08:29:57,2026-10-08T08:00:00,6750.0,2027-01-15,6800.25,0,0,0.0,0.0,,0.0,,
2026-10-08T08:29:57,2026-10-08T08:00:00,6755.0,2026-12-31,6805.25,0,0,0.0,0.0,0.0,0.0,,
2026-10-08T08:29:57,2026-10-08T08:00:00,6760.0,2026-12-31,6810.25,0,0,0.0,0.0,,0.0,,
2026-10-08T08:29:57,2026-10-08T08:00:00,6760.0,2027-01-15,6810.25,0,0,0.0,0.0,,,,
2026-10-08T08:29:57,2026-10-08T08:00:00,6765.0,2026-12-31,6815.25,0,0,0.0,0.0,0.0,0.0,,
2026-10-08T08:29:57,2026-10-08T08:00:00,6770.0,2026-12-31,6820.25,0,0,0.0,0.0,0.0,0.0,,
2026-10-08T08:29:57,2026-10-08T08:00:00,6770.0,2027-01-15,6820.25,0,0,0.0,0.0,,,,
2026-10-08T08:29:57,2026-10-08T08:00:00,6775.0,2026-12-31,6825.25,0,0,0.0,0.0,0.0,0.0,,
2026-10-08T08:29:57,2026-10-08T08:00:00,6775.0,2027-01-15,6825.25,0,0,0.0,0.0,,0.0,,
2026-10-08T08:29:57,2026-10-08T08:00:00,6780.0,2026-12-31,6830.25,0,0,0.0,0.0,0.0,0.0,,
2026-10-08T08:29:57,2026-10-08T08:00:00,6780.0,2027-01-15,6830.25,0,0,0.0,0.0,,,,
2026-10-08T08:29:57,2026-10-08T08:00:00,6785.0,2026-12-31,6835.25,0,0,0.0,0.0,0.0,0.0,,
2026-10-08T08:29:57,2026-10-08T08:00:00,6790.0,2026-12-31,6840.25,0,0,0.0,0.0,0.0,0.0,,
2026-10-08T08:29:57,2026-10-08T08:00:00,6790.0,2027-01-15,6840.25,0,0,0.0,0.0,,0.0,,
2026-10-08T08:29:57,2026-10-08T08:00:00,6795.0,2026-12-31,6845.25,0,0,0.0,0.0,0.0,0.0,,
2026-10-08T08:29:57,2026-10-08T08:00:00,6800.0,2026-12-31,6850.25,0,2,0.0,7159.999999999999,0.0,0.0015873015873015873,,
2026-10-08T08:29:57,2026-10-08T08:00:00,6800.0,2027-01-15,6850.25,0,0,0.0,0.0,0.0,0.0,,
2026-10-08T08:29:57,2026-10-08T08:00:00,6805.0,2026-12-31,6855.25,0,0,0.0,0.0,0.0,0.0,,
2026-10-08T08:29:57,2026-10-08T08:00:00,6810.0,2026-12-31,6860.25,0,0,0.0,0.0,0.0,0.0,,
2026-10-08T08:29:57,2026-10-08T08:00:00,6810.0,2027-01-15,6860.25,0,0,0.0,0.0,,0.0,,
2026-10-08T08:29:57,2026-10-08T08:00:00,6815.0,2026-12-31,6865.25,0,0,0.0,0.0,0.0,0.0,,
2026-10-08T08:29:57,2026-10-08T08:00:00,6820.0,2026-12-31,6870.25,0,0,0.0,0.0,0.0,0.0,,
2026-10-08T08:29:57,2026-10-08T08:00:00,6820.0,2027-01-15,6870.25,0,0,0.0,0.0,,0.0,,
2026-10-08T08:29:57,2026-10-08T08:00:00,6825.0,2026-12-31,6875.25,0,1,0.0,3700.0,0.0,0.0015128593040847202,,
2026-10-08T08:29:57,2026-10-08T08:00:00,6825.0,2027-01-15,6875.25,0,0,0.0,0.0,0.0,0.0,,
2026-10-08T08:29:57,2026-10-08T08:00:00,6830.0,2026-12-31,6880.25,0,0,0.0,0.0,0.0,0.0,,
2026-10-08T08:29:57,2026-10-08T08:00:00,6830.0,2027-01-15,6880.25,0,0,0.0,0.0,,0.0,,
2026-10-08T08:29:57,2026-10-08T08:00:00,6835.0,2026-12-31,6885.25,0,0,0.0,0.0,0.0,0.0,,
2026-10-08T08:29:57,2026-10-08T08:00:00,6840.0,2026-12-31,6890.25,0,0,0.0,0.0,0.0,0.0,,
2026-10-08T08:29:57,2026-10-08T08:00:00,6840.0,2027-01-15,6890.25,0,165,0.0,770550.0000000001,,16.5,,
2026-10-08T08:29:57,2026-10-08T08:00:00,6845.0,2026-12-31,6895.25,0,0,0.0,0.0,0.0,0.0,,
2026-10-08T08:29:57,2026-10-08T08:00:00,6850.0,2026-12-31,6900.25,0,0,0.0,0.0,0.0,0.0,,
2026-10-08T08:29:57,2026-10-08T08:00:00,6850.0,2027-01-15,6900.25,0,0,0.0,0.0,0.0,0.0,,
2026-10-08T08:29:57,2026-10-08T08:00:00,6855.0,2026-12-31,6905.25,0,0,0.0,0.0,0.0,0.0,,
2026-10-08T08:29:57,2026-10-08T08:00:00,6860.0,2026-12-31,6910.25,0,0,0.0,0.0,0.0,0.0,,
2026-10-08T08:29:57,2026-10-08T08:00:00,6860.0,2027-01-15,6910.25,0,0,0.0,0.0,,0.0,,
2026-10-08T08:29:57,2026-10-08T08:00:00,6865.0,2026-12-31,6915.25,0,0,0.0,0.0,0.0,0.0,,
2026-10-08T08:29:57,2026-10-08T08:00:00,6870.0,2026-12-31,6920.25,0,0,0.0,0.0,0.0,0.0,,
2026-10-08T08:29:57,2026-10-08T08:00:00,6870.0,2027-01-15,6920.25,0,0,0.0,0.0,,0.0,,
2026-10-08T08:29:57,2026-10-08T08:00:00,6875.0,2026-12-31,6925.25,0,1,0.0,3965.0,0.0,0.001422475106685633,,
2026-10-08T08:29:57,2026-10-08T08:00:00,6875.0,2027-01-15,6925.25,0,0,0.0,0.0,,0.0,,
2026-10-08T08:29:57,2026-10-08T08:00:00,6880.0,2026-12-31,6930.25,0,0,0.0,0.0,0.0,0.0,,
2026-10-08T08:29:57,2026-10-08T08:00:00,6880.0,2027-01-15,6930.25,0,0,0.0,0.0,,0.0,,
2026-10-08T08:29:57,2026-10-08T08:00:00,6885.0,2026-12-31,6935.25,0,0,0.0,0.0,0.0,0.0,,
2026-10-08T08:29:57,2026-10-08T08:00:00,6890.0,2026-12-31,6940.25,0,0,0.0,0.0,0.0,0.0,,
2026-10-08T08:29:57,2026-10-08T08:00:00,6890.0,2027-01-15,6940.25,0,0,0.0,0.0,0.0,0.0,,
2026-10-08T08:29:57,2026-10-08T08:00:00,6895.0,2026-12-31,6945.25,0,0,0.0,0.0,0.0,0.0,,
2026-10-08T08:29:57,2026-10-08T08:00:00,6900.0,2026-12-31,6950.25,0,2,0.0,8210.0,0.0,0.0009345794392523365,,
2026-10-08T08:29:57,2026-10-08T08:00:00,6900.0,2027-01-15,6950.25,0,0,0.0,0.0,0.0,0.0,,
2026-10-08T08:29:57,2026-10-08T08:00:00,6905.0,2026-12-31,6955.25,0,0,0.0,0.0,0.0,0.0,,
2026-10-08T08:29:57,2026-10-08T08:00:00,6910.0,2026-12-31,6960.25,0,0,0.0,0.0,0.0,0.0,,
2026-10-08T08:29:57,2026-10-08T08:00:00,6910.0,2027-01-15,6960.25,0,0,0.0,0.0,,,,
2026-10-08T08:29:57,2026-10-08T08:00:00,6915.0,2026-12-31,6965.25,0,0,0.0,0.0,0.0,0.0,,
2026-10-08T08:29:57,2026-10-08T08:00:00,6920.0,2026-12-31,6970.25,0,0,0.0,0.0,0.0,0.0,,
2026-10-08T08:29:57,2026-10-08T08:00:00,6920.0,2027-01-15,6970.25,0,0,0.0,0.0,,,,
2026-10-08T08:29:57,2026-10-08T08:00:00,6925.0,2026-12-31,6975.25,0,0,0.0,0.0,0.0,0.0,,
2026-10-08T08:29:57,2026-10-08T08:00:00,6925.0,2027-01-15,6975.25,0,0,0.0,0.0,0.0,0.0,,
2026-10-08T08:29:57,2026-10-08T08:00:00,6930.0,2026-12-31,6980.25,0,0,0.0,0.0,0.0,0.0,,
2026-10-08T08:29:57,2026-10-08T08:00:00,6930.0,2027-01-15,6980.25,0,0,0.0,0.0,0.0,,,
2026-10-08T08:29:57,2026-10-08T08:00:00,6935.0,2026-12-31,6985.25,0,0,0.0,0.0,0.0,0.0,,
2026-10-08T08:29:57,2026-10-08T08:00:00,6940.0,2026-12-31,6990.25,0,0,0.0,0.0,0.0,0.0,,
2026-10-08T08:29:57,2026-10-08T08:00:00,6940.0,2027-01-15,6990.25,0,0,0.0,0.0,0.0,,,
2026-10-08T08:29:57,2026-10-08T08:00:00,6945.0,2026-12-31,6995.25,0,0,0.0,0.0,0.0,0.0,,
2026-10-08T08:29:57,2026-10-08T08:00:00,6950.0,2026-12-31,7000.25,0,0,0.0,0.0,0.0,0.0,,
2026-10-08T08:29:57,2026-10-08T08:00:00,6950.0,2027-01-15,7000.25,0,22,0.0,119240.00000000001,0.0,0.11956521739130435,,
2026-10-08T08:29:57,2026-10-08T08:00:00,6955.0,2026-12-31,7005.25,0,0,0.0,0.0,0.0,0.0,,
2026-10-08T08:29:57,2026-10-08T08:00:00,6960.0,2026-12-31,7010.25,0,0,0.0,0.0,0.0,0.0,,
2026-10-08T08:29:57,2026-10-08T08:00:00,6960.0,2027-01-15,7010.25,0,0,0.0,0.0,0.0,0.0,,
2026-10-08T08:29:57,2026-10-08T08:00:00,6965.0,2026-12-31,7015.25,0,0,0.0,0.0,0.0,0.0,,
2026-10-08T08:29:57,2026-10-08T08:00:00,6970.0,2026-12-31,7020.25,0,0,0.0,0.0,0.0,0.0,,
2026-10-08T08:29:57,2026-10-08T08:00:00,6970.0,2027-01-15,7020.25,0,0,0.0,0.0,0.0,,,
2026-10-08T08:29:57,2026-10-08T08:00:00,6975.0,2026-12-31,7025.25,0,2,0.0,9140.0,0.0,0.0072992700729927005,,
2026-10-08T08:29:57,2026-10-08T08:00:00,6975.0,2027-01-15,7025.25,0,0,0.0,0.0,0.0,0.0,,
2026-10-08T08:29:57,2026-10-08T08:00:00,6980.0,2026-12-31,7030.25,0,0,0.0,0.0,0.0,0.0,,
2026-10-08T08:29:57,2026-10-08T08:00:00,6980.0,2027-01-15,7030.25,0,0,0.0,0.0,,0.0,,
2026-10-08T08:29:57,2026-10-08T08:00:00,6985.0,2026-12-31,7035.25,0,0,0.0,0.0,0.0,0.0,,
2026-10-08T08:29:57,2026-10-08T08:00:00,6990.0,2026-12-31,7040.25,0,0,0.0,0.0,0.0,0.0,,
2026-10-08T08:29:57,2026-10-08T08:00:00,6990.0,2027-01-15,7040.25,0,0,0.0,0.0,,,,
2026-10-08T08:29:57,2026-10-08T08:00:00,6995.0,2026-12-31,7045.25,0,0,0.0,0.0,0.0,0.0,,
2026-10-08T08:29:57,2026-10-08T08:00:00,7000.0,2026-12-31,7050.25,0,25,0.0,118375.0,0.0,0.002569901315789474,,
2026-10-08T08:29:57,2026-10-08T08:00:00,7000.0,2027-01-15,7050.25,0,1,0.0,5790.000000000001,0.0,0.005376344086021506,,
2026-10-08T08:29:57,2026-10-08T08:00:00,7005.0,2026-12-31,7055.25,0,0,0.0,0.0,0.0,0.0,,
2026-10-08T08:29:57,2026-10-08T08:00:00,7010.0,2026-12-31,7060.25,0,0,0.0,0.0,0.0,0.0,,
2026-10-08T08:29:57,2026-10-08T08:00:00,7010.0,2027-01-15,7060.25,0,0,0.0,0.0,,0.0,,
2026-10-08T08:29:57,2026-10-08T08:00:00,7015.0,2026-12-31,7065.25,0,0,0.0,0.0,0.0,0.0,,
2026-10-08T08:29:57,2026-10-08T08:00:00,7020.0,2026-12-31,7070.25,0,0,0.0,0.0,0.0,0.0,,
2026-10-08T08:29:57,2026-10-08T08:00:00,7020.0,2027-01-15,7070.25,0,0,0.0,0.0,,,,
2026-10-08T08:29:57,2026-10-08T08:00:00,7025.0,2026-12-31,7075.25,0,1,0.0,4909.999999999999,0.0,0.0043859649122807015,,
2026-10-08T08:29:57,2026-10-08T08:00:00,7025.0,2027-01-15,7075.25,0,0,0.0,0.0,0.0,0.0,,
2026-10-08T08:29:57,2026-10-08T08:00:00,7030.0,2026-12-31,7080.25,0,0,0.0,0.0,0.0,0.0,,
2026-10-08T08:29:57,2026-10-08T08:00:00,7030.0,2027-01-15,7080.25,0,0,0.0,0.0,,0.0,,
2026-10-08T08:29:57,2026-10-08T08:00:00,7035.0,2026-12-31,7085.25,0,0,0.0,0.0,0.0,0.0,,
2026-10-08T08:29:57,2026-10-08T08:00:00,7040.0,2026-12-31,7090.25,0,0,0.0,0.0,0.0,0.0,,
2026-10-08T08:29:57,2026-10-08T08:00:00,7040.0,2027-01-15,7090.25,0,0,0.0,0.0,,0.0,,
2026-10-08T08:29:57,2026-10-08T08:00:00,7045.0,2026-12-31,7095.25,0,0,0.0,0.0,0.0,0.0,,
2026-10-08T08:29:57,2026-10-08T08:00:00,7050.0,2026-12-31,7100.25,0,2,0.0,10180.000000000002,0.0,0.0028530670470756064,,
2026-10-08T08:29:57,2026-10-08T08:00:00,7050.0,2027-01-15,7100.25,0,0,0.0,0.0,0.0,0.0,,
2026-10-08T08:29:57,2026-10-08T08:00:00,7055.0,2026-12-31,7105.25,0,0,0.0,0.0,0.0,0.0,,
2026-10-08T08:29:57,2026-10-08T08:00:00,7060.0,2026-12-31,7110.25,0,0,0.0,0.0,0.0,0.0,,
2026-10-08T08:29:57,2026-10-08T08:00:00,7060.0,2027-01-15,7110.25,0,0,0.0,0.0,,0.0,,
2026-10-08T08:29:57,2026-10-08T08:00:00,7065.0,2026-12-31,7115.25,0,0,0.0,0.0,0.0,0.0,,
2026-10-08T08:29:57,2026-10-08T08:00:00,7070.0,2026-12-31,7120.25,0,0,0.0,0.0,0.0,0.0,,
2026-10-08T08:29:57,2026-10-08T08:00:00,7070.0,2027-01-15,7120.25,0,0,0.0,0.0,,0.0,,
2026-10-08T08:29:57,2026-10-08T08:00:00,7075.0,2026-12-31,7125.25,0,0,0.0,0.0,0.0,0.0,,
2026-10-08T08:29:57,2026-10-08T08:00:00,7075.0,2027-01-15,7125.25,0,0,0.0,0.0,0.0,0.0,,
2026-10-08T08:29:57,2026-10-08T08:00:00,7080.0,2026-12-31,7130.25,0,0,0.0,0.0,0.0,0.0,,
2026-10-08T08:29:57,2026-10-08T08:00:00,7080.0,2027-01-15,7130.25,0,0,0.0,0.0,0.0,0.0,,
2026-10-08T08:29:57,2026-10-08T08:00:00,7085.0,2026-12-31,7135.25,0,0,0.0,0.0,0.0,0.0,,
2026-10-08T08:29:57,2026-10-08T08:00:00,7090.0,2026-12-31,7140.25,0,0,0.0,0.0,0.0,0.0,,
2026-10-08T08:29:57,2026-10-08T08:00:00,7090.0,2027-01-15,7140.25,0,0,0.0,0.0,,0.0,,
2026-10-08T08:29:57,2026-10-08T08:00:00,7095.0,2026-12-31,7145.25,0,0,0.0,0.0,0.0,0.0,,
2026-10-08T08:29:57,2026-10-08T08:00:00,7100.0,2026-12-31,7150.25,0,1,0.0,5490.000000000001,0.0,0.0005793742757821553,,
2026-10-08T08:29:57,2026-10-08T08:00:00,7100.0,2027-01-15,7150.25,0,1,0.0,6630.0,0.0,0.004761904761904762,,
2026-10-08T08:29:57,2026-10-08T08:00:00,7105.0,2026-12-31,7155.25,0,0,0.0,0.0,0.0,0.0,,
2026-10-08T08:29:57,2026-10-08T08:00:00,7110.0,2026-12-31,7160.25,0,0,0.0,0.0,0.0,0.0,,
2026-10-08T08:29:57,2026-10-08T08:00:00,7110.0,2027-01-15,7160.25,0,0,0.0,0.0,,0.0,,
2026-10-08T08:29:57,2026-10-08T08:00:00,7115.0,2026-12-31,7165.25,0,1,0.0,5615.0,0.0,0.0136986301369863,,
2026-10-08T08:29:57,2026-10-08T08:00:00,7120.0,2026-12-31,7170.25,0,0,0.0,0.0,0.0,0.0,,
2026-10-08T08:29:57,2026-10-08T08:00:00,7120.0,2027-01-15,7170.25,0,79,0.0,534830.0,,1.1126760563380282,,
2026-10-08T08:29:57,2026-10-08T08:00:00,7125.0,2026-12-31,7175.25,0,0,0.0,0.0,0.0,0.0,,
2026-10-08T08:29:57,2026-10-08T08:00:00,7125.0,2027-01-15,7175.25,0,0,0.0,0.0,,0.0,,
2026-10-08T08:29:57,2026-10-08T08:00:00,7130.0,2026-12-31,7180.25,0,0,0.0,0.0,0.0,0.0,,
2026-10-08T08:29:57,2026-10-08T08:00:00,7130.0,2027-01-15,7180.25,0,1,0.0,6909.999999999999,0.0,0.045454545454545456,,
2026-10-08T08:29:57,2026-10-08T08:00:00,7135.0,2026-12-31,7185.25,0,0,0.0,0.0,0.0,0.0,,
2026-10-08T08:29:57,2026-10-08T08:00:00,7140.0,2026-12-31,7190.25,0,0,0.0,0.0,0.0,0.0,,
2026-10-08T08:29:57,2026-10-08T08:00:00,7140.0,2027-01-15,7190.25,0,0,0.0,0.0,,0.0,,
2026-10-08T08:29:57,2026-10-08T08:00:00,7145.0,2026-12-31,7195.25,0,0,0.0,0.0,0.0,0.0,,
2026-10-08T08:29:57,2026-10-08T08:00:00,7150.0,2026-12-31,7200.25,0,3,0.0,17775.0,0.0,0.004573170731707317,,
2026-10-08T08:29:57,2026-10-08T08:00:00,7150.0,2027-01-15,7200.25,0,1,0.0,7105.0,0.0,0.027777777777777776,,
2026-10-08T08:29:57,2026-10-08T08:00:00,7155.0,2026-12-31,7205.25,0,0,0.0,0.0,0.0,0.0,,
2026-10-08T08:29:57,2026-10-08T08:00:00,7160.0,2026-12-31,7210.25,0,0,0.0,0.0,0.0,0.0,,
2026-10-08T08:29:57,2026-10-08T08:00:00,7160.0,2027-01-15,7210.25,0,0,0.0,0.0,0.0,0.0,,
2026-10-08T08:29:57,2026-10-08T08:00:00,7165.0,2026-12-31,7215.25,0,0,0.0,0.0,0.0,0.0,,
2026-10-08T08:29:57,2026-10-08T08:00:00,7170.0,2026-12-31,7220.25,0,0,0.0,0.0,0.0,0.0,,
2026-10-08T08:29:57,2026-10-08T08:00:00,7170.0,2027-01-15,7220.25,0,0,0.0,0.0,,0.0,,
2026-10-08T08:29:57,2026-10-08T08:00:00,7175.0,2026-12-31,7225.25,0,0,0.0,0.0,0.0,0.0,,
2026-10-08T08:29:57,2026-10-08T08:00:00,7175.0,2027-01-15,7225.25,0,0,0.0,0.0,0.0,0.0,,
2026-10-08T08:29:57,2026-10-08T08:00:00,7180.0,2026-12-31,7230.25,0,0,0.0,0.0,0.0,0.0,,
2026-10-08T08:29:57,2026-10-08T08:00:00,7180.0,2027-01-15,7230.25,0,1,0.0,7365.000000000001,,0.006802721088435374,,
2026-10-08T08:29:57,2026-10-08T08:00:00,7185.0,2026-12-31,7235.25,0,0,0.0,0.0,0.0,0.0,,
2026-10-08T08:29:57,2026-10-08T08:00:00,7190.0,2026-12-31,7240.25,0,0,0.0,0.0,0.0,0.0,,
2026-10-08T08:29:57,2026-10-08T08:00:00,7190.0,2027-01-15,7240.25,0,1,0.0,7470.0,,0.0040650406504065045,,
2026-10-08T08:29:57,2026-10-08T08:00:00,7195.0,2026-12-31,7245.25,0,0,0.0,0.0,0.0,0.0,,
2026-10-08T08:29:57,2026-10-08T08:00:00,7200.0,2026-12-31,7250.25,0,24,0.0,153600.0,0.0,0.011336797354747285,,
2026-10-08T08:29:57,2026-10-08T08:00:00,7200.0,2027-01-15,7250.25,0,50,0.0,379000.0,0.0,0.006675567423230975,,
2026-10-08T08:29:57,2026-10-08T08:00:00,7205.0,2026-12-31,7255.25,0,0,0.0,0.0,0.0,0.0,,
2026-10-08T08:29:57,2026-10-08T08:00:00,7210.0,2026-12-31,7260.25,0,0,0.0,0.0,0.0,0.0,,
2026-10-08T08:29:57,2026-10-08T08:00:00,7210.0,2027-01-15,7260.25,0,0,0.0,0.0,,0.0,,
2026-10-08T08:29:57,2026-10-08T08:00:00,7215.0,2026-12-31,7265.25,0,0,0.0,0.0,0.0,0.0,,
2026-10-08T08:29:57,2026-10-08T08:00:00,7220.0,2026-12-31,7270.25,0,0,0.0,0.0,0.0,0.0,,
2026-10-08T08:29:57,2026-10-08T08:00:00,7220.0,2027-01-15,7270.25,0,0,0.0,0.0,,0.0,,
2026-10-08T08:29:57,2026-10-08T08:00:00,7225.0,2026-12-31,7275.25,0,0,0.0,0.0,0.0,0.0,,
2026-10-08T08:29:57,2026-10-08T08:00:00,7225.0,2027-01-15,7275.25,0,20,0.0,157100.00000000003,0.0,0.006153846153846154,,
2026-10-08T08:29:57,2026-10-08T08:00:00,7230.0,2026-12-31,7280.25,0,0,0.0,0.0,0.0,0.0,,
2026-10-08T08:29:57,2026-10-08T08:00:00,7230.0,2027-01-15,7280.25,0,28,0.0,221479.99999999997,,0.1917808219178082,,
2026-10-08T08:29:57,2026-10-08T08:00:00,7235.0,2026-12-31,7285.25,0,0,0.0,0.0,0.0,0.0,,
2026-10-08T08:29:57,2026-10-08T08:00:00,7240.0,2026-12-31,7290.25,0,0,0.0,0.0,0.0,0.0,,
2026-10-08T08:29:57,2026-10-08T08:00:00,7240.0,2027-01-15,7290.25,0,0,0.0,0.0,,0.0,,
2026-10-08T08:29:57,2026-10-08T08:00:00,7245.0,2026-12-31,7295.25,0,3,0.0,20639.999999999996,0.0,0.0006600660066006601,,
2026-10-08T08:29:57,2026-10-08T08:00:00,7250.0,2026-12-31,7300.25,0,7,0.0,48510.0,0.0,0.0112,,
2026-10-08T08:29:57,2026-10-08T08:00:00,7250.0,2027-01-15,7300.25,0,1,0.0,8200.0,0.0,0.013157894736842105,,
2026-10-08T08:29:57,2026-10-08T08:00:00,7255.0,2026-12-31,7305.25,0,0,0.0,0.0,0.0,0.0,,
2026-10-08T08:29:57,2026-10-08T08:00:00,7260.0,2026-12-31,7310.25,0,0,0.0,0.0,0.0,0.0,,
2026-10-08T08:29:57,2026-10-08T08:00:00,7260.0,2027-01-15,7310.25,0,0,0.0,0.0,0.0,0.0,,
2026-10-08T08:29:57,2026-10-08T08:00:00,7265.0,2026-12-31,7315.25,0,0,0.0,0.0,0.0,0.0,,
2026-10-08T08:29:57,2026-10-08T08:00:00,7270.0,2026-12-31,7320.25,0,0,0.0,0.0,0.0,0.0,,
2026-10-08T08:29:57,2026-10-08T08:00:00,7270.0,2027-01-15,7320.25,0,0,0.0,0.0,0.0,0.0,,
2026-10-08T08:29:57,2026-10-08T08:00:00,7275.0,2026-12-31,7325.25,0,4,0.0,28880.0,0.0,0.015748031496062992,,
2026-10-08T08:29:57,2026-10-08T08:00:00,7275.0,2027-01-15,7325.25,0,0,0.0,0.0,0.0,0.0,,
2026-10-08T08:29:57,2026-10-08T08:00:00,7280.0,2026-12-31,7330.25,0,0,0.0,0.0,0.0,0.0,,
2026-10-08T08:29:57,2026-10-08T08:00:00,7280.0,2027-01-15,7330.25,0,0,0.0,0.0,,0.0,,
2026-10-08T08:29:57,2026-10-08T08:00:00,7285.0,2026-12-31,7335.25,0,0,0.0,0.0,0.0,0.0,,
2026-10-08T08:29:57,2026-10-08T08:00:00,7290.0,2026-12-31,7340.25,0,0,0.0,0.0,0.0,0.0,,
2026-10-08T08:29:57,2026-10-08T08:00:00,7290.0,2027-01-15,7340.25,0,0,0.0,0.0,,0.0,,
2026-10-08T08:29:57,2026-10-08T08:00:00,7295.0,2026-12-31,7345.25,0,0,0.0,0.0,0.0,0.0,,
2026-10-08T08:29:57,2026-10-08T08:00:00,7300.0,2026-12-31,7350.25,0,3607,0.0,27124640.000000004,0.0,2.0184667039731394,,
2026-10-08T08:29:57,2026-10-08T08:00:00,7300.0,2027-01-15,7350.25,0,17,0.0,150110.0,0.0,0.10059171597633136,,
2026-10-08T08:29:57,2026-10-08T08:00:00,7305.0,2026-12-31,7355.25,0,0,0.0,0.0,0.0,0.0,,
2026-10-08T08:29:57,2026-10-08T08:00:00,7310.0,2026-12-31,7360.25,0,0,0.0,0.0,0.0,0.0,,
2026-10-08T08:29:57,2026-10-08T08:00:00,7310.0,2027-01-15,7360.25,0,0,0.0,0.0,0.0,,,
2026-10-08T08:29:57,2026-10-08T08:00:00,7315.0,2026-12-31,7365.25,0,0,0.0,0.0,0.0,0.0,,
2026-10-08T08:29:57,2026-10-08T08:00:00,7315.0,2027-01-15,7365.25,0,0,0.0,0.0,,0.0,,
2026-10-08T08:29:57,2026-10-08T08:00:00,7320.0,2026-12-31,7370.25,0,0,0.0,0.0,0.0,0.0,,
2026-10-08T08:29:57,2026-10-08T08:00:00,7320.0,2027-01-15,7370.25,0,0,0.0,0.0,,,,
2026-10-08T08:29:57,2026-10-08T08:00:00,7325.0,2026-12-31,7375.25,0,0,0.0,0.0,0.0,0.0,,
2026-10-08T08:29:57,2026-10-08T08:00:00,7325.0,2027-01-15,7375.25,0,1,0.0,9105.000000000002,0.0,0.0006693440428380187,,
2026-10-08T08:29:57,2026-10-08T08:00:00,7330.0,2026-12-31,7380.25,0,0,0.0,0.0,0.0,0.0,,
2026-10-08T08:29:57,2026-10-08T08:00:00,7330.0,2027-01-15,7380.25,0,1,0.0,9235.0,0.0,,,
2026-10-08T08:29:57,2026-10-08T08:00:00,7335.0,2026-12-31,7385.25,0,0,0.0,0.0,0.0,0.0,,
2026-10-08T08:29:57,2026-10-08T08:00:00,7335.0,2027-01-15,7385.25,0,0,0.0,0.0,,0.0,,
2026-10-08T08:29:57,2026-10-08T08:00:00,7340.0,2026-12-31,7390.25,0,0,0.0,0.0,0.0,0.0,,
2026-10-08T08:29:57,2026-10-08T08:00:00,7340.0,2027-01-15,7390.25,0,0,0.0,0.0,0.0,,,
2026-10-08T08:29:57,2026-10-08T08:00:00,7345.0,2026-12-31,7395.25,0,0,0.0,0.0,0.0,0.0,,
2026-10-08T08:29:57,2026-10-08T08:00:00,7345.0,2027-01-15,7395.25,0,0,0.0,0.0,,0.0,,
2026-10-08T08:29:57,2026-10-08T08:00:00,7350.0,2026-12-31,7400.25,0,3,0.0,24495.0,0.0,0.0076726342710997444,,
2026-10-08T08:29:57,2026-10-08T08:00:00,7350.0,2027-01-15,7400.25,0,0,0.0,0.0,0.0,0.0,,
2026-10-08T08:29:57,2026-10-08T08:00:00,7355.0,2026-12-31,7405.25,0,0,0.0,0.0,0.0,0.0,,
2026-10-08T08:29:57,2026-10-08T08:00:00,7355.0,2027-01-15,7405.25,0,0,0.0,0.0,0.0,0.0,,
2026-10-08T08:29:57,2026-10-08T08:00:00,7360.0,2026-12-31,7410.25,0,0,0.0,0.0,0.0,0.0,,
2026-10-08T08:29:57,2026-10-08T08:00:00,7360.0,2027-01-15,7410.25,0,0,0.0,0.0,0.0,0.0,,
2026-10-08T08:29:57,2026-10-08T08:00:00,7365.0,2026-12-31,7415.25,0,0,0.0,0.0,0.0,0.0,,
2026-10-08T08:29:57,2026-10-08T08:00:00,7365.0,2027-01-15,7415.25,0,0,0.0,0.0,,0.0,,
2026-10-08T08:29:57,2026-10-08T08:00:00,7370.0,2026-12-31,7420.25,0,0,0.0,0.0,0.0,0.0,,
2026-10-08T08:29:57,2026-10-08T08:00:00,7370.0,2027-01-15,7420.25,0,0,0.0,0.0,0.0,0.0,,
2026-10-08T08:29:57,2026-10-08T08:00:00,7375.0,2026-12-31,7425.25,0,4,0.0,34060.0,0.0,0.006220839813374806,,
2026-10-08T08:29:57,2026-10-08T08:00:00,7375.0,2027-01-15,7425.25,0,0,0.0,0.0,0.0,0.0,,
2026-10-08T08:29:57,2026-10-08T08:00:00,7380.0,2026-12-31,7430.25,0,0,0.0,0.0,0.0,0.0,,
2026-10-08T08:29:57,2026-10-08T08:00:00,7380.0,2027-01-15,7430.25,0,0,0.0,0.0,0.0,0.0,,
2026-10-08T08:29:57,2026-10-08T08:00:00,7385.0,2026-12-31,7435.25,0,0,0.0,0.0,0.0,0.0,,
2026-10-08T08:29:57,2026-10-08T08:00:00,7385.0,2027-01-15,7435.25,0,0,0.0,0.0,0.0,0.0,,
2026-10-08T08:29:57,2026-10-08T08:00:00,7390.0,2026-12-31,7440.25,0,0,0.0,0.0,0.0,0.0,,
2026-10-08T08:29:57,2026-10-08T08:00:00,7390.0,2027-01-15,7440.25,0,0,0.0,0.0,0.0,0.0,,
2026-10-08T08:29:57,2026-10-08T08:00:00,7395.0,2026-12-31,7445.25,0,0,0.0,0.0,0.0,0.0,,
2026-10-08T08:29:57,2026-10-08T08:00:00,7395.0,2027-01-15,7445.25,0,0,0.0,0.0,0.0,0.0,,
2026-10-08T08:29:57,2026-10-08T08:00:00,7400.0,2026-12-31,7450.25,0,230,0.0,2043550.0,0.0,0.08424908424908426,,
2026-10-08T08:29:57,2026-10-08T08:00:00,7400.0,2027-01-15,7450.25,0,0,0.0,0.0,0.0,0.0,,
2026-10-08T08:29:57,2026-10-08T08:00:00,7405.0,2026-12-31,7455.25,0,0,0.0,0.0,0.0,0.0,,
2026-10-08T08:29:57,2026-10-08T08:00:00,7405.0,2027-01-15,7455.25,0,0,0.0,0.0,0.0,0.0,,
2026-10-08T08:29:57,2026-10-08T08:00:00,7410.0,2026-12-31,7460.25,0,0,0.0,0.0,0.0,0.0,,
2026-10-08T08:29:57,2026-10-08T08:00:00,7410.0,2027-01-15,7460.25,0,0,0.0,0.0,0.0,0.0,,
2026-10-08T08:29:57,2026-10-08T08:00:00,7415.0,2026-12-31,7465.25,0,0,0.0,0.0,0.0,0.0,,
2026-10-08T08:29:57,2026-10-08T08:00:00,7415.0,2027-01-15,7465.25,0,0,0.0,0.0,,0.0,,
2026-10-08T08:29:57,2026-10-08T08:00:00,7420.0,2026-12-31,7470.25,0,0,0.0,0.0,0.0,0.0,,
2026-10-08T08:29:57,2026-10-08T08:00:00,7420.0,2027-01-15,7470.25,0,0,0.0,0.0,0.0,0.0,,
2026-10-08T08:29:57,2026-10-08T08:00:00,7425.0,2026-12-31,7475.25,0,0,0.0,0.0,0.0,0.0,,
2026-10-08T08:29:57,2026-10-08T08:00:00,7425.0,2027-01-15,7475.25,0,0,0.0,0.0,0.0,0.0,,
2026-10-08T08:29:57,2026-10-08T08:00:00,7430.0,2026-12-31,7480.25,0,0,0.0,0.0,0.0,0.0,,
2026-10-08T08:29:57,2026-10-08T08:00:00,7430.0,2027-01-15,7480.25,0,0,0.0,0.0,0.0,0.0,,
2026-10-08T08:29:57,2026-10-08T08:00:00,7435.0,2026-12-31,7485.25,0,0,0.0,0.0,0.0,0.0,,
2026-10-08T08:29:57,2026-10-08T08:00:00,7435.0,2027-01-15,7485.25,0,0,0.0,0.0,,0.0,,
2026-10-08T08:29:57,2026-10-08T08:00:00,7440.0,2026-12-31,7490.25,0,0,0.0,0.0,0.0,0.0,,
2026-10-08T08:29:57,2026-10-08T08:00:00,7440.0,2027-01-15,7490.25,0,0,0.0,0.0,0.0,0.0,,
2026-10-08T08:29:57,2026-10-08T08:00:00,7445.0,2026-12-31,7495.25,0,0,0.0,0.0,0.0,0.0,,
2026-10-08T08:29:57,2026-10-08T08:00:00,7445.0,2027-01-15,7495.25,0,0,0.0,0.0,,0.0,,
2026-10-08T08:29:57,2026-10-08T08:00:00,7450.0,2026-12-31,7500.25,0,0,0.0,0.0,0.0,0.0,,
2026-10-08T08:29:57,2026-10-08T08:00:00,7450.0,2027-01-15,7500.25,0,2,0.0,22200.0,0.0,0.0020387359836901123,,
2026-10-08T08:29:57,2026-10-08T08:00:00,7455.0,2026-12-31,7505.25,0,0,0.0,0.0,0.0,0.0,,
2026-10-08T08:29:57,2026-10-08T08:00:00,7455.0,2027-01-15,7505.25,0,48,0.0,533760.0,,3.4285714285714284,,
2026-10-08T08:29:57,2026-10-08T08:00:00,7460.0,2026-12-31,7510.25,0,0,0.0,0.0,0.0,0.0,,
2026-10-08T08:29:57,2026-10-08T08:00:00,7460.0,2027-01-15,7510.25,0,0,0.0,0.0,0.0,0.0,,
2026-10-08T08:29:57,2026-10-08T08:00:00,7465.0,2026-12-31,7515.25,0,0,0.0,0.0,0.0,0.0,,
2026-10-08T08:29:57,2026-10-08T08:00:00,7465.0,2027-01-15,7515.25,0,0,0.0,0.0,,0.0,,
2026-10-08T08:29:57,2026-10-08T08:00:00,7470.0,2026-12-31,7520.25,0,0,0.0,0.0,0.0,0.0,,
2026-10-08T08:29:57,2026-10-08T08:00:00,7470.0,2027-01-15,7520.25,0,0,0.0,0.0,0.0,0.0,,
2026-10-08T08:29:57,2026-10-08T08:00:00,7475.0,2026-12-31,7525.25,0,4,0.0,40460.0,0.0,0.025806451612903226,,
2026-10-08T08:29:57,2026-10-08T08:00:00,7475.0,2027-01-15,7525.25,399,3,19564965.000000004,34650.0,0.890625,0.0375,,
2026-10-08T08:29:57,2026-10-08T08:00:00,7480.0,2026-12-31,7530.25,0,20,0.0,204100.0,0.0,0.1342281879194631,,
2026-10-08T08:29:57,2026-10-08T08:00:00,7480.0,2027-01-15,7530.25,144,1,7009200.0,11645.0,,0.023809523809523808,,
2026-10-08T08:29:57,2026-10-08T08:00:00,7485.0,2026-12-31,7535.25,0,0,0.0,0.0,0.0,0.0,,
2026-10-08T08:29:57,2026-10-08T08:00:00,7485.0,2027-01-15,7535.25,0,0,0.0,0.0,,0.0,,
2026-10-08T08:29:57,2026-10-08T08:00:00,7490.0,2026-12-31,7540.25,0,0,0.0,0.0,0.0,0.0,,
2026-10-08T08:29:57,2026-10-08T08:00:00,7490.0,2027-01-15,7540.25,64,0,3061440.0,0.0,,0.0,,
2026-10-08T08:29:57,2026-10-08T08:00:00,7495.0,2026-12-31,7545.25,0,0,0.0,0.0,0.0,0.0,,
2026-10-08T08:29:57,2026-10-08T08:00:00,7495.0,2027-01-15,7545.25,0,0,0.0,0.0,,0.0,,
2026-10-08T08:29:57,2026-10-08T08:00:00,7500.0,2026-12-31,7550.25,4,29,175840.0,306675.0,0.003278688524590164,0.005712034666141422,,
2026-10-08T08:29:57,2026-10-08T08:00:00,7500.0,2027-01-15,7550.25,636,34,29942880.0,406300.0,11.777777777777779,0.0018009428465490757,,
2026-10-08T08:29:57,2026-10-08T08:00:00,7505.0,2026-12-31,7555.25,0,0,0.0,0.0,0.0,0.0,,
2026-10-08T08:29:57,2026-10-08T08:00:00,7505.0,2027-01-15,7555.25,0,0,0.0,0.0,,0.0,,
2026-10-08T08:29:57,2026-10-08T08:00:00,7510.0,2026-12-31,7560.25,0,0,0.0,0.0,0.0,0.0,,
2026-10-08T08:29:57,2026-10-08T08:00:00,7510.0,2027-01-15,7560.25,0,0,0.0,0.0,0.0,0.0,,
2026-10-08T08:29:57,2026-10-08T08:00:00,7515.0,2026-12-31,7565.25,0,0,0.0,0.0,0.0,0.0,,
2026-10-08T08:29:57,2026-10-08T08:00:00,7515.0,2027-01-15,7565.25,0,0,0.0,0.0,,0.0,,
2026-10-08T08:29:57,2026-10-08T08:00:00,7520.0,2026-12-31,7570.25,0,16,0.0,175360.0,0.0,0.011307420494699646,,
2026-10-08T08:29:57,2026-10-08T08:00:00,7520.0,2027-01-15,7570.25,18,1,819000.0,12415.0,2.5714285714285716,0.1111111111111111,,
2026-10-08T08:29:57,2026-10-08T08:00:00,7525.0,2026-12-31,7575.25,0,12,0.0,132719.99999999997,0.0,0.01362088535754824,,
2026-10-08T08:29:57,2026-10-08T08:00:00,7525.0,2027-01-15,7575.25,16,0,721679.9999999999,0.0,0.32,0.0,,
2026-10-08T08:29:57,2026-10-08T08:00:00,7530.0,2026-12-31,7580.25,0,0,0.0,0.0,0.0,0.0,,
2026-10-08T08:29:57,2026-10-08T08:00:00,7530.0,2027-01-15,7580.25,8,0,357720.0,0.0,0.42105263157894735,0.0,,
2026-10-08T08:29:57,2026-10-08T08:00:00,7535.0,2026-12-31,7585.25,0,0,0.0,0.0,0.0,0.0,,
2026-10-08T08:29:57,2026-10-08T08:00:00,7535.0,2027-01-15,7585.25,0,0,0.0,0.0,,0.0,,
2026-10-08T08:29:57,2026-10-08T08:00:00,7540.0,2026-12-31,7590.25,0,0,0.0,0.0,0.0,0.0,,
2026-10-08T08:29:57,2026-10-08T08:00:00,7540.0,2027-01-15,7590.25,0,0,0.0,0.0,0.0,0.0,,
2026-10-08T08:29:57,2026-10-08T08:00:00,7545.0,2026-12-31,7595.25,0,0,0.0,0.0,0.0,0.0,,
2026-10-08T08:29:57,2026-10-08T08:00:00,7545.0,2027-01-15,7595.25,0,0,0.0,0.0,,0.0,,
2026-10-08T08:29:57,2026-10-08T08:00:00,7550.0,2026-12-31,7600.25,0,35,0.0,404950.0,0.0,0.016151361329026302,,
2026-10-08T08:29:57,2026-10-08T08:00:00,7550.0,2027-01-15,7600.25,0,0,0.0,0.0,0.0,0.0,,
2026-10-08T08:29:57,2026-10-08T08:00:00,7555.0,2026-12-31,7605.25,0,0,0.0,0.0,0.0,0.0,,
2026-10-08T08:29:57,2026-10-08T08:00:00,7555.0,2027-01-15,7605.25,0,0,0.0,0.0,,0.0,,
2026-10-08T08:29:57,2026-10-08T08:00:00,7560.0,2026-12-31,7610.25,0,0,0.0,0.0,0.0,0.0,,
2026-10-08T08:29:57,2026-10-08T08:00:00,7560.0,2027-01-15,7610.25,3,1,127230.00000000001,13260.000000000002,3.0,0.16666666666666666,,
2026-10-08T08:29:57,2026-10-08T08:00:00,7565.0,2026-12-31,7615.25,0,0,0.0,0.0,0.0,0.0,,
2026-10-08T08:29:57,2026-10-08T08:00:00,7565.0,2027-01-15,7615.25,0,0,0.0,0.0,0.0,0.0,,
2026-10-08T08:29:57,2026-10-08T08:00:00,7570.0,2026-12-31,7620.25,0,0,0.0,0.0,0.0,0.0,,
2026-10-08T08:29:57,2026-10-08T08:00:00,7570.0,2027-01-15,7620.25,0,0,0.0,0.0,0.0,,,
2026-10-08T08:29:57,2026-10-08T08:00:00,7575.0,2026-12-31,7625.25,0,0,0.0,0.0,0.0,0.0,,
2026-10-08T08:29:57,2026-10-08T08:00:00,7575.0,2027-01-15,7625.25,0,0,0.0,0.0,0.0,0.0,,
2026-10-08T08:29:57,2026-10-08T08:00:00,7580.0,2026-12-31,7630.25,0,3,0.0,36675.0,0.0,0.047619047619047616,,
2026-10-08T08:29:57,2026-10-08T08:00:00,7580.0,2027-01-15,7630.25,0,0,0.0,0.0,,0.0,,
2026-10-08T08:29:57,2026-10-08T08:00:00,7585.0,2026-12-31,7635.25,0,0,0.0,0.0,0.0,0.0,,
2026-10-08T08:29:57,2026-10-08T08:00:00,7585.0,2027-01-15,7635.25,0,0,0.0,0.0,,0.0,,
2026-10-08T08:29:57,2026-10-08T08:00:00,7590.0,2026-12-31,7640.25,0,0,0.0,0.0,0.0,0.0,,
2026-10-08T08:29:57,2026-10-08T08:00:00,7590.0,2027-01-15,7640.25,0,0,0.0,0.0,0.0,0.0,,
2026-10-08T08:29:57,2026-10-08T08:00:00,7595.0,2026-12-31,7645.25,0,0,0.0,0.0,0.0,0.0,,
2026-10-08T08:29:57,2026-10-08T08:00:00,7595.0,2027-01-15,7645.25,0,0,0.0,0.0,0.0,0.0,,
2026-10-08T08:29:57,2026-10-08T08:00:00,7600.0,2026-12-31,7650.25,2,41,72400.0,519675.0,0.00031600568810238584,0.017219655606887863,,
2026-10-08T08:29:57,2026-10-08T08:00:00,7600.0,2027-01-15,7650.25,0,0,0.0,0.0,0.0,0.0,,
2026-10-08T08:29:57,2026-10-08T08:00:00,7605.0,2026-12-31,7655.25,0,1,0.0,12794.999999999998,0.0,0.02127659574468085,,
2026-10-08T08:29:57,2026-10-08T08:00:00,7605.0,2027-01-15,7655.25,0,0,0.0,0.0,0.0,0.0,,
2026-10-08T08:29:57,2026-10-08T08:00:00,7610.0,2026-12-31,7660.25,0,0,0.0,0.0,0.0,0.0,,
2026-10-08T08:29:57,2026-10-08T08:00:00,7610.0,2027-01-15,7660.25,0,0,0.0,0.0,0.0,0.0,,
2026-10-08T08:29:57,2026-10-08T08:00:00,7615.0,2026-12-31,7665.25,0,1,0.0,13035.0,0.0,0.013333333333333334,,
2026-10-08T08:29:57,2026-10-08T08:00:00,7615.0,2027-01-15,7665.25,0,0,0.0,0.0,0.0,,,
2026-10-08T08:29:57,2026-10-08T08:00:00,7620.0,2026-12-31,7670.25,0,2,0.0,26310.000000000004,0.0,0.041666666666666664,,
2026-10-08T08:29:57,2026-10-08T08:00:00,7620.0,2027-01-15,7670.25,0,0,0.0,0.0,0.0,0.0,,
2026-10-08T08:29:57,2026-10-08T08:00:00,7625.0,2026-12-31,7675.25,0,12,0.0,159419.99999999997,0.0,0.125,,
2026-10-08T08:29:57,2026-10-08T08:00:00,7625.0,2027-01-15,7675.25,2,6,74870.0,88200.0,0.0024906600249066002,0.0028832292167227293,,
2026-10-08T08:29:57,2026-10-08T08:00:00,7630.0,2026-12-31,7680.25,0,0,0.0,0.0,0.0,0.0,,
2026-10-08T08:29:57,2026-10-08T08:00:00,7630.0,2027-01-15,7680.25,0,0,0.0,0.0,,0.0,,
2026-10-08T08:29:57,2026-10-08T08:00:00,7635.0,2026-12-31,7685.25,0,0,0.0,0.0,0.0,0.0,,
2026-10-08T08:29:57,2026-10-08T08:00:00,7635.0,2027-01-15,7685.25,0,0,0.0,0.0,0.0,0.0,,
2026-10-08T08:29:57,2026-10-08T08:00:00,7640.0,2026-12-31,7690.25,0,0,0.0,0.0,0.0,0.0,,
2026-10-08T08:29:57,2026-10-08T08:00:00,7640.0,2027-01-15,7690.25,0,0,0.0,0.0,0.0,0.0,,
2026-10-08T08:29:57,2026-10-08T08:00:00,7645.0,2026-12-31,7695.25,0,0,0.0,0.0,0.0,0.0,,
2026-10-08T08:29:57,2026-10-08T08:00:00,7645.0,2027-01-15,7695.25,0,0,0.0,0.0,0.0,,,
2026-10-08T08:29:57,2026-10-08T08:00:00,7650.0,2026-12-31,7700.25,0,4,0.0,55700.0,0.0,0.003925417075564278,,
2026-10-08T08:29:57,2026-10-08T08:00:00,7650.0,2027-01-15,7700.25,0,2,0.0,30839.999999999996,0.0,0.011904761904761904,,
2026-10-08T08:29:57,2026-10-08T08:00:00,7655.0,2026-12-31,7705.25,0,0,0.0,0.0,0.0,0.0,,
2026-10-08T08:29:57,2026-10-08T08:00:00,7655.0,2027-01-15,7705.25,0,0,0.0,0.0,,0.0,,
2026-10-08T08:29:57,2026-10-08T08:00:00,7660.0,2026-12-31,7710.25,0,2,0.0,28370.0,0.0,0.0273972602739726,,
2026-10-08T08:29:57,2026-10-08T08:00:00,7660.0,2027-01-15,7710.25,0,0,0.0,0.0,0.0,0.0,,
2026-10-08T08:29:57,2026-10-08T08:00:00,7665.0,2026-12-31,7715.25,0,0,0.0,0.0,0.0,0.0,,
2026-10-08T08:29:57,2026-10-08T08:00:00,7665.0,2027-01-15,7715.25,0,0,0.0,0.0,0.0,0.0,,
2026-10-08T08:29:57,2026-10-08T08:00:00,7670.0,2026-12-31,7720.25,0,0,0.0,0.0,0.0,0.0,,
2026-10-08T08:29:57,2026-10-08T08:00:00,7670.0,2027-01-15,7720.25,0,0,0.0,0.0,0.0,0.0,,
2026-10-08T08:29:57,2026-10-08T08:00:00,7675.0,2026-12-31,7725.25,0,13,0.0,189735.0,0.0,0.08783783783783784,,
2026-10-08T08:29:57,2026-10-08T08:00:00,7675.0,2027-01-15,7725.25,0,0,0.0,0.0,0.0,0.0,,
2026-10-08T08:29:57,2026-10-08T08:00:00,7680.0,2026-12-31,7730.25,0,0,0.0,0.0,0.0,0.0,,
2026-10-08T08:29:57,2026-10-08T08:00:00,7680.0,2027-01-15,7730.25,0,0,0.0,0.0,0.0,,,
2026-10-08T08:29:57,2026-10-08T08:00:00,7685.0,2026-12-31,7735.25,0,0,0.0,0.0,0.0,0.0,,
2026-10-08T08:29:57,2026-10-08T08:00:00,7685.0,2027-01-15,7735.25,0,0,0.0,0.0,0.0,0.0,,
2026-10-08T08:29:57,2026-10-08T08:00:00,7690.0,2026-12-31,7740.25,0,4,0.0,60120.00000000001,0.0,0.07272727272727272,,
2026-10-08T08:29:57,2026-10-08T08:00:00,7690.0,2027-01-15,7740.25,0,5,0.0,82175.00000000001,0.0,0.3125,,
2026-10-08T08:29:57,2026-10-08T08:00:00,7695.0,2026-12-31,7745.25,0,0,0.0,0.0,0.0,0.0,,
2026-10-08T08:29:57,2026-10-08T08:00:00,7695.0,2027-01-15,7745.25,0,0,0.0,0.0,0.0,0.0,,
2026-10-08T08:29:57,2026-10-08T08:00:00,7700.0,2026-12-31,7750.25,1,46,28935.000000000004,704490.0,0.0003201024327784891,0.017196261682242992,,
2026-10-08T08:29:57,2026-10-08T08:00:00,7700.0,2027-01-15,7750.25,0,0,0.0,0.0,0.0,0.0,,
2026-10-08T08:29:57,2026-10-08T08:00:00,7705.0,2026-12-31,7755.25,0,0,0.0,0.0,0.0,0.0,,
2026-10-08T08:29:57,2026-10-08T08:00:00,7705.0,2027-01-15,7755.25,0,0,0.0,0.0,0.0,0.0,,
2026-10-08T08:29:57,2026-10-08T08:00:00,7710.0,2026-12-31,7760.25,0,0,0.0,0.0,0.0,0.0,,
2026-10-08T08:29:57,2026-10-08T08:00:00,7710.0,2027-01-15,7760.25,0,0,0.0,0.0,0.0,0.0,,
2026-10-08T08:29:57,2026-10-08T08:00:00,7715.0,2026-12-31,7765.25,0,0,0.0,0.0,0.0,0.0,,
2026-10-08T08:29:57,2026-10-08T08:00:00,7715.0,2027-01-15,7765.25,0,0,0.0,0.0,0.0,0.0,,
2026-10-08T08:29:57,2026-10-08T08:00:00,7720.0,2026-12-31,7770.25,0,0,0.0,0.0,0.0,0.0,,
2026-10-08T08:29:57,2026-10-08T08:00:00,7720.0,2027-01-15,7770.25,0,3,0.0,52184.99999999999,0.0,0.5,,
2026-10-08T08:29:57,2026-10-08T08:00:00,7725.0,2026-12-31,7775.25,0,12,0.0,192900.0,0.0,0.028985507246376812,,
2026-10-08T08:29:57,2026-10-08T08:00:00,7725.0,2027-01-15,7775.25,0,0,0.0,0.0,0.0,0.0,,
2026-10-08T08:29:57,2026-10-08T08:00:00,7730.0,2026-12-31,7780.25,0,0,0.0,0.0,0.0,0.0,,
2026-10-08T08:29:57,2026-10-08T08:00:00,7730.0,2027-01-15,7780.25,8,0,240560.0,0.0,0.19047619047619047,0.0,,
2026-10-08T08:29:57,2026-10-08T08:00:00,7735.0,2026-12-31,7785.25,2,0,53100.0,0.0,0.08695652173913043,0.0,,
2026-10-08T08:29:57,2026-10-08T08:00:00,7735.0,2027-01-15,7785.25,0,0,0.0,0.0,0.0,0.0,,
2026-10-08T08:29:57,2026-10-08T08:00:00,7740.0,2026-12-31,7790.25,0,0,0.0,0.0,0.0,0.0,,
2026-10-08T08:29:57,2026-10-08T08:00:00,7740.0,2027-01-15,7790.25,108,0,3174660.0000000005,0.0,0.9473684210526315,0.0,,
2026-10-08T08:29:57,2026-10-08T08:00:00,7745.0,2026-12-31,7795.25,0,14,0.0,234010.0,0.0,0.5,,
2026-10-08T08:29:57,2026-10-08T08:00:00,7745.0,2027-01-15,7795.25,0,0,0.0,0.0,0.0,0.0,,
2026-10-08T08:29:57,2026-10-08T08:00:00,7750.0,2026-12-31,7800.25,3,5,76680.0,84449.99999999999,0.0035971223021582736,0.0019470404984423676,,
2026-10-08T08:29:57,2026-10-08T08:00:00,7750.0,2027-01-15,7800.25,98,1015,2815540.0,18533900.0,0.2670299727520436,0.3239706351739547,,
2026-10-08T08:29:57,2026-10-08T08:00:00,7755.0,2026-12-31,7805.25,0,0,0.0,0.0,0.0,0.0,,
2026-10-08T08:29:57,2026-10-08T08:00:00,7755.0,2027-01-15,7805.25,0,0,0.0,0.0,0.0,0.0,,
2026-10-08T08:29:57,2026-10-08T08:00:00,7760.0,2026-12-31,7810.25,0,0,0.0,0.0,0.0,0.0,,
2026-10-08T08:29:57,2026-10-08T08:00:00,7760.0,2027-01-15,7810.25,4,174,111980.0,3248580.0,0.027586206896551724,0.7767857142857143,,
2026-10-08T08:29:57,2026-10-08T08:00:00,7765.0,2026-12-31,7815.25,0,0,0.0,0.0,0.0,0.0,,
2026-10-08T08:29:57,2026-10-08T08:00:00,7765.0,2027-01-15,7815.25,0,0,0.0,0.0,0.0,0.0,,
2026-10-08T08:29:57,2026-10-08T08:00:00,7770.0,2026-12-31,7820.25,0,3,0.0,52709.99999999999,0.0,0.013761467889908258,,
2026-10-08T08:29:57,2026-10-08T08:00:00,7770.0,2027-01-15,7820.25,0,1,0.0,19015.0,0.0,0.0035211267605633804,,
2026-10-08T08:29:57,2026-10-08T08:00:00,7775.0,2026-12-31,7825.25,2,0,47880.0,0.0,0.004987531172069825,0.0,,
2026-10-08T08:29:57,2026-10-08T08:00:00,7775.0,2027-01-15,7825.25,0,3,0.0,57270.00000000001,0.0,0.002398081534772182,,
2026-10-08T08:29:57,2026-10-08T08:00:00,7780.0,2026-12-31,7830.25,4,12,94520.0,214980.00000000003,0.028169014084507043,0.14457831325301204,,
2026-10-08T08:29:57,2026-10-08T08:00:00,7780.0,2027-01-15,7830.25,0,0,0.0,0.0,0.0,0.0,,
2026-10-08T08:29:57,2026-10-08T08:00:00,7785.0,2026-12-31,7835.25,3,3,69930.0,54300.0,0.15789473684210525,0.375,,
2026-10-08T08:29:57,2026-10-08T08:00:00,7785.0,2027-01-15,7835.25,0,0,0.0,0.0,0.0,0.0,,
2026-10-08T08:29:57,2026-10-08T08:00:00,7790.0,2026-12-31,7840.25,6,1,137940.0,18275.0,0.05357142857142857,0.015625,,
2026-10-08T08:29:57,2026-10-08T08:00:00,7790.0,2027-01-15,7840.25,1,2,26145.000000000004,39379.99999999999,0.125,0.05555555555555555,,
2026-10-08T08:29:57,2026-10-08T08:00:00,7795.0,2026-12-31,7845.25,0,0,0.0,0.0,0.0,0.0,,
2026-10-08T08:29:57,2026-10-08T08:00:00,7795.0,2027-01-15,7845.25,0,0,0.0,0.0,0.0,0.0,,
2026-10-08T08:29:57,2026-10-08T08:00:00,7800.0,2026-12-31,7850.25,10,3,223750.0,55965.00000000001,0.0029437739181630853,0.001047851903597625,,
2026-10-08T08:29:57,2026-10-08T08:00:00,7800.0,2027-01-15,7850.25,32,172,816320.0000000001,3450320.0000000005,0.27350427350427353,0.7577092511013216,,
2026-10-08T08:29:57,2026-10-08T08:00:00,7805.0,2026-12-31,7855.25,0,4,0.0,75340.0,0.0,0.21052631578947367,,
2026-10-08T08:29:57,2026-10-08T08:00:00,7805.0,2027-01-15,7855.25,0,0,0.0,0.0,0.0,0.0,,
2026-10-08T08:29:57,2026-10-08T08:00:00,7810.0,2026-12-31,7860.25,0,0,0.0,0.0,0.0,0.0,,
2026-10-08T08:29:57,2026-10-08T08:00:00,7810.0,2027-01-15,7860.25,0,0,0.0,0.0,0.0,0.0,,
2026-10-08T08:29:57,2026-10-08T08:00:00,7815.0,2026-12-31,7865.25,0,0,0.0,0.0,0.0,0.0,,
2026-10-08T08:29:57,2026-10-08T08:00:00,7815.0,2027-01-15,7865.25,0,1,0.0,20520.0,0.0,0.16666666666666666,,
2026-10-08T08:29:57,2026-10-08T08:00:00,7820.0,2026-12-31,7870.25,0,0,0.0,0.0,0.0,0.0,,
2026-10-08T08:29:57,2026-10-08T08:00:00,7820.0,2027-01-15,7870.25,0,0,0.0,0.0,0.0,,,
2026-10-08T08:29:57,2026-10-08T08:00:00,7825.0,2026-12-31,7875.25,1,35,20865.0,686525.0,0.0049261083743842365,0.2348993288590604,,
2026-10-08T08:29:57,2026-10-08T08:00:00,7825.0,2027-01-15,7875.25,0,0,0.0,0.0,0.0,0.0,,
2026-10-08T08:29:57,2026-10-08T08:00:00,7830.0,2026-12-31,7880.25,2,0,41130.0,0.0,0.022222222222222223,0.0,,
2026-10-08T08:29:57,2026-10-08T08:00:00,7830.0,2027-01-15,7880.25,0,0,0.0,0.0,0.0,0.0,,
2026-10-08T08:29:57,2026-10-08T08:00:00,7835.0,2026-12-31,7885.25,0,2,0.0,40020.00000000001,0.0,0.011049723756906077,,
2026-10-08T08:29:57,2026-10-08T08:00:00,7835.0,2027-01-15,7885.25,0,2,0.0,42560.0,0.0,0.007434944237918215,,
2026-10-08T08:29:57,2026-10-08T08:00:00,7840.0,2026-12-31,7890.25,1,0,19980.0,0.0,0.005917159763313609,0.0,,
2026-10-08T08:29:57,2026-10-08T08:00:00,7840.0,2027-01-15,7890.25,0,1,0.0,21565.0,0.0,0.041666666666666664,,
2026-10-08T08:29:57,2026-10-08T08:00:00,7845.0,2026-12-31,7895.25,0,0,0.0,0.0,0.0,0.0,,
2026-10-08T08:29:57,2026-10-08T08:00:00,7845.0,2027-01-15,7895.25,0,0,0.0,0.0,0.0,0.0,,
2026-10-08T08:29:57,2026-10-08T08:00:00,7850.0,2026-12-31,7900.25,0,2,0.0,41260.0,0.0,0.0030911901081916537,,
2026-10-08T08:29:57,2026-10-08T08:00:00,7850.0,2027-01-15,7900.25,0,2,0.0,43920.00000000001,0.0,0.012048192771084338,,
2026-10-08T08:29:57,2026-10-08T08:00:00,7855.0,2026-12-31,7905.25,0,0,0.0,0.0,0.0,0.0,,
2026-10-08T08:29:57,2026-10-08T08:00:00,7855.0,2027-01-15,7905.25,0,0,0.0,0.0,0.0,0.0,,
2026-10-08T08:29:57,2026-10-08T08:00:00,7860.0,2026-12-31,7910.25,0,0,0.0,0.0,0.0,0.0,,
2026-10-08T08:29:57,2026-10-08T08:00:00,7860.0,2027-01-15,7910.25,0,0,0.0,0.0,0.0,0.0,,
2026-10-08T08:29:57,2026-10-08T08:00:00,7865.0,2026-12-31,7915.25,0,0,0.0,0.0,0.0,0.0,,
2026-10-08T08:29:57,2026-10-08T08:00:00,7865.0,2027-01-15,7915.25,0,1,0.0,22485.0,0.0,,,
2026-10-08T08:29:57,2026-10-08T08:00:00,7870.0,2026-12-31,7920.25,0,0,0.0,0.0,0.0,0.0,,
2026-10-08T08:29:57,2026-10-08T08:00:00,7870.0,2027-01-15,7920.25,0,0,0.0,0.0,0.0,0.0,,
2026-10-08T08:29:57,2026-10-08T08:00:00,7875.0,2026-12-31,7925.25,0,0,0.0,0.0,0.0,0.0,,
2026-10-08T08:29:57,2026-10-08T08:00:00,7875.0,2027-01-15,7925.25,2,1,42070.0,22989.999999999996,0.012345679012345678,0.00819672131147541,,
2026-10-08T08:29:57,2026-10-08T08:00:00,7880.0,2026-12-31,7930.25,0,0,0.0,0.0,0.0,0.0,,
2026-10-08T08:29:57,2026-10-08T08:00:00,7880.0,2027-01-15,7930.25,0,1,0.0,23195.0,0.0,0.25,,
2026-10-08T08:29:57,2026-10-08T08:00:00,7885.0,2026-12-31,7935.25,0,0,0.0,0.0,0.0,0.0,,
2026-10-08T08:29:57,2026-10-08T08:00:00,7885.0,2027-01-15,7935.25,3,3,61200.0,69990.00000000001,0.08571428571428572,0.05454545454545454,,
2026-10-08T08:29:57,2026-10-08T08:00:00,7890.0,2026-12-31,7940.25,0,0,0.0,0.0,0.0,0.0,,
2026-10-08T08:29:57,2026-10-08T08:00:00,7890.0,2027-01-15,7940.25,2,3,40240.0,70890.00000000001,0.05,0.03125,,
2026-10-08T08:29:57,2026-10-08T08:00:00,7895.0,2026-12-31,7945.25,0,0,0.0,0.0,0.0,0.0,,
2026-10-08T08:29:57,2026-10-08T08:00:00,7895.0,2027-01-15,7945.25,1,3,19840.0,71280.0,0.018867924528301886,0.15,,
2026-10-08T08:29:57,2026-10-08T08:00:00,7900.0,2026-12-31,7950.25,4,0,66680.0,0.0,0.002011060834590246,0.0,,
2026-10-08T08:29:57,2026-10-08T08:00:00,7900.0,2027-01-15,7950.25,0,10,0.0,240700.0,0.0,0.05555555555555555,,
2026-10-08T08:29:57,2026-10-08T08:00:00,7905.0,2026-12-31,7955.25,0,95,0.0,2191650.0,0.0,0.37401574803149606,,
2026-10-08T08:29:57,2026-10-08T08:00:00,7905.0,2027-01-15,7955.25,2,6,38600.0,145230.00000000003,0.09523809523809523,0.46153846153846156,,
2026-10-08T08:29:57,2026-10-08T08:00:00,7910.0,2026-12-31,7960.25,0,0,0.0,0.0,0.0,0.0,,
2026-10-08T08:29:57,2026-10-08T08:00:00,7910.0,2027-01-15,7960.25,0,0,0.0,0.0,0.0,0.0,,
2026-10-08T08:29:57,2026-10-08T08:00:00,7915.0,2026-12-31,7965.25,2,2,31779.999999999996,47090.0,0.09523809523809523,0.10526315789473684,,
2026-10-08T08:29:57,2026-10-08T08:00:00,7915.0,2027-01-15,7965.25,0,0,0.0,0.0,0.0,0.0,,
2026-10-08T08:29:57,2026-10-08T08:00:00,7920.0,2026-12-31,7970.25,0,0,0.0,0.0,0.0,0.0,,
2026-10-08T08:29:57,2026-10-08T08:00:00,7920.0,2027-01-15,7970.25,0,0,0.0,0.0,0.0,0.0,,
2026-10-08T08:29:57,2026-10-08T08:00:00,7925.0,2026-12-31,7975.25,0,1,0.0,24030.0,0.0,0.0038461538461538464,,
2026-10-08T08:29:57,2026-10-08T08:00:00,7925.0,2027-01-15,7975.25,0,0,0.0,0.0,0.0,0.0,,
2026-10-08T08:29:57,2026-10-08T08:00:00,7930.0,2026-12-31,7980.25,0,0,0.0,0.0,0.0,0.0,,
2026-10-08T08:29:57,2026-10-08T08:00:00,7930.0,2027-01-15,7980.25,0,0,0.0,0.0,0.0,0.0,,
2026-10-08T08:29:57,2026-10-08T08:00:00,7935.0,2026-12-31,7985.25,0,0,0.0,0.0,0.0,0.0,,
2026-10-08T08:29:57,2026-10-08T08:00:00,7935.0,2027-01-15,7985.25,0,0,0.0,0.0,0.0,0.0,,
2026-10-08T08:29:57,2026-10-08T08:00:00,7940.0,2026-12-31,7990.25,0,0,0.0,0.0,0.0,0.0,,
2026-10-08T08:29:57,2026-10-08T08:00:00,7940.0,2027-01-15,7990.25,0,0,0.0,0.0,0.0,0.0,,
2026-10-08T08:29:57,2026-10-08T08:00:00,7945.0,2026-12-31,7995.25,0,0,0.0,0.0,0.0,0.0,,
2026-10-08T08:29:57,2026-10-08T08:00:00,7945.0,2027-01-15,7995.25,0,0,0.0,0.0,0.0,0.0,,
2026-10-08T08:29:57,2026-10-08T08:00:00,7950.0,2026-12-31,8000.25,0,0,0.0,0.0,0.0,0.0,,
2026-10-08T08:29:57,2026-10-08T08:00:00,7950.0,2027-01-15,8000.25,0,0,0.0,0.0,0.0,0.0,,
2026-10-08T08:29:57,2026-10-08T08:00:00,7955.0,2026-12-31,8005.25,0,0,0.0,0.0,0.0,0.0,,
2026-10-08T08:29:57,2026-10-08T08:00:00,7955.0,2027-01-15,8005.25,0,0,0.0,0.0,0.0,0.0,,
2026-10-08T08:29:57,2026-10-08T08:00:00,7960.0,2026-12-31,8010.25,0,0,0.0,0.0,0.0,0.0,,
2026-10-08T08:29:57,2026-10-08T08:00:00,7960.0,2027-01-15,8010.25,1,0,16535.0,0.0,0.022727272727272728,0.0,,
2026-10-08T08:29:57,2026-10-08T08:00:00,7965.0,2026-12-31,8015.25,0,0,0.0,0.0,0.0,,,
2026-10-08T08:29:57,2026-10-08T08:00:00,7965.0,2027-01-15,8015.25,0,0,0.0,0.0,0.0,0.0,,
2026-10-08T08:29:57,2026-10-08T08:00:00,7970.0,2026-12-31,8020.25,0,0,0.0,0.0,0.0,0.0,,
2026-10-08T08:29:57,2026-10-08T08:00:00,7970.0,2027-01-15,8020.25,0,1,0.0,27375.0,0.0,0.0625,,
2026-10-08T08:29:57,2026-10-08T08:00:00,7975.0,2026-12-31,8025.25,0,1,0.0,26610.000000000004,0.0,0.0011148272017837235,,
2026-10-08T08:29:57,2026-10-08T08:00:00,7975.0,2027-01-15,8025.25,0,0,0.0,0.0,0.0,0.0,,
2026-10-08T08:29:57,2026-10-08T08:00:00,7980.0,2026-12-31,8030.25,1,0,12790.0,0.0,0.00012174336498660823,0.0,,
2026-10-08T08:29:57,2026-10-08T08:00:00,7980.0,2027-01-15,8030.25,0,0,0.0,0.0,0.0,0.0,,
2026-10-08T08:29:57,2026-10-08T08:00:00,7985.0,2026-12-31,8035.25,0,0,0.0,0.0,0.0,0.0,,
2026-10-08T08:29:57,2026-10-08T08:00:00,7990.0,2026-12-31,8040.25,1,0,12350.0,0.0,0.00011559357299734135,0.0,,
2026-10-08T08:29:57,2026-10-08T08:00:00,7990.0,2027-01-15,8040.25,1,0,15105.000000000002,0.0,0.058823529411764705,0.0,,
2026-10-08T08:29:57,2026-10-08T08:00:00,7995.0,2026-12-31,8045.25,1,0,12140.0,0.0,0.007936507936507936,0.0,,
2026-10-08T08:29:57,2026-10-08T08:00:00,8000.0,2026-12-31,8050.25,7,1,83475.0,27989.999999999996,0.0004295005522149957,0.0002621231979030144,,
2026-10-08T08:29:57,2026-10-08T08:00:00,8000.0,2027-01-15,8050.25,2,2,29129.999999999996,57870.00000000001,1.871800391206282e-05,0.003745318352059925,,
2026-10-08T08:29:57,2026-10-08T08:00:00,8005.0,2026-12-31,8055.25,1,0,11710.0,0.0,0.007246376811594203,0.0,,
2026-10-08T08:29:57,2026-10-08T08:00:00,8010.0,2026-12-31,8060.25,6,0,69059.99999999999,0.0,0.000539713951605649,0.0,,
2026-10-08T08:29:57,2026-10-08T08:00:00,8010.0,2027-01-15,8060.25,0,0,0.0,0.0,0.0,0.0,,
2026-10-08T08:29:57,2026-10-08T08:00:00,8015.0,2026-12-31,8065.25,1,0,11305.0,0.0,0.005025125628140704,0.0,,
2026-10-08T08:29:57,2026-10-08T08:00:00,8020.0,2026-12-31,8070.25,9,0,99945.0,0.0,0.0008743806470416788,0.0,,
2026-10-08T08:29:57,2026-10-08T08:00:00,8020.0,2027-01-15,8070.25,0,0,0.0,0.0,0.0,0.0,,
2026-10-08T08:29:57,2026-10-08T08:00:00,8025.0,2026-12-31,8075.25,6,0,65429.99999999999,0.0,0.0062827225130890054,0.0,,
2026-10-08T08:29:57,2026-10-08T08:00:00,8025.0,2027-01-15,8075.25,150,0,2030999.9999999995,0.0,1.3513513513513513,0.0,,
2026-10-08T08:29:57,2026-10-08T08:00:00,8030.0,2026-12-31,8080.25,0,0,0.0,0.0,0.0,0.0,,
2026-10-08T08:29:57,2026-10-08T08:00:00,8030.0,2027-01-15,8080.25,1,0,13319.999999999998,0.0,0.015384615384615385,0.0,,
2026-10-08T08:29:57,2026-10-08T08:00:00,8035.0,2026-12-31,8085.25,0,0,0.0,0.0,0.0,0.0,,
2026-10-08T08:29:57,2026-10-08T08:00:00,8040.0,2026-12-31,8090.25,0,0,0.0,0.0,0.0,0.0,,
2026-10-08T08:29:57,2026-10-08T08:00:00,8040.0,2027-01-15,8090.25,0,0,0.0,0.0,0.0,0.0,,
2026-10-08T08:29:57,2026-10-08T08:00:00,8045.0,2026-12-31,8095.25,0,0,0.0,0.0,0.0,0.0,,
2026-10-08T08:29:57,2026-10-08T08:00:00,8050.0,2026-12-31,8100.25,9,0,89415.0,0.0,0.00027481755168096736,0.0,,
2026-10-08T08:29:57,2026-10-08T08:00:00,8050.0,2027-01-15,8100.25,1,116,12490.0,3670239.9999999995,0.008849557522123894,0.17185185185185184,,
2026-10-08T08:29:57,2026-10-08T08:00:00,8055.0,2026-12-31,8105.25,0,0,0.0,0.0,0.0,0.0,,
2026-10-08T08:29:57,2026-10-08T08:00:00,8060.0,2026-12-31,8110.25,5,0,47850.0,0.0,0.0002993653454676087,0.0,,
2026-10-08T08:29:57,2026-10-08T08:00:00,8060.0,2027-01-15,8110.25,1,0,12085.0,0.0,0.01639344262295082,0.0,,
2026-10-08T08:29:57,2026-10-08T08:00:00,8065.0,2026-12-31,8115.25,0,0,0.0,0.0,0.0,0.0,,
2026-10-08T08:29:57,2026-10-08T08:00:00,8070.0,2026-12-31,8120.25,5,0,46050.0,0.0,0.00017358700180530482,0.0,,
2026-10-08T08:29:57,2026-10-08T08:00:00,8070.0,2027-01-15,8120.25,0,0,0.0,0.0,0.0,0.0,,
2026-10-08T08:29:57,2026-10-08T08:00:00,8075.0,2026-12-31,8125.25,0,0,0.0,0.0,0.0,0.0,,
2026-10-08T08:29:57,2026-10-08T08:00:00,8075.0,2027-01-15,8125.25,0,0,0.0,0.0,0.0,0.0,,
2026-10-08T08:29:57,2026-10-08T08:00:00,8080.0,2026-12-31,8130.25,0,0,0.0,0.0,0.0,0.0,,
2026-10-08T08:29:57,2026-10-08T08:00:00,8080.0,2027-01-15,8130.25,0,0,0.0,0.0,0.0,0.0,,
2026-10-08T08:29:57,2026-10-08T08:00:00,8085.0,2026-12-31,8135.25,0,0,0.0,0.0,0.0,0.0,,
2026-10-08T08:29:57,2026-10-08T08:00:00,8090.0,2026-12-31,8140.25,0,0,0.0,0.0,0.0,0.0,,
2026-10-08T08:29:57,2026-10-08T08:00:00,8090.0,2027-01-15,8140.25,0,0,0.0,0.0,0.0,0.0,,
2026-10-08T08:29:57,2026-10-08T08:00:00,8095.0,2026-12-31,8145.25,2,0,16730.0,0.0,0.019801980198019802,0.0,,
2026-10-08T08:29:57,2026-10-08T08:00:00,8100.0,2026-12-31,8150.25,2,0,16390.0,0.0,4.6912016513029816e-05,0.0,,
2026-10-08T08:29:57,2026-10-08T08:00:00,8100.0,2027-01-15,8150.25,1,0,10560.0,0.0,0.0078125,0.0,,
2026-10-08T08:29:57,2026-10-08T08:00:00,8105.0,2026-12-31,8155.25,0,0,0.0,0.0,0.0,0.0,,
2026-10-08T08:29:57,2026-10-08T08:00:00,8110.0,2026-12-31,8160.25,1,0,7884.999999999999,0.0,6.216199415677255e-05,0.0,,
2026-10-08T08:29:57,2026-10-08T08:00:00,8110.0,2027-01-15,8160.25,0,4,0.0,141400.0,0.0,,,
2026-10-08T08:29:57,2026-10-08T08:00:00,8115.0,2026-12-31,8165.25,3,0,23175.0,0.0,0.007042253521126761,0.0,,
2026-10-08T08:29:57,2026-10-08T08:00:00,8120.0,2026-12-31,8170.25,0,0,0.0,0.0,0.0,0.0,,
2026-10-08T08:29:57,2026-10-08T08:00:00,8120.0,2027-01-15,8170.25,0,0,0.0,0.0,0.0,0.0,,
2026-10-08T08:29:57,2026-10-08T08:00:00,8125.0,2026-12-31,8175.25,1,0,7420.0,0.0,0.002325581395348837,0.0,,
2026-10-08T08:29:57,2026-10-08T08:00:00,8125.0,2027-01-15,8175.25,1,3,9685.0,108930.00000000001,0.005050505050505051,0.1,,
2026-10-08T08:29:57,2026-10-08T08:00:00,8130.0,2026-12-31,8180.25,0,0,0.0,0.0,0.0,0.0,,
2026-10-08T08:29:57,2026-10-08T08:00:00,8130.0,2027-01-15,8180.25,0,3,0.0,109890.00000000001,0.0,1.0,,
2026-10-08T08:29:57,2026-10-08T08:00:00,8135.0,2026-12-31,8185.25,0,0,0.0,0.0,0.0,0.0,,
2026-10-08T08:29:57,2026-10-08T08:00:00,8140.0,2026-12-31,8190.25,0,0,0.0,0.0,0.0,0.0,,
2026-10-08T08:29:57,2026-10-08T08:00:00,8140.0,2027-01-15,8190.25,0,0,0.0,0.0,0.0,,,
2026-10-08T08:29:57,2026-10-08T08:00:00,8145.0,2026-12-31,8195.25,0,0,0.0,0.0,0.0,0.0,,
2026-10-08T08:29:57,2026-10-08T08:00:00,8150.0,2026-12-31,8200.25,11,0,73700.0,0.0,0.00022806435561452978,0.0,,
2026-10-08T08:29:57,2026-10-08T08:00:00,8150.0,2027-01-15,8200.25,0,0,0.0,0.0,0.0,0.0,,
2026-10-08T08:29:57,2026-10-08T08:00:00,8155.0,2026-12-31,8205.25,0,0,0.0,0.0,0.0,,,
2026-10-08T08:29:57,2026-10-08T08:00:00,8160.0,2026-12-31,8210.25,0,0,0.0,0.0,0.0,0.0,,
2026-10-08T08:29:57,2026-10-08T08:00:00,8160.0,2027-01-15,8210.25,0,0,0.0,0.0,,,,
2026-10-08T08:29:57,2026-10-08T08:00:00,8165.0,2026-12-31,8215.25,0,0,0.0,0.0,0.0,,,
2026-10-08T08:29:57,2026-10-08T08:00:00,8170.0,2026-12-31,8220.25,0,0,0.0,0.0,0.0,0.0,,
2026-10-08T08:29:57,2026-10-08T08:00:00,8170.0,2027-01-15,8220.25,0,0,0.0,0.0,,,,
2026-10-08T08:29:57,2026-10-08T08:00:00,8175.0,2026-12-31,8225.25,0,0,0.0,0.0,0.0,0.0,,
2026-10-08T08:29:57,2026-10-08T08:00:00,8175.0,2027-01-15,8225.25,0,0,0.0,0.0,0.0,0.0,,
2026-10-08T08:29:57,2026-10-08T08:00:00,8180.0,2026-12-31,8230.25,0,0,0.0,0.0,0.0,0.0,,
2026-10-08T08:29:57,2026-10-08T08:00:00,8180.0,2027-01-15,8230.25,0,0,0.0,0.0,,,,
2026-10-08T08:29:57,2026-10-08T08:00:00,8185.0,2026-12-31,8235.25,0,0,0.0,0.0,0.0,,,
2026-10-08T08:29:57,2026-10-08T08:00:00,8190.0,2026-12-31,8240.25,0,0,0.0,0.0,0.0,0.0,,
2026-10-08T08:29:57,2026-10-08T08:00:00,8190.0,2027-01-15,8240.25,0,0,0.0,0.0,,,,
2026-10-08T08:29:57,2026-10-08T08:00:00,8195.0,2026-12-31,8245.25,0,0,0.0,0.0,0.0,,,
2026-10-08T08:29:57,2026-10-08T08:00:00,8200.0,2026-12-31,8250.25,10,1,54250.0,41265.0,0.00046238498173579323,0.005494505494505495,,
2026-10-08T08:29:57,2026-10-08T08:00:00,8200.0,2027-01-15,8250.25,35,0,256199.99999999994,0.0,0.003527870174377583,0.0,,
2026-10-08T08:29:57,2026-10-08T08:00:00,8205.0,2026-12-31,8255.25,0,0,0.0,0.0,0.0,,,
2026-10-08T08:29:57,2026-10-08T08:00:00,8210.0,2026-12-31,8260.25,0,0,0.0,0.0,0.0,0.0,,
2026-10-08T08:29:57,2026-10-08T08:00:00,8210.0,2027-01-15,8260.25,0,0,0.0,0.0,,,,
2026-10-08T08:29:57,2026-10-08T08:00:00,8215.0,2026-12-31,8265.25,14,0,71120.0,0.0,0.7368421052631579,0.0,,
2026-10-08T08:29:57,2026-10-08T08:00:00,8220.0,2026-12-31,8270.25,15,0,74550.0,0.0,0.03816793893129771,0.0,,
2026-10-08T08:29:57,2026-10-08T08:00:00,8220.0,2027-01-15,8270.25,0,0,0.0,0.0,0.0,,,
2026-10-08T08:29:57,2026-10-08T08:00:00,8225.0,2026-12-31,8275.25,0,0,0.0,0.0,0.0,0.0,,
2026-10-08T08:29:57,2026-10-08T08:00:00,8225.0,2027-01-15,8275.25,0,0,0.0,0.0,0.0,0.0,,
2026-10-08T08:29:57,2026-10-08T08:00:00,8230.0,2026-12-31,8280.25,0,0,0.0,0.0,0.0,0.0,,
2026-10-08T08:29:57,2026-10-08T08:00:00,8230.0,2027-01-15,8280.25,0,0,0.0,0.0,,,,
2026-10-08T08:29:57,2026-10-08T08:00:00,8235.0,2026-12-31,8285.25,1,0,4650.0,0.0,0.05263157894736842,,,
2026-10-08T08:29:57,2026-10-08T08:00:00,8240.0,2026-12-31,8290.25,10,0,45500.0,0.0,0.056179775280898875,0.0,,
2026-10-08T08:29:57,2026-10-08T08:00:00,8240.0,2027-01-15,8290.25,0,0,0.0,0.0,,,,
2026-10-08T08:29:57,2026-10-08T08:00:00,8245.0,2026-12-31,8295.25,0,0,0.0,0.0,0.0,,,
2026-10-08T08:29:57,2026-10-08T08:00:00,8250.0,2026-12-31,8300.25,0,0,0.0,0.0,0.0,0.0,,
2026-10-08T08:29:57,2026-10-08T08:00:00,8250.0,2027-01-15,8300.25,0,0,0.0,0.0,0.0,,,
2026-10-08T08:29:57,2026-10-08T08:00:00,8255.0,2026-12-31,8305.25,0,0,0.0,0.0,0.0,,,
2026-10-08T08:29:57,2026-10-08T08:00:00,8260.0,2026-12-31,8310.25,0,0,0.0,0.0,0.0,0.0,,
2026-10-08T08:29:57,2026-10-08T08:00:00,8260.0,2027-01-15,8310.25,1,0,5865.0,0.0,,,,
2026-10-08T08:29:57,2026-10-08T08:00:00,8265.0,2026-12-31,8315.25,0,0,0.0,0.0,0.0,,,
2026-10-08T08:29:57,2026-10-08T08:00:00,8270.0,2026-12-31,8320.25,0,0,0.0,0.0,0.0,0.0,,
2026-10-08T08:29:57,2026-10-08T08:00:00,8270.0,2027-01-15,8320.25,0,0,0.0,0.0,,,,
2026-10-08T08:29:57,2026-10-08T08:00:00,8275.0,2026-12-31,8325.25,0,0,0.0,0.0,0.0,0.0,,
2026-10-08T08:29:57,2026-10-08T08:00:00,8275.0,2027-01-15,8325.25,0,0,0.0,0.0,0.0,0.0,,
2026-10-08T08:29:57,2026-10-08T08:00:00,8280.0,2026-12-31,8330.25,0,0,0.0,0.0,0.0,0.0,,
2026-10-08T08:29:57,2026-10-08T08:00:00,8280.0,2027-01-15,8330.25,0,0,0.0,0.0,,,,
2026-10-08T08:29:57,2026-10-08T08:00:00,8285.0,2026-12-31,8335.25,0,0,0.0,0.0,0.0,,,
2026-10-08T08:29:57,2026-10-08T08:00:00,8290.0,2026-12-31,8340.25,0,0,0.0,0.0,0.0,0.0,,
2026-10-08T08:29:57,2026-10-08T08:00:00,8290.0,2027-01-15,8340.25,0,0,0.0,0.0,,,,
2026-10-08T08:29:57,2026-10-08T08:00:00,8295.0,2026-12-31,8345.25,0,0,0.0,0.0,0.0,,,
2026-10-08T08:29:57,2026-10-08T08:00:00,8300.0,2026-12-31,8350.25,3,0,10365.0,0.0,0.0031982942430703624,0.0,,
2026-10-08T08:29:57,2026-10-08T08:00:00,8300.0,2027-01-15,8350.25,386,0,1912630.0,0.0,0.06004044174832789,0.0,,
2026-10-08T08:29:57,2026-10-08T08:00:00,8305.0,2026-12-31,8355.25,0,0,0.0,0.0,0.0,,,
2026-10-08T08:29:57,2026-10-08T08:00:00,8310.0,2026-12-31,8360.25,0,0,0.0,0.0,0.0,,,
2026-10-08T08:29:57,2026-10-08T08:00:00,8310.0,2027-01-15,8360.25,0,0,0.0,0.0,,,,
2026-10-08T08:29:57,2026-10-08T08:00:00,8315.0,2026-12-31,8365.25,0,0,0.0,0.0,0.0,,,
2026-10-08T08:29:57,2026-10-08T08:00:00,8320.0,2026-12-31,8370.25,0,0,0.0,0.0,0.0,,,
2026-10-08T08:29:57,2026-10-08T08:00:00,8320.0,2027-01-15,8370.25,0,0,0.0,0.0,,,,
2026-10-08T08:29:57,2026-10-08T08:00:00,8325.0,2026-12-31,8375.25,0,0,0.0,0.0,0.0,0.0,,
2026-10-08T08:29:57,2026-10-08T08:00:00,8325.0,2027-01-15,8375.25,0,0,0.0,0.0,,,,
2026-10-08T08:29:57,2026-10-08T08:00:00,8330.0,2026-12-31,8380.25,10,0,30000.0,0.0,0.5555555555555556,,,
2026-10-08T08:29:57,2026-10-08T08:00:00,8330.0,2027-01-15,8380.25,0,0,0.0,0.0,,,,
2026-10-08T08:29:57,2026-10-08T08:00:00,8335.0,2026-12-31,8385.25,0,0,0.0,0.0,0.0,,,
2026-10-08T08:29:57,2026-10-08T08:00:00,8340.0,2026-12-31,8390.25,0,0,0.0,0.0,0.0,,,
2026-10-08T08:29:57,2026-10-08T08:00:00,8340.0,2027-01-15,8390.25,0,0,0.0,0.0,,,,
2026-10-08T08:29:57,2026-10-08T08:00:00,8345.0,2026-12-31,8395.25,0,0,0.0,0.0,0.0,,,
2026-10-08T08:29:57,2026-10-08T08:00:00,8350.0,2026-12-31,8400.25,3,0,8159.999999999999,0.0,0.00411522633744856,0.0,,
2026-10-08T08:29:57,2026-10-08T08:00:00,8350.0,2027-01-15,8400.25,0,0,0.0,0.0,0.0,0.0,,
2026-10-08T08:29:57,2026-10-08T08:00:00,8355.0,2026-12-31,8405.25,0,0,0.0,0.0,,,,
2026-10-08T08:29:57,2026-10-08T08:00:00,8360.0,2026-12-31,8410.25,0,0,0.0,0.0,0.0,,,
2026-10-08T08:29:57,2026-10-08T08:00:00,8360.0,2027-01-15,8410.25,0,0,0.0,0.0,,,,
2026-10-08T08:29:57,2026-10-08T08:00:00,8365.0,2026-12-31,8415.25,0,0,0.0,0.0,,,,
2026-10-08T08:29:57,2026-10-08T08:00:00,8370.0,2026-12-31,8420.25,0,0,0.0,0.0,0.0,,,
2026-10-08T08:29:57,2026-10-08T08:00:00,8370.0,2027-01-15,8420.25,0,0,0.0,0.0,,,,
2026-10-08T08:29:57,2026-10-08T08:00:00,8375.0,2026-12-31,8425.25,0,0,0.0,0.0,0.0,0.0,,
2026-10-08T08:29:57,2026-10-08T08:00:00,8375.0,2027-01-15,8425.25,0,0,0.0,0.0,0.0,,,
2026-10-08T08:29:57,2026-10-08T08:00:00,8380.0,2026-12-31,8430.25,0,0,0.0,0.0,0.0,,,
2026-10-08T08:29:57,2026-10-08T08:00:00,8390.0,2026-12-31,8440.25,0,0,0.0,0.0,0.0,0.0,,
2026-10-08T08:29:57,2026-10-08T08:00:00,8400.0,2026-12-31,8450.25,0,0,0.0,0.0,0.0,0.0,,
2026-10-08T08:29:57,2026-10-08T08:00:00,8400.0,2027-01-15,8450.25,32,0,104319.99999999999,0.0,0.007332722273143905,0.0,,
2026-10-08T08:29:57,2026-10-08T08:00:00,8410.0,2026-12-31,8460.25,0,0,0.0,0.0,0.0,0.0,,
2026-10-08T08:29:57,2026-10-08T08:00:00,8420.0,2026-12-31,8470.25,0,0,0.0,0.0,0.0,0.0,,
2026-10-08T08:29:57,2026-10-08T08:00:00,8425.0,2026-12-31,8475.25,29,0,54375.0,0.0,0.2761904761904762,,,
2026-10-08T08:29:57,2026-10-08T08:00:00,8425.0,2027-01-15,8475.25,82,0,239440.0,0.0,0.05384110308601445,,,
2026-10-08T08:29:57,2026-10-08T08:00:00,8430.0,2026-12-31,8480.25,0,0,0.0,0.0,0.0,,,
2026-10-08T08:29:57,2026-10-08T08:00:00,8440.0,2026-12-31,8490.25,0,0,0.0,0.0,0.0,,,
2026-10-08T08:29:57,2026-10-08T08:00:00,8450.0,2026-12-31,8500.25,0,0,0.0,0.0,0.0,,,
2026-10-08T08:29:57,2026-10-08T08:00:00,8450.0,2027-01-15,8500.25,0,0,0.0,0.0,0.0,0.0,,
2026-10-08T08:29:57,2026-10-08T08:00:00,8460.0,2026-12-31,8510.25,0,0,0.0,0.0,0.0,,,
2026-10-08T08:29:57,2026-10-08T08:00:00,8470.0,2026-12-31,8520.25,14,0,20859.999999999996,0.0,0.3783783783783784,,,
2026-10-08T08:29:57,2026-10-08T08:00:00,8475.0,2026-12-31,8525.25,0,0,0.0,0.0,0.0,0.0,,
2026-10-08T08:29:57,2026-10-08T08:00:00,8475.0,2027-01-15,8525.25,0,1,0.0,63525.0,0.0,0.5,,
2026-10-08T08:29:57,2026-10-08T08:00:00,8480.0,2026-12-31,8530.25,0,0,0.0,0.0,0.0,,,
2026-10-08T08:29:57,2026-10-08T08:00:00,8490.0,2026-12-31,8540.25,5,0,6750.0,0.0,5.0,,,
2026-10-08T08:29:57,2026-10-08T08:00:00,8500.0,2026-12-31,8550.25,0,0,0.0,0.0,0.0,0.0,,
2026-10-08T08:29:57,2026-10-08T08:00:00,8500.0,2027-01-15,8550.25,15,0,31725.0,0.0,0.2777777777777778,0.0,,
2026-10-08T08:29:57,2026-10-08T08:00:00,8510.0,2026-12-31,8560.25,0,0,0.0,0.0,0.0,,,
2026-10-08T08:29:57,2026-10-08T08:00:00,8520.0,2026-12-31,8570.25,0,0,0.0,0.0,,0.0,,
2026-10-08T08:29:57,2026-10-08T08:00:00,8525.0,2026-12-31,8575.25,0,0,0.0,0.0,0.0,0.0,,
2026-10-08T08:29:57,2026-10-08T08:00:00,8525.0,2027-01-15,8575.25,0,0,0.0,0.0,0.0,0.0,,
2026-10-08T08:29:57,2026-10-08T08:00:00,8530.0,2026-12-31,8580.25,0,0,0.0,0.0,0.0,,,
2026-10-08T08:29:57,2026-10-08T08:00:00,8540.0,2026-12-31,8590.25,0,0,0.0,0.0,,,,
2026-10-08T08:29:57,2026-10-08T08:00:00,8550.0,2026-12-31,8600.25,0,0,0.0,0.0,0.0,0.0,,
2026-10-08T08:29:57,2026-10-08T08:00:00,8550.0,2027-01-15,8600.25,0,0,0.0,0.0,0.0,,,
2026-10-08T08:29:57,2026-10-08T08:00:00,8560.0,2026-12-31,8610.25,0,0,0.0,0.0,0.0,,,
2026-10-08T08:29:57,2026-10-08T08:00:00,8570.0,2026-12-31,8620.25,0,0,0.0,0.0,0.0,,,
2026-10-08T08:29:57,2026-10-08T08:00:00,8575.0,2026-12-31,8625.25,0,0,0.0,0.0,0.0,,,
2026-10-08T08:29:57,2026-10-08T08:00:00,8575.0,2027-01-15,8625.25,0,0,0.0,0.0,0.0,0.0,,
2026-10-08T08:29:57,2026-10-08T08:00:00,8580.0,2026-12-31,8630.25,0,0,0.0,0.0,0.0,,,
2026-10-08T08:29:57,2026-10-08T08:00:00,8590.0,2026-12-31,8640.25,0,0,0.0,0.0,0.0,,,
2026-10-08T08:29:57,2026-10-08T08:00:00,8600.0,2026-12-31,8650.25,0,0,0.0,0.0,0.0,0.0,,
2026-10-08T08:29:57,2026-10-08T08:00:00,8600.0,2027-01-15,8650.25,28,0,37519.99999999999,0.0,0.11290322580645161,,,
2026-10-08T08:29:57,2026-10-08T08:00:00,8610.0,2026-12-31,8660.25,0,0,0.0,0.0,0.0,,,
2026-10-08T08:29:57,2026-10-08T08:00:00,8620.0,2026-12-31,8670.25,0,0,0.0,0.0,0.0,,,
2026-10-08T08:29:57,2026-10-08T08:00:00,8625.0,2026-12-31,8675.25,0,0,0.0,0.0,0.0,,,
2026-10-08T08:29:57,2026-10-08T08:00:00,8625.0,2027-01-15,8675.25,0,0,0.0,0.0,0.0,0.0,,
2026-10-08T08:29:57,2026-10-08T08:00:00,8630.0,2026-12-31,8680.25,0,0,0.0,0.0,0.0,,,
2026-10-08T08:29:57,2026-10-08T08:00:00,8640.0,2026-12-31,8690.25,0,0,0.0,0.0,0.0,,,
2026-10-08T08:29:57,2026-10-08T08:00:00,8650.0,2026-12-31,8700.25,49,0,29645.000000000004,0.0,0.04317180616740088,,,
2026-10-08T08:29:57,2026-10-08T08:00:00,8650.0,2027-01-15,8700.25,5,0,5300.000000000001,0.0,0.06666666666666667,,,
2026-10-08T08:29:57,2026-10-08T08:00:00,8660.0,2026-12-31,8710.25,50,0,28750.0,0.0,10.0,,,
2026-10-08T08:29:57,2026-10-08T08:00:00,8670.0,2026-12-31,8720.25,0,0,0.0,0.0,0.0,,,
2026-10-08T08:29:57,2026-10-08T08:00:00,8675.0,2026-12-31,8725.25,0,0,0.0,0.0,0.0,,,
2026-10-08T08:29:57,2026-10-08T08:00:00,8675.0,2027-01-15,8725.25,1,0,930.0000000000001,0.0,0.0034129692832764505,0.0,,
2026-10-08T08:29:57,2026-10-08T08:00:00,8680.0,2026-12-31,8730.25,0,0,0.0,0.0,,,,
2026-10-08T08:29:57,2026-10-08T08:00:00,8690.0,2026-12-31,8740.25,5,0,2525.0000000000005,0.0,0.14285714285714285,,,
2026-10-08T08:29:57,2026-10-08T08:00:00,8700.0,2026-12-31,8750.25,0,0,0.0,0.0,0.0,0.0,,
2026-10-08T08:29:57,2026-10-08T08:00:00,8700.0,2027-01-15,8750.25,1,0,844.9999999999999,0.0,0.0196078431372549,,,
2026-10-08T08:29:57,2026-10-08T08:00:00,8710.0,2026-12-31,8760.25,0,0,0.0,0.0,,,,
2026-10-08T08:29:57,2026-10-08T08:00:00,8720.0,2026-12-31,8770.25,0,0,0.0,0.0,,,,
2026-10-08T08:29:57,2026-10-08T08:00:00,8725.0,2026-12-31,8775.25,0,0,0.0,0.0,,,,
2026-10-08T08:29:57,2026-10-08T08:00:00,8725.0,2027-01-15,8775.25,0,0,0.0,0.0,0.0,0.0,,
2026-10-08T08:29:57,2026-10-08T08:00:00,8730.0,2026-12-31,8780.25,0,0,0.0,0.0,0.0,,,
2026-10-08T08:29:57,2026-10-08T08:00:00,8740.0,2026-12-31,8790.25,0,0,0.0,0.0,,,,
2026-10-08T08:29:57,2026-10-08T08:00:00,8750.0,2026-12-31,8800.25,0,0,0.0,0.0,0.0,,,
2026-10-08T08:29:57,2026-10-08T08:00:00,8750.0,2027-01-15,8800.25,0,0,0.0,0.0,0.0,0.0,,
2026-10-08T08:29:57,2026-10-08T08:00:00,8760.0,2026-12-31,8810.25,0,0,0.0,0.0,,,,
2026-10-08T08:29:57,2026-10-08T08:00:00,8775.0,2026-12-31,8825.25,0,0,0.0,0.0,0.0,,,
2026-10-08T08:29:57,2026-10-08T08:00:00,8775.0,2027-01-15,8825.25,0,0,0.0,0.0,0.0,,,
2026-10-08T08:29:57,2026-10-08T08:00:00,8800.0,2026-12-31,8850.25,0,0,0.0,0.0,0.0,0.0,,
2026-10-08T08:29:57,2026-10-08T08:00:00,8800.0,2027-01-15,8850.25,0,0,0.0,0.0,0.0,,,
2026-10-08T08:29:57,2026-10-08T08:00:00,8825.0,2026-12-31,8875.25,0,0,0.0,0.0,0.0,,,
2026-10-08T08:29:57,2026-10-08T08:00:00,8825.0,2027-01-15,8875.25,0,0,0.0,0.0,,,,
2026-10-08T08:29:57,2026-10-08T08:00:00,8850.0,2026-12-31,8900.25,0,0,0.0,0.0,0.0,,,
2026-10-08T08:29:57,2026-10-08T08:00:00,8850.0,2027-01-15,8900.25,0,0,0.0,0.0,0.0,0.0,,
2026-10-08T08:29:57,2026-10-08T08:00:00,8875.0,2027-01-15,8925.25,0,0,0.0,0.0,,,,
2026-10-08T08:29:57,2026-10-08T08:00:00,8900.0,2026-12-31,8950.25,0,0,0.0,0.0,0.0,,,
2026-10-08T08:29:57,2026-10-08T08:00:00,8900.0,2027-01-15,8950.25,0,0,0.0,0.0,0.0,,,
2026-10-08T08:29:57,2026-10-08T08:00:00,8950.0,2027-01-15,9000.25,0,0,0.0,0.0,,,,
2026-10-08T08:29:57,2026-10-08T08:00:00,9000.0,2026-12-31,9050.25,1,0,152.5,0.0,0.00034002040122407346,0.0,,
2026-10-08T08:29:57,2026-10-08T08:00:00,9000.0,2027-01-15,9050.25,1,0,252.50000000000003,0.0,0.008928571428571428,,,
2026-10-08T08:29:57,2026-10-08T08:00:00,9100.0,2026-12-31,9150.25,0,0,0.0,0.0,0.0,0.0,,
2026-10-08T08:29:57,2026-10-08T08:00:00,9100.0,2027-01-15,9150.25,0,0,0.0,0.0,0.0,,,
2026-10-08T08:29:57,2026-10-08T08:00:00,9200.0,2026-12-31,9250.25,0,0,0.0,0.0,0.0,,,
2026-10-08T08:29:57,2026-10-08T08:00:00,9200.0,2027-01-15,9250.25,0,0,0.0,0.0,0.0,,,
