timestamp_current,timestamp_previous,strikePrice,expirationDate,Theo ES,call_vol_diff,put_vol_diff,call_premium_of_vol_diff,put_premium_of_vol_diff,call_vol_oi_ratio_current,put_vol_oi_ratio_current,call_vol_chng_pct,put_vol_chng_pct
2025-07-30T11:10:56,2025-07-30T11:10:00,4890.0,2025-09-30,4923.0,0,0,0.0,0.0,,0.0,,
2025-07-30T11:10:56,2025-07-30T11:10:00,4890.0,2025-10-17,4923.0,0,0,0.0,0.0,,0.0,,
2025-07-30T11:10:56,2025-07-30T11:10:00,4895.0,2025-09-30,4928.0,0,0,0.0,0.0,,0.0,,
2025-07-30T11:10:56,2025-07-30T11:10:00,4900.0,2025-09-30,4933.0,0,0,0.0,0.0,0.0,0.0,,
2025-07-30T11:10:56,2025-07-30T11:10:00,4900.0,2025-10-17,4933.0,0,0,0.0,0.0,0.0,0.0,,
2025-07-30T11:10:56,2025-07-30T11:10:00,4905.0,2025-09-30,4938.0,0,0,0.0,0.0,,0.0,,
2025-07-30T11:10:56,2025-07-30T11:10:00,4910.0,2025-09-30,4943.0,0,0,0.0,0.0,0.0,0.0,,
2025-07-30T11:10:56,2025-07-30T11:10:00,4910.0,2025-10-17,4943.0,0,0,0.0,0.0,,0.0,,
2025-07-30T11:10:56,2025-07-30T11:10:00,4915.0,2025-09-30,4948.0,0,0,0.0,0.0,,0.0,,
2025-07-30T11:10:56,2025-07-30T11:10:00,4920.0,2025-09-30,4953.0,0,0,0.0,0.0,0.0,0.0,,
2025-07-30T11:10:56,2025-07-30T11:10:00,4920.0,2025-10-17,4953.0,0,0,0.0,0.0,,0.0,,
2025-07-30T11:10:56,2025-07-30T11:10:00,4925.0,2025-09-30,4958.0,0,0,0.0,0.0,0.0,0.0,,
2025-07-30T11:10:56,2025-07-30T11:10:00,4925.0,2025-10-17,4958.0,0,0,0.0,0.0,0.0,0.0,,
2025-07-30T11:10:56,2025-07-30T11:10:00,4930.0,2025-09-30,4963.0,0,0,0.0,0.0,0.0,0.0,,
2025-07-30T11:10:56,2025-07-30T11:10:00,4930.0,2025-10-17,4963.0,0,0,0.0,0.0,0.0,0.0,,
2025-07-30T11:10:56,2025-07-30T11:10:00,4935.0,2025-09-30,4968.0,0,0,0.0,0.0,,0.0,,
2025-07-30T11:10:56,2025-07-30T11:10:00,4940.0,2025-09-30,4973.0,0,0,0.0,0.0,,0.0,,
2025-07-30T11:10:56,2025-07-30T11:10:00,4940.0,2025-10-17,4973.0,0,0,0.0,0.0,,0.0,,
2025-07-30T11:10:56,2025-07-30T11:10:00,4945.0,2025-09-30,4978.0,0,0,0.0,0.0,,0.0,,
2025-07-30T11:10:56,2025-07-30T11:10:00,4950.0,2025-09-30,4983.0,0,0,0.0,0.0,0.0,0.0,,
2025-07-30T11:10:56,2025-07-30T11:10:00,4950.0,2025-10-17,4983.0,0,0,0.0,0.0,0.0,0.0,,
2025-07-30T11:10:56,2025-07-30T11:10:00,4955.0,2025-09-30,4988.0,0,28,0.0,21840.000000000004,,0.0007462487673569468,,
2025-07-30T11:10:56,2025-07-30T11:10:00,4960.0,2025-09-30,4993.0,0,0,0.0,0.0,,0.0,,
2025-07-30T11:10:56,2025-07-30T11:10:00,4960.0,2025-10-17,4993.0,0,0,0.0,0.0,,0.0,,
2025-07-30T11:10:56,2025-07-30T11:10:00,4965.0,2025-09-30,4998.0,0,0,0.0,0.0,,0.0,,
2025-07-30T11:10:56,2025-07-30T11:10:00,4970.0,2025-09-30,5003.0,0,0,0.0,0.0,0.0,0.0,,
2025-07-30T11:10:56,2025-07-30T11:10:00,4970.0,2025-10-17,5003.0,0,0,0.0,0.0,,0.0,,
2025-07-30T11:10:56,2025-07-30T11:10:00,4975.0,2025-09-30,5008.0,0,0,0.0,0.0,0.0,0.0,,
2025-07-30T11:10:56,2025-07-30T11:10:00,4975.0,2025-10-17,5008.0,0,0,0.0,0.0,0.0,0.0,,
2025-07-30T11:10:56,2025-07-30T11:10:00,4980.0,2025-09-30,5013.0,0,0,0.0,0.0,0.0,0.0,,
2025-07-30T11:10:56,2025-07-30T11:10:00,4980.0,2025-10-17,5013.0,0,0,0.0,0.0,,0.0,,
2025-07-30T11:10:56,2025-07-30T11:10:00,4985.0,2025-09-30,5018.0,0,0,0.0,0.0,0.0,0.0,,
2025-07-30T11:10:56,2025-07-30T11:10:00,4990.0,2025-09-30,5023.0,0,0,0.0,0.0,,0.0,,
2025-07-30T11:10:56,2025-07-30T11:10:00,4990.0,2025-10-17,5023.0,0,0,0.0,0.0,,0.0,,
2025-07-30T11:10:56,2025-07-30T11:10:00,4995.0,2025-09-30,5028.0,0,0,0.0,0.0,,0.0,,
2025-07-30T11:10:56,2025-07-30T11:10:00,5000.0,2025-09-30,5033.0,0,31,0.0,25420.0,0.0,0.0010092131393039684,,
2025-07-30T11:10:56,2025-07-30T11:10:00,5000.0,2025-10-17,5033.0,0,7441,0.0,9450070.0,0.0,0.20104290500378255,,
2025-07-30T11:10:56,2025-07-30T11:10:00,5005.0,2025-09-30,5038.0,0,0,0.0,0.0,0.0,0.0,,
2025-07-30T11:10:56,2025-07-30T11:10:00,5010.0,2025-09-30,5043.0,0,0,0.0,0.0,0.0,0.0,,
2025-07-30T11:10:56,2025-07-30T11:10:00,5010.0,2025-10-17,5043.0,0,0,0.0,0.0,,0.0,,
2025-07-30T11:10:56,2025-07-30T11:10:00,5015.0,2025-09-30,5048.0,0,0,0.0,0.0,0.0,0.0,,
2025-07-30T11:10:56,2025-07-30T11:10:00,5020.0,2025-09-30,5053.0,0,0,0.0,0.0,0.0,0.0,,
2025-07-30T11:10:56,2025-07-30T11:10:00,5020.0,2025-10-17,5053.0,0,0,0.0,0.0,0.0,0.0,,
2025-07-30T11:10:56,2025-07-30T11:10:00,5025.0,2025-09-30,5058.0,0,0,0.0,0.0,0.0,0.0,,
2025-07-30T11:10:56,2025-07-30T11:10:00,5025.0,2025-10-17,5058.0,0,0,0.0,0.0,,0.0,,
2025-07-30T11:10:56,2025-07-30T11:10:00,5030.0,2025-09-30,5063.0,0,0,0.0,0.0,0.0,0.0,,
2025-07-30T11:10:56,2025-07-30T11:10:00,5030.0,2025-10-17,5063.0,0,0,0.0,0.0,,0.0,,
2025-07-30T11:10:56,2025-07-30T11:10:00,5035.0,2025-09-30,5068.0,0,0,0.0,0.0,0.0,0.0,,
2025-07-30T11:10:56,2025-07-30T11:10:00,5040.0,2025-09-30,5073.0,0,0,0.0,0.0,0.0,0.0,,
2025-07-30T11:10:56,2025-07-30T11:10:00,5040.0,2025-10-17,5073.0,0,0,0.0,0.0,,0.0,,
2025-07-30T11:10:56,2025-07-30T11:10:00,5045.0,2025-09-30,5078.0,0,0,0.0,0.0,,0.0,,
2025-07-30T11:10:56,2025-07-30T11:10:00,5050.0,2025-09-30,5083.0,0,0,0.0,0.0,0.0,0.0,,
2025-07-30T11:10:56,2025-07-30T11:10:00,5050.0,2025-10-17,5083.0,0,0,0.0,0.0,,0.0,,
2025-07-30T11:10:56,2025-07-30T11:10:00,5055.0,2025-09-30,5088.0,0,0,0.0,0.0,0.0,0.0,,
2025-07-30T11:10:56,2025-07-30T11:10:00,5060.0,2025-09-30,5093.0,0,0,0.0,0.0,,0.0,,
2025-07-30T11:10:56,2025-07-30T11:10:00,5060.0,2025-10-17,5093.0,0,0,0.0,0.0,,0.0,,
2025-07-30T11:10:56,2025-07-30T11:10:00,5065.0,2025-09-30,5098.0,0,0,0.0,0.0,0.0,0.0,,
2025-07-30T11:10:56,2025-07-30T11:10:00,5070.0,2025-09-30,5103.0,0,0,0.0,0.0,,0.0,,
2025-07-30T11:10:56,2025-07-30T11:10:00,5070.0,2025-10-17,5103.0,0,0,0.0,0.0,0.0,0.0,,
2025-07-30T11:10:56,2025-07-30T11:10:00,5075.0,2025-09-30,5108.0,0,0,0.0,0.0,0.0,0.0,,
2025-07-30T11:10:56,2025-07-30T11:10:00,5075.0,2025-10-17,5108.0,0,0,0.0,0.0,,0.0,,
2025-07-30T11:10:56,2025-07-30T11:10:00,5080.0,2025-09-30,5113.0,0,0,0.0,0.0,0.0,0.0,,
2025-07-30T11:10:56,2025-07-30T11:10:00,5080.0,2025-10-17,5113.0,0,0,0.0,0.0,,0.0,,
2025-07-30T11:10:56,2025-07-30T11:10:00,5085.0,2025-09-30,5118.0,0,0,0.0,0.0,0.0,0.0,,
2025-07-30T11:10:56,2025-07-30T11:10:00,5090.0,2025-09-30,5123.0,0,0,0.0,0.0,0.0,0.0,,
2025-07-30T11:10:56,2025-07-30T11:10:00,5090.0,2025-10-17,5123.0,0,0,0.0,0.0,0.0,0.0,,
2025-07-30T11:10:56,2025-07-30T11:10:00,5095.0,2025-09-30,5128.0,0,0,0.0,0.0,0.0,0.0,,
2025-07-30T11:10:56,2025-07-30T11:10:00,5100.0,2025-09-30,5133.0,0,34,0.0,31620.000000000004,0.0,0.013627254509018036,,
2025-07-30T11:10:56,2025-07-30T11:10:00,5100.0,2025-10-17,5133.0,0,0,0.0,0.0,0.0,0.0,,
2025-07-30T11:10:56,2025-07-30T11:10:00,5105.0,2025-09-30,5138.0,0,0,0.0,0.0,0.0,0.0,,
2025-07-30T11:10:56,2025-07-30T11:10:00,5110.0,2025-09-30,5143.0,0,0,0.0,0.0,0.0,0.0,,
2025-07-30T11:10:56,2025-07-30T11:10:00,5110.0,2025-10-17,5143.0,0,0,0.0,0.0,,0.0,,
2025-07-30T11:10:56,2025-07-30T11:10:00,5115.0,2025-09-30,5148.0,0,0,0.0,0.0,,0.0,,
2025-07-30T11:10:56,2025-07-30T11:10:00,5120.0,2025-09-30,5153.0,0,0,0.0,0.0,,0.0,,
2025-07-30T11:10:56,2025-07-30T11:10:00,5120.0,2025-10-17,5153.0,0,0,0.0,0.0,0.0,0.0,,
2025-07-30T11:10:56,2025-07-30T11:10:00,5125.0,2025-09-30,5158.0,0,0,0.0,0.0,0.0,0.0,,
2025-07-30T11:10:56,2025-07-30T11:10:00,5125.0,2025-10-17,5158.0,0,0,0.0,0.0,0.0,0.0,,
2025-07-30T11:10:56,2025-07-30T11:10:00,5130.0,2025-09-30,5163.0,0,0,0.0,0.0,0.0,0.0,,
2025-07-30T11:10:56,2025-07-30T11:10:00,5130.0,2025-10-17,5163.0,0,0,0.0,0.0,0.0,0.0,,
2025-07-30T11:10:56,2025-07-30T11:10:00,5135.0,2025-09-30,5168.0,0,0,0.0,0.0,,0.0,,
2025-07-30T11:10:56,2025-07-30T11:10:00,5140.0,2025-09-30,5173.0,0,0,0.0,0.0,,0.0,,
2025-07-30T11:10:56,2025-07-30T11:10:00,5140.0,2025-10-17,5173.0,0,0,0.0,0.0,,0.0,,
2025-07-30T11:10:56,2025-07-30T11:10:00,5145.0,2025-09-30,5178.0,0,0,0.0,0.0,,0.0,,
2025-07-30T11:10:56,2025-07-30T11:10:00,5150.0,2025-09-30,5183.0,0,0,0.0,0.0,0.0,0.0,,
2025-07-30T11:10:56,2025-07-30T11:10:00,5150.0,2025-10-17,5183.0,0,0,0.0,0.0,0.0,0.0,,
2025-07-30T11:10:56,2025-07-30T11:10:00,5155.0,2025-09-30,5188.0,0,0,0.0,0.0,,0.0,,
2025-07-30T11:10:56,2025-07-30T11:10:00,5160.0,2025-09-30,5193.0,0,0,0.0,0.0,,0.0,,
2025-07-30T11:10:56,2025-07-30T11:10:00,5160.0,2025-10-17,5193.0,0,0,0.0,0.0,0.0,0.0,,
2025-07-30T11:10:56,2025-07-30T11:10:00,5165.0,2025-09-30,5198.0,0,0,0.0,0.0,0.0,0.0,,
2025-07-30T11:10:56,2025-07-30T11:10:00,5170.0,2025-09-30,5203.0,0,0,0.0,0.0,0.0,0.0,,
2025-07-30T11:10:56,2025-07-30T11:10:00,5170.0,2025-10-17,5203.0,0,0,0.0,0.0,0.0,0.0,,
2025-07-30T11:10:56,2025-07-30T11:10:00,5175.0,2025-09-30,5208.0,0,0,0.0,0.0,0.0,0.0,,
2025-07-30T11:10:56,2025-07-30T11:10:00,5175.0,2025-10-17,5208.0,0,0,0.0,0.0,,0.0,,
2025-07-30T11:10:56,2025-07-30T11:10:00,5180.0,2025-09-30,5213.0,0,0,0.0,0.0,0.0,0.0,,
2025-07-30T11:10:56,2025-07-30T11:10:00,5180.0,2025-10-17,5213.0,0,0,0.0,0.0,0.0,0.0,,
2025-07-30T11:10:56,2025-07-30T11:10:00,5185.0,2025-09-30,5218.0,0,0,0.0,0.0,,0.0,,
2025-07-30T11:10:56,2025-07-30T11:10:00,5190.0,2025-09-30,5223.0,0,0,0.0,0.0,0.0,0.0,,
2025-07-30T11:10:56,2025-07-30T11:10:00,5190.0,2025-10-17,5223.0,0,0,0.0,0.0,0.0,0.0,,
2025-07-30T11:10:56,2025-07-30T11:10:00,5195.0,2025-09-30,5228.0,0,0,0.0,0.0,0.0,0.0,,
2025-07-30T11:10:56,2025-07-30T11:10:00,5200.0,2025-09-30,5233.0,0,100,0.0,106000.0,0.0,0.030193236714975844,,
2025-07-30T11:10:56,2025-07-30T11:10:00,5200.0,2025-10-17,5233.0,0,144,0.0,236160.0,0.0,0.03230872784384115,,
2025-07-30T11:10:56,2025-07-30T11:10:00,5205.0,2025-09-30,5238.0,0,0,0.0,0.0,,0.0,,
2025-07-30T11:10:56,2025-07-30T11:10:00,5210.0,2025-09-30,5243.0,0,0,0.0,0.0,0.0,0.0,,
2025-07-30T11:10:56,2025-07-30T11:10:00,5210.0,2025-10-17,5243.0,0,0,0.0,0.0,0.0,0.0,,
2025-07-30T11:10:56,2025-07-30T11:10:00,5215.0,2025-09-30,5248.0,0,0,0.0,0.0,,0.0,,
2025-07-30T11:10:56,2025-07-30T11:10:00,5220.0,2025-09-30,5253.0,0,0,0.0,0.0,0.0,0.0,,
2025-07-30T11:10:56,2025-07-30T11:10:00,5220.0,2025-10-17,5253.0,0,0,0.0,0.0,0.0,0.0,,
2025-07-30T11:10:56,2025-07-30T11:10:00,5225.0,2025-09-30,5258.0,0,0,0.0,0.0,0.0,0.0,,
2025-07-30T11:10:56,2025-07-30T11:10:00,5225.0,2025-10-17,5258.0,0,0,0.0,0.0,,0.0,,
2025-07-30T11:10:56,2025-07-30T11:10:00,5230.0,2025-09-30,5263.0,0,0,0.0,0.0,0.0,0.0,,
2025-07-30T11:10:56,2025-07-30T11:10:00,5230.0,2025-10-17,5263.0,0,0,0.0,0.0,0.0,0.0,,
2025-07-30T11:10:56,2025-07-30T11:10:00,5235.0,2025-09-30,5268.0,0,0,0.0,0.0,0.0,0.0,,
2025-07-30T11:10:56,2025-07-30T11:10:00,5240.0,2025-09-30,5273.0,0,0,0.0,0.0,,0.0,,
2025-07-30T11:10:56,2025-07-30T11:10:00,5240.0,2025-10-17,5273.0,0,0,0.0,0.0,,0.0,,
2025-07-30T11:10:56,2025-07-30T11:10:00,5245.0,2025-09-30,5278.0,0,0,0.0,0.0,0.0,0.0,,
2025-07-30T11:10:56,2025-07-30T11:10:00,5250.0,2025-09-30,5283.0,0,0,0.0,0.0,0.0,0.0,,
2025-07-30T11:10:56,2025-07-30T11:10:00,5250.0,2025-10-17,5283.0,0,0,0.0,0.0,0.0,0.0,,
2025-07-30T11:10:56,2025-07-30T11:10:00,5255.0,2025-09-30,5288.0,0,0,0.0,0.0,,0.0,,
2025-07-30T11:10:56,2025-07-30T11:10:00,5260.0,2025-09-30,5293.0,0,0,0.0,0.0,,0.0,,
2025-07-30T11:10:56,2025-07-30T11:10:00,5260.0,2025-10-17,5293.0,0,0,0.0,0.0,0.0,0.0,,
2025-07-30T11:10:56,2025-07-30T11:10:00,5265.0,2025-09-30,5298.0,0,0,0.0,0.0,0.0,0.0,,
2025-07-30T11:10:56,2025-07-30T11:10:00,5270.0,2025-09-30,5303.0,0,0,0.0,0.0,0.0,0.0,,
2025-07-30T11:10:56,2025-07-30T11:10:00,5270.0,2025-10-17,5303.0,0,0,0.0,0.0,0.0,0.0,,
2025-07-30T11:10:56,2025-07-30T11:10:00,5275.0,2025-09-30,5308.0,0,1,0.0,1180.0,0.0,0.009523809523809525,,
2025-07-30T11:10:56,2025-07-30T11:10:00,5275.0,2025-10-17,5308.0,0,0,0.0,0.0,,0.0,,
2025-07-30T11:10:56,2025-07-30T11:10:00,5280.0,2025-09-30,5313.0,0,0,0.0,0.0,0.0,0.0,,
2025-07-30T11:10:56,2025-07-30T11:10:00,5280.0,2025-10-17,5313.0,0,0,0.0,0.0,,0.0,,
2025-07-30T11:10:56,2025-07-30T11:10:00,5285.0,2025-09-30,5318.0,0,0,0.0,0.0,0.0,0.0,,
2025-07-30T11:10:56,2025-07-30T11:10:00,5290.0,2025-09-30,5323.0,0,0,0.0,0.0,0.0,0.0,,
2025-07-30T11:10:56,2025-07-30T11:10:00,5290.0,2025-10-17,5323.0,0,0,0.0,0.0,,0.0,,
2025-07-30T11:10:56,2025-07-30T11:10:00,5295.0,2025-09-30,5328.0,0,0,0.0,0.0,0.0,0.0,,
2025-07-30T11:10:56,2025-07-30T11:10:00,5300.0,2025-09-30,5333.0,0,0,0.0,0.0,0.0,0.0,,
2025-07-30T11:10:56,2025-07-30T11:10:00,5300.0,2025-10-17,5333.0,0,900,0.0,1692000.0,0.0,0.15915119363395225,,
2025-07-30T11:10:56,2025-07-30T11:10:00,5305.0,2025-09-30,5338.0,0,0,0.0,0.0,0.0,0.0,,
2025-07-30T11:10:56,2025-07-30T11:10:00,5310.0,2025-09-30,5343.0,0,0,0.0,0.0,0.0,0.0,,
2025-07-30T11:10:56,2025-07-30T11:10:00,5310.0,2025-10-17,5343.0,0,0,0.0,0.0,0.0,0.0,,
2025-07-30T11:10:56,2025-07-30T11:10:00,5315.0,2025-09-30,5348.0,0,0,0.0,0.0,0.0,0.0,,
2025-07-30T11:10:56,2025-07-30T11:10:00,5320.0,2025-09-30,5353.0,0,0,0.0,0.0,0.0,0.0,,
2025-07-30T11:10:56,2025-07-30T11:10:00,5320.0,2025-10-17,5353.0,0,0,0.0,0.0,,0.0,,
2025-07-30T11:10:56,2025-07-30T11:10:00,5325.0,2025-09-30,5358.0,0,0,0.0,0.0,0.0,0.0,,
2025-07-30T11:10:56,2025-07-30T11:10:00,5325.0,2025-10-17,5358.0,0,0,0.0,0.0,,0.0,,
2025-07-30T11:10:56,2025-07-30T11:10:00,5330.0,2025-09-30,5363.0,0,0,0.0,0.0,0.0,0.0,,
2025-07-30T11:10:56,2025-07-30T11:10:00,5330.0,2025-10-17,5363.0,0,0,0.0,0.0,0.0,0.0,,
2025-07-30T11:10:56,2025-07-30T11:10:00,5335.0,2025-09-30,5368.0,0,0,0.0,0.0,0.0,0.0,,
2025-07-30T11:10:56,2025-07-30T11:10:00,5340.0,2025-09-30,5373.0,0,0,0.0,0.0,0.0,0.0,,
2025-07-30T11:10:56,2025-07-30T11:10:00,5340.0,2025-10-17,5373.0,0,0,0.0,0.0,,0.0,,
2025-07-30T11:10:56,2025-07-30T11:10:00,5345.0,2025-09-30,5378.0,0,0,0.0,0.0,0.0,0.0,,
2025-07-30T11:10:56,2025-07-30T11:10:00,5350.0,2025-09-30,5383.0,0,0,0.0,0.0,0.0,0.0,,
2025-07-30T11:10:56,2025-07-30T11:10:00,5350.0,2025-10-17,5383.0,0,0,0.0,0.0,0.0,0.0,,
2025-07-30T11:10:56,2025-07-30T11:10:00,5355.0,2025-09-30,5388.0,0,0,0.0,0.0,0.0,0.0,,
2025-07-30T11:10:56,2025-07-30T11:10:00,5360.0,2025-09-30,5393.0,0,0,0.0,0.0,0.0,0.0,,
2025-07-30T11:10:56,2025-07-30T11:10:00,5360.0,2025-10-17,5393.0,0,0,0.0,0.0,,0.0,,
2025-07-30T11:10:56,2025-07-30T11:10:00,5365.0,2025-09-30,5398.0,0,0,0.0,0.0,0.0,0.0,,
2025-07-30T11:10:56,2025-07-30T11:10:00,5370.0,2025-09-30,5403.0,0,0,0.0,0.0,0.0,0.0,,
2025-07-30T11:10:56,2025-07-30T11:10:00,5370.0,2025-10-17,5403.0,0,0,0.0,0.0,,0.0,,
2025-07-30T11:10:56,2025-07-30T11:10:00,5375.0,2025-09-30,5408.0,0,0,0.0,0.0,0.0,0.0,,
2025-07-30T11:10:56,2025-07-30T11:10:00,5375.0,2025-10-17,5408.0,0,0,0.0,0.0,0.0,0.0,,
2025-07-30T11:10:56,2025-07-30T11:10:00,5380.0,2025-09-30,5413.0,0,0,0.0,0.0,0.0,0.0,,
2025-07-30T11:10:56,2025-07-30T11:10:00,5380.0,2025-10-17,5413.0,0,0,0.0,0.0,,0.0,,
2025-07-30T11:10:56,2025-07-30T11:10:00,5385.0,2025-09-30,5418.0,0,0,0.0,0.0,0.0,0.0,,
2025-07-30T11:10:56,2025-07-30T11:10:00,5390.0,2025-09-30,5423.0,0,0,0.0,0.0,0.0,0.0,,
2025-07-30T11:10:56,2025-07-30T11:10:00,5390.0,2025-10-17,5423.0,0,0,0.0,0.0,,0.0,,
2025-07-30T11:10:56,2025-07-30T11:10:00,5395.0,2025-09-30,5428.0,0,0,0.0,0.0,,0.0,,
2025-07-30T11:10:56,2025-07-30T11:10:00,5400.0,2025-09-30,5433.0,0,2,0.0,2870.0,0.0,0.0008620689655172414,,
2025-07-30T11:10:56,2025-07-30T11:10:00,5400.0,2025-10-17,5433.0,0,13,0.0,28470.0,0.0,0.0010699588477366254,,
2025-07-30T11:10:56,2025-07-30T11:10:00,5405.0,2025-09-30,5438.0,0,0,0.0,0.0,0.0,0.0,,
2025-07-30T11:10:56,2025-07-30T11:10:00,5410.0,2025-09-30,5443.0,0,0,0.0,0.0,0.0,0.0,,
2025-07-30T11:10:56,2025-07-30T11:10:00,5410.0,2025-10-17,5443.0,0,0,0.0,0.0,,0.0,,
2025-07-30T11:10:56,2025-07-30T11:10:00,5415.0,2025-09-30,5448.0,0,0,0.0,0.0,0.0,0.0,,
2025-07-30T11:10:56,2025-07-30T11:10:00,5420.0,2025-09-30,5453.0,0,0,0.0,0.0,0.0,0.0,,
2025-07-30T11:10:56,2025-07-30T11:10:00,5420.0,2025-10-17,5453.0,0,0,0.0,0.0,,0.0,,
2025-07-30T11:10:56,2025-07-30T11:10:00,5425.0,2025-09-30,5458.0,0,0,0.0,0.0,0.0,0.0,,
2025-07-30T11:10:56,2025-07-30T11:10:00,5425.0,2025-10-17,5458.0,0,0,0.0,0.0,,0.0,,
2025-07-30T11:10:56,2025-07-30T11:10:00,5430.0,2025-09-30,5463.0,0,0,0.0,0.0,0.0,0.0,,
2025-07-30T11:10:56,2025-07-30T11:10:00,5430.0,2025-10-17,5463.0,0,0,0.0,0.0,0.0,0.0,,
2025-07-30T11:10:56,2025-07-30T11:10:00,5435.0,2025-09-30,5468.0,0,0,0.0,0.0,0.0,0.0,,
2025-07-30T11:10:56,2025-07-30T11:10:00,5440.0,2025-09-30,5473.0,0,0,0.0,0.0,0.0,0.0,,
2025-07-30T11:10:56,2025-07-30T11:10:00,5440.0,2025-10-17,5473.0,0,0,0.0,0.0,0.0,0.0,,
2025-07-30T11:10:56,2025-07-30T11:10:00,5445.0,2025-09-30,5478.0,0,0,0.0,0.0,0.0,0.0,,
2025-07-30T11:10:56,2025-07-30T11:10:00,5450.0,2025-09-30,5483.0,0,1,0.0,1565.0,0.0,0.0007627765064836003,,
2025-07-30T11:10:56,2025-07-30T11:10:00,5450.0,2025-10-17,5483.0,0,0,0.0,0.0,,0.0,,
2025-07-30T11:10:56,2025-07-30T11:10:00,5455.0,2025-09-30,5488.0,0,0,0.0,0.0,0.0,0.0,,
2025-07-30T11:10:56,2025-07-30T11:10:00,5460.0,2025-09-30,5493.0,0,0,0.0,0.0,0.0,0.0,,
2025-07-30T11:10:56,2025-07-30T11:10:00,5460.0,2025-10-17,5493.0,0,0,0.0,0.0,0.0,0.0,,
2025-07-30T11:10:56,2025-07-30T11:10:00,5465.0,2025-09-30,5498.0,0,0,0.0,0.0,0.0,0.0,,
2025-07-30T11:10:56,2025-07-30T11:10:00,5470.0,2025-09-30,5503.0,0,0,0.0,0.0,0.0,0.0,,
2025-07-30T11:10:56,2025-07-30T11:10:00,5470.0,2025-10-17,5503.0,0,0,0.0,0.0,,0.0,,
2025-07-30T11:10:56,2025-07-30T11:10:00,5475.0,2025-09-30,5508.0,0,201,0.0,328635.00000000006,0.0,3.0,,
2025-07-30T11:10:56,2025-07-30T11:10:00,5475.0,2025-10-17,5508.0,0,0,0.0,0.0,,0.0,,
2025-07-30T11:10:56,2025-07-30T11:10:00,5480.0,2025-09-30,5513.0,0,0,0.0,0.0,0.0,0.0,,
2025-07-30T11:10:56,2025-07-30T11:10:00,5480.0,2025-10-17,5513.0,0,0,0.0,0.0,0.0,0.0,,
2025-07-30T11:10:56,2025-07-30T11:10:00,5485.0,2025-09-30,5518.0,0,0,0.0,0.0,,0.0,,
2025-07-30T11:10:56,2025-07-30T11:10:00,5490.0,2025-09-30,5523.0,0,0,0.0,0.0,0.0,0.0,,
2025-07-30T11:10:56,2025-07-30T11:10:00,5490.0,2025-10-17,5523.0,0,0,0.0,0.0,,0.0,,
2025-07-30T11:10:56,2025-07-30T11:10:00,5495.0,2025-09-30,5528.0,0,0,0.0,0.0,0.0,0.0,,
2025-07-30T11:10:56,2025-07-30T11:10:00,5500.0,2025-09-30,5533.0,2,2,186769.99999999997,3409.9999999999995,0.00044072278536800354,0.00011901219875037192,,
2025-07-30T11:10:56,2025-07-30T11:10:00,5500.0,2025-10-17,5533.0,0,3,0.0,7814.999999999999,0.0,0.007832898172323759,,
2025-07-30T11:10:56,2025-07-30T11:10:00,5505.0,2025-09-30,5538.0,0,0,0.0,0.0,0.0,0.0,,
2025-07-30T11:10:56,2025-07-30T11:10:00,5510.0,2025-09-30,5543.0,0,0,0.0,0.0,0.0,0.0,,
2025-07-30T11:10:56,2025-07-30T11:10:00,5510.0,2025-10-17,5543.0,0,0,0.0,0.0,,0.0,,
2025-07-30T11:10:56,2025-07-30T11:10:00,5515.0,2025-09-30,5548.0,0,0,0.0,0.0,0.0,0.0,,
2025-07-30T11:10:56,2025-07-30T11:10:00,5520.0,2025-09-30,5553.0,0,0,0.0,0.0,0.0,0.0,,
2025-07-30T11:10:56,2025-07-30T11:10:00,5520.0,2025-10-17,5553.0,0,0,0.0,0.0,0.0,0.0,,
2025-07-30T11:10:56,2025-07-30T11:10:00,5525.0,2025-09-30,5558.0,0,0,0.0,0.0,0.0,0.0,,
2025-07-30T11:10:56,2025-07-30T11:10:00,5525.0,2025-10-17,5558.0,0,0,0.0,0.0,0.0,0.0,,
2025-07-30T11:10:56,2025-07-30T11:10:00,5530.0,2025-09-30,5563.0,0,0,0.0,0.0,0.0,0.0,,
2025-07-30T11:10:56,2025-07-30T11:10:00,5530.0,2025-10-17,5563.0,0,0,0.0,0.0,0.0,0.0,,
2025-07-30T11:10:56,2025-07-30T11:10:00,5535.0,2025-09-30,5568.0,0,0,0.0,0.0,0.0,0.0,,
2025-07-30T11:10:56,2025-07-30T11:10:00,5540.0,2025-09-30,5573.0,0,0,0.0,0.0,0.0,0.0,,
2025-07-30T11:10:56,2025-07-30T11:10:00,5540.0,2025-10-17,5573.0,0,1978,0.0,5419720.0,,0.28867483946293054,,
2025-07-30T11:10:56,2025-07-30T11:10:00,5545.0,2025-09-30,5578.0,0,0,0.0,0.0,0.0,0.0,,
2025-07-30T11:10:56,2025-07-30T11:10:00,5550.0,2025-09-30,5583.0,0,0,0.0,0.0,0.0,0.0,,
2025-07-30T11:10:56,2025-07-30T11:10:00,5550.0,2025-10-17,5583.0,0,7,0.0,19809.999999999996,0.0,0.08433734939759036,,
2025-07-30T11:10:56,2025-07-30T11:10:00,5555.0,2025-09-30,5588.0,0,0,0.0,0.0,0.0,0.0,,
2025-07-30T11:10:56,2025-07-30T11:10:00,5560.0,2025-09-30,5593.0,0,8,0.0,15239.999999999998,0.0,0.06557377049180328,,
2025-07-30T11:10:56,2025-07-30T11:10:00,5560.0,2025-10-17,5593.0,0,0,0.0,0.0,0.0,0.0,,
2025-07-30T11:10:56,2025-07-30T11:10:00,5565.0,2025-09-30,5598.0,0,0,0.0,0.0,0.0,0.0,,
2025-07-30T11:10:56,2025-07-30T11:10:00,5570.0,2025-09-30,5603.0,0,1,0.0,1945.0000000000002,0.0,0.003389830508474576,,
2025-07-30T11:10:56,2025-07-30T11:10:00,5570.0,2025-10-17,5603.0,0,9,0.0,26325.0,0.0,0.5294117647058824,,
2025-07-30T11:10:56,2025-07-30T11:10:00,5575.0,2025-09-30,5608.0,0,0,0.0,0.0,0.0,0.0,,
2025-07-30T11:10:56,2025-07-30T11:10:00,5575.0,2025-10-17,5608.0,0,0,0.0,0.0,0.0,0.0,,
2025-07-30T11:10:56,2025-07-30T11:10:00,5580.0,2025-09-30,5613.0,0,1,0.0,1985.0000000000002,0.0,0.03225806451612903,,
2025-07-30T11:10:56,2025-07-30T11:10:00,5580.0,2025-10-17,5613.0,0,0,0.0,0.0,0.0,0.0,,
2025-07-30T11:10:56,2025-07-30T11:10:00,5585.0,2025-09-30,5618.0,0,1,0.0,2000.0,0.0,0.007352941176470588,,
2025-07-30T11:10:56,2025-07-30T11:10:00,5590.0,2025-09-30,5623.0,0,8,0.0,16160.000000000002,0.0,0.10256410256410256,,
2025-07-30T11:10:56,2025-07-30T11:10:00,5590.0,2025-10-17,5623.0,0,0,0.0,0.0,,0.0,,
2025-07-30T11:10:56,2025-07-30T11:10:00,5595.0,2025-09-30,5628.0,0,1,0.0,2039.9999999999998,0.0,0.015384615384615385,,
2025-07-30T11:10:56,2025-07-30T11:10:00,5600.0,2025-09-30,5633.0,1,6,83815.00000000001,12360.0,0.0011086474501108647,0.0013611615245009074,,
2025-07-30T11:10:56,2025-07-30T11:10:00,5600.0,2025-10-17,5633.0,0,484,0.0,1471359.9999999998,0.0,0.04735812133072407,,
2025-07-30T11:10:56,2025-07-30T11:10:00,5605.0,2025-09-30,5638.0,0,0,0.0,0.0,0.0,0.0,,
2025-07-30T11:10:56,2025-07-30T11:10:00,5610.0,2025-09-30,5643.0,0,2,0.0,4200.0,0.0,0.018867924528301886,,
2025-07-30T11:10:56,2025-07-30T11:10:00,5610.0,2025-10-17,5643.0,0,5,0.0,15675.0,,5.0,,
2025-07-30T11:10:56,2025-07-30T11:10:00,5615.0,2025-09-30,5648.0,0,0,0.0,0.0,0.0,0.0,,
2025-07-30T11:10:56,2025-07-30T11:10:00,5620.0,2025-09-30,5653.0,0,0,0.0,0.0,0.0,0.0,,
2025-07-30T11:10:56,2025-07-30T11:10:00,5620.0,2025-10-17,5653.0,0,0,0.0,0.0,,0.0,,
2025-07-30T11:10:56,2025-07-30T11:10:00,5625.0,2025-09-30,5658.0,0,0,0.0,0.0,0.0,0.0,,
2025-07-30T11:10:56,2025-07-30T11:10:00,5625.0,2025-10-17,5658.0,0,0,0.0,0.0,0.0,0.0,,
2025-07-30T11:10:56,2025-07-30T11:10:00,5630.0,2025-09-30,5663.0,0,0,0.0,0.0,0.0,0.0,,
2025-07-30T11:10:56,2025-07-30T11:10:00,5630.0,2025-10-17,5663.0,0,0,0.0,0.0,,0.0,,
2025-07-30T11:10:56,2025-07-30T11:10:00,5635.0,2025-09-30,5668.0,0,0,0.0,0.0,0.0,0.0,,
2025-07-30T11:10:56,2025-07-30T11:10:00,5640.0,2025-09-30,5673.0,0,0,0.0,0.0,0.0,0.0,,
2025-07-30T11:10:56,2025-07-30T11:10:00,5640.0,2025-10-17,5673.0,0,0,0.0,0.0,,0.0,,
2025-07-30T11:10:56,2025-07-30T11:10:00,5645.0,2025-09-30,5678.0,0,0,0.0,0.0,0.0,0.0,,
2025-07-30T11:10:56,2025-07-30T11:10:00,5650.0,2025-09-30,5683.0,0,600,0.0,1362000.0000000002,0.0,0.5071851225697379,,
2025-07-30T11:10:56,2025-07-30T11:10:00,5650.0,2025-10-17,5683.0,0,1,0.0,3315.0,0.0,9.742790335151988e-05,,
2025-07-30T11:10:56,2025-07-30T11:10:00,5655.0,2025-09-30,5688.0,0,0,0.0,0.0,0.0,0.0,,
2025-07-30T11:10:56,2025-07-30T11:10:00,5660.0,2025-09-30,5693.0,0,0,0.0,0.0,0.0,0.0,,
2025-07-30T11:10:56,2025-07-30T11:10:00,5660.0,2025-10-17,5693.0,0,0,0.0,0.0,0.0,0.0,,
2025-07-30T11:10:56,2025-07-30T11:10:00,5665.0,2025-09-30,5698.0,0,0,0.0,0.0,0.0,0.0,,
2025-07-30T11:10:56,2025-07-30T11:10:00,5670.0,2025-09-30,5703.0,0,0,0.0,0.0,0.0,0.0,,
2025-07-30T11:10:56,2025-07-30T11:10:00,5670.0,2025-10-17,5703.0,0,0,0.0,0.0,0.0,0.0,,
2025-07-30T11:10:56,2025-07-30T11:10:00,5675.0,2025-09-30,5708.0,0,0,0.0,0.0,0.0,0.0,,
2025-07-30T11:10:56,2025-07-30T11:10:00,5675.0,2025-10-17,5708.0,0,0,0.0,0.0,0.0,0.0,,
2025-07-30T11:10:56,2025-07-30T11:10:00,5680.0,2025-09-30,5713.0,0,0,0.0,0.0,0.0,0.0,,
2025-07-30T11:10:56,2025-07-30T11:10:00,5680.0,2025-10-17,5713.0,0,0,0.0,0.0,0.0,0.0,,
2025-07-30T11:10:56,2025-07-30T11:10:00,5685.0,2025-09-30,5718.0,0,0,0.0,0.0,0.0,0.0,,
2025-07-30T11:10:56,2025-07-30T11:10:00,5690.0,2025-09-30,5723.0,0,0,0.0,0.0,0.0,0.0,,
2025-07-30T11:10:56,2025-07-30T11:10:00,5690.0,2025-10-17,5723.0,0,0,0.0,0.0,0.0,0.0,,
2025-07-30T11:10:56,2025-07-30T11:10:00,5695.0,2025-09-30,5728.0,0,0,0.0,0.0,0.0,0.0,,
2025-07-30T11:10:56,2025-07-30T11:10:00,5700.0,2025-09-30,5733.0,0,4,0.0,10060.0,0.0,0.0011185682326621924,,
2025-07-30T11:10:56,2025-07-30T11:10:00,5700.0,2025-10-17,5733.0,0,141,0.0,510420.00000000006,0.0,0.0071806885312690975,,
2025-07-30T11:10:56,2025-07-30T11:10:00,5705.0,2025-09-30,5738.0,0,0,0.0,0.0,0.0,0.0,,
2025-07-30T11:10:56,2025-07-30T11:10:00,5710.0,2025-09-30,5743.0,0,0,0.0,0.0,0.0,0.0,,
2025-07-30T11:10:56,2025-07-30T11:10:00,5710.0,2025-10-17,5743.0,0,0,0.0,0.0,,0.0,,
2025-07-30T11:10:56,2025-07-30T11:10:00,5715.0,2025-09-30,5748.0,0,0,0.0,0.0,0.0,0.0,,
2025-07-30T11:10:56,2025-07-30T11:10:00,5720.0,2025-09-30,5753.0,0,0,0.0,0.0,0.0,0.0,,
2025-07-30T11:10:56,2025-07-30T11:10:00,5720.0,2025-10-17,5753.0,0,0,0.0,0.0,,0.0,,
2025-07-30T11:10:56,2025-07-30T11:10:00,5725.0,2025-09-30,5758.0,0,0,0.0,0.0,0.0,0.0,,
2025-07-30T11:10:56,2025-07-30T11:10:00,5725.0,2025-10-17,5758.0,0,0,0.0,0.0,0.0,0.0,,
2025-07-30T11:10:56,2025-07-30T11:10:00,5730.0,2025-09-30,5763.0,0,0,0.0,0.0,0.0,0.0,,
2025-07-30T11:10:56,2025-07-30T11:10:00,5730.0,2025-10-17,5763.0,0,0,0.0,0.0,,0.0,,
2025-07-30T11:10:56,2025-07-30T11:10:00,5735.0,2025-09-30,5768.0,0,0,0.0,0.0,0.0,0.0,,
2025-07-30T11:10:56,2025-07-30T11:10:00,5740.0,2025-09-30,5773.0,0,0,0.0,0.0,0.0,0.0,,
2025-07-30T11:10:56,2025-07-30T11:10:00,5740.0,2025-10-17,5773.0,0,0,0.0,0.0,,0.0,,
2025-07-30T11:10:56,2025-07-30T11:10:00,5745.0,2025-09-30,5778.0,0,0,0.0,0.0,0.0,0.0,,
2025-07-30T11:10:56,2025-07-30T11:10:00,5750.0,2025-09-30,5783.0,0,0,0.0,0.0,0.0,0.0,,
2025-07-30T11:10:56,2025-07-30T11:10:00,5750.0,2025-10-17,5783.0,1,16,72100.0,64079.99999999999,0.00027063599458728013,0.026578073089700997,,
2025-07-30T11:10:56,2025-07-30T11:10:00,5755.0,2025-09-30,5788.0,0,0,0.0,0.0,0.0,0.0,,
2025-07-30T11:10:56,2025-07-30T11:10:00,5755.0,2025-10-17,5788.0,0,0,0.0,0.0,,0.0,,
2025-07-30T11:10:56,2025-07-30T11:10:00,5760.0,2025-09-30,5793.0,0,0,0.0,0.0,0.0,0.0,,
2025-07-30T11:10:56,2025-07-30T11:10:00,5760.0,2025-10-17,5793.0,0,0,0.0,0.0,,0.0,,
2025-07-30T11:10:56,2025-07-30T11:10:00,5765.0,2025-09-30,5798.0,0,0,0.0,0.0,0.0,0.0,,
2025-07-30T11:10:56,2025-07-30T11:10:00,5765.0,2025-10-17,5798.0,0,0,0.0,0.0,0.0,0.0,,
2025-07-30T11:10:56,2025-07-30T11:10:00,5770.0,2025-09-30,5803.0,0,0,0.0,0.0,0.0,0.0,,
2025-07-30T11:10:56,2025-07-30T11:10:00,5770.0,2025-10-17,5803.0,0,0,0.0,0.0,,0.0,,
2025-07-30T11:10:56,2025-07-30T11:10:00,5775.0,2025-09-30,5808.0,0,2,0.0,5870.0,0.0,0.0012523481527864746,,
2025-07-30T11:10:56,2025-07-30T11:10:00,5775.0,2025-10-17,5808.0,2,0,139310.0,0.0,0.02857142857142857,0.0,,
2025-07-30T11:10:56,2025-07-30T11:10:00,5780.0,2025-09-30,5813.0,3,0,200550.0,0.0,0.1875,0.0,,
2025-07-30T11:10:56,2025-07-30T11:10:00,5780.0,2025-10-17,5813.0,0,0,0.0,0.0,,0.0,,
2025-07-30T11:10:56,2025-07-30T11:10:00,5785.0,2025-09-30,5818.0,0,0,0.0,0.0,,0.0,,
2025-07-30T11:10:56,2025-07-30T11:10:00,5785.0,2025-10-17,5818.0,0,0,0.0,0.0,,0.0,,
2025-07-30T11:10:56,2025-07-30T11:10:00,5790.0,2025-09-30,5823.0,0,0,0.0,0.0,0.0,0.0,,
2025-07-30T11:10:56,2025-07-30T11:10:00,5790.0,2025-10-17,5823.0,0,0,0.0,0.0,,0.0,,
2025-07-30T11:10:56,2025-07-30T11:10:00,5795.0,2025-09-30,5828.0,0,0,0.0,0.0,0.0,0.0,,
2025-07-30T11:10:56,2025-07-30T11:10:00,5795.0,2025-10-17,5828.0,0,0,0.0,0.0,,0.0,,
2025-07-30T11:10:56,2025-07-30T11:10:00,5800.0,2025-09-30,5833.0,0,13,0.0,40235.0,0.0,0.004130918334922148,,
2025-07-30T11:10:56,2025-07-30T11:10:00,5800.0,2025-10-17,5833.0,2,304,134670.0,1314800.0,0.0625,0.028315946348733235,,
2025-07-30T11:10:56,2025-07-30T11:10:00,5805.0,2025-09-30,5838.0,0,0,0.0,0.0,0.0,0.0,,
2025-07-30T11:10:56,2025-07-30T11:10:00,5805.0,2025-10-17,5838.0,0,0,0.0,0.0,,0.0,,
2025-07-30T11:10:56,2025-07-30T11:10:00,5810.0,2025-09-30,5843.0,0,0,0.0,0.0,0.0,0.0,,
2025-07-30T11:10:56,2025-07-30T11:10:00,5810.0,2025-10-17,5843.0,0,0,0.0,0.0,,0.0,,
2025-07-30T11:10:56,2025-07-30T11:10:00,5815.0,2025-09-30,5848.0,0,0,0.0,0.0,0.0,0.0,,
2025-07-30T11:10:56,2025-07-30T11:10:00,5815.0,2025-10-17,5848.0,0,0,0.0,0.0,,0.0,,
2025-07-30T11:10:56,2025-07-30T11:10:00,5820.0,2025-09-30,5853.0,0,0,0.0,0.0,0.0,0.0,,
2025-07-30T11:10:56,2025-07-30T11:10:00,5820.0,2025-10-17,5853.0,0,0,0.0,0.0,,0.0,,
2025-07-30T11:10:56,2025-07-30T11:10:00,5825.0,2025-09-30,5858.0,0,0,0.0,0.0,0.0,0.0,,
2025-07-30T11:10:56,2025-07-30T11:10:00,5825.0,2025-10-17,5858.0,0,2,0.0,9050.0,0.0,0.0013708019191226869,,
2025-07-30T11:10:56,2025-07-30T11:10:00,5830.0,2025-09-30,5863.0,0,0,0.0,0.0,0.0,0.0,,
2025-07-30T11:10:56,2025-07-30T11:10:00,5830.0,2025-10-17,5863.0,0,0,0.0,0.0,,0.0,,
2025-07-30T11:10:56,2025-07-30T11:10:00,5835.0,2025-09-30,5868.0,0,0,0.0,0.0,0.0,0.0,,
2025-07-30T11:10:56,2025-07-30T11:10:00,5835.0,2025-10-17,5868.0,0,0,0.0,0.0,,0.0,,
2025-07-30T11:10:56,2025-07-30T11:10:00,5840.0,2025-09-30,5873.0,0,0,0.0,0.0,0.0,0.0,,
2025-07-30T11:10:56,2025-07-30T11:10:00,5840.0,2025-10-17,5873.0,0,0,0.0,0.0,0.0,0.0,,
2025-07-30T11:10:56,2025-07-30T11:10:00,5845.0,2025-09-30,5878.0,0,0,0.0,0.0,0.0,0.0,,
2025-07-30T11:10:56,2025-07-30T11:10:00,5845.0,2025-10-17,5878.0,0,0,0.0,0.0,,0.0,,
2025-07-30T11:10:56,2025-07-30T11:10:00,5850.0,2025-09-30,5883.0,0,601,0.0,2064435.0000000002,0.0,0.07863404422347246,,
2025-07-30T11:10:56,2025-07-30T11:10:00,5850.0,2025-10-17,5883.0,0,262,0.0,1240570.0,0.0,0.03255062740713132,,
2025-07-30T11:10:56,2025-07-30T11:10:00,5855.0,2025-09-30,5888.0,0,0,0.0,0.0,0.0,0.0,,
2025-07-30T11:10:56,2025-07-30T11:10:00,5855.0,2025-10-17,5888.0,0,0,0.0,0.0,0.0,0.0,,
2025-07-30T11:10:56,2025-07-30T11:10:00,5860.0,2025-09-30,5893.0,0,0,0.0,0.0,0.0,0.0,,
2025-07-30T11:10:56,2025-07-30T11:10:00,5860.0,2025-10-17,5893.0,0,0,0.0,0.0,,0.0,,
2025-07-30T11:10:56,2025-07-30T11:10:00,5865.0,2025-09-30,5898.0,0,0,0.0,0.0,0.0,0.0,,
2025-07-30T11:10:56,2025-07-30T11:10:00,5865.0,2025-10-17,5898.0,0,0,0.0,0.0,,0.0,,
2025-07-30T11:10:56,2025-07-30T11:10:00,5870.0,2025-09-30,5903.0,0,28,0.0,100380.0,0.0,0.0007015609731652928,,
2025-07-30T11:10:56,2025-07-30T11:10:00,5870.0,2025-10-17,5903.0,0,0,0.0,0.0,0.0,0.0,,
2025-07-30T11:10:56,2025-07-30T11:10:00,5875.0,2025-09-30,5908.0,0,1,0.0,3625.0,0.0,0.0008045052292839903,,
2025-07-30T11:10:56,2025-07-30T11:10:00,5875.0,2025-10-17,5908.0,0,3,0.0,14879.999999999998,0.0,0.0007751937984496124,,
2025-07-30T11:10:56,2025-07-30T11:10:00,5880.0,2025-09-30,5913.0,0,0,0.0,0.0,0.0,0.0,,
2025-07-30T11:10:56,2025-07-30T11:10:00,5880.0,2025-10-17,5913.0,0,17,0.0,86105.0,,0.3953488372093023,,
2025-07-30T11:10:56,2025-07-30T11:10:00,5885.0,2025-09-30,5918.0,0,0,0.0,0.0,0.0,0.0,,
2025-07-30T11:10:56,2025-07-30T11:10:00,5885.0,2025-10-17,5918.0,0,0,0.0,0.0,0.0,0.0,,
2025-07-30T11:10:56,2025-07-30T11:10:00,5890.0,2025-09-30,5923.0,0,0,0.0,0.0,0.0,0.0,,
2025-07-30T11:10:56,2025-07-30T11:10:00,5890.0,2025-10-17,5923.0,0,1,0.0,5159.999999999999,,0.01,,
2025-07-30T11:10:56,2025-07-30T11:10:00,5895.0,2025-09-30,5928.0,0,0,0.0,0.0,,0.0,,
2025-07-30T11:10:56,2025-07-30T11:10:00,5895.0,2025-10-17,5928.0,0,0,0.0,0.0,,0.0,,
2025-07-30T11:10:56,2025-07-30T11:10:00,5900.0,2025-09-30,5933.0,0,42,0.0,160650.0,0.0,0.006863866644876614,,
2025-07-30T11:10:56,2025-07-30T11:10:00,5900.0,2025-10-17,5933.0,0,1112,0.0,5771280.0,0.0,0.14353943461985286,,
2025-07-30T11:10:56,2025-07-30T11:10:00,5905.0,2025-09-30,5938.0,0,0,0.0,0.0,0.0,0.0,,
2025-07-30T11:10:56,2025-07-30T11:10:00,5905.0,2025-10-17,5938.0,0,0,0.0,0.0,,0.0,,
2025-07-30T11:10:56,2025-07-30T11:10:00,5910.0,2025-09-30,5943.0,0,0,0.0,0.0,0.0,0.0,,
2025-07-30T11:10:56,2025-07-30T11:10:00,5910.0,2025-10-17,5943.0,0,0,0.0,0.0,,0.0,,
2025-07-30T11:10:56,2025-07-30T11:10:00,5915.0,2025-09-30,5948.0,0,0,0.0,0.0,0.0,0.0,,
2025-07-30T11:10:56,2025-07-30T11:10:00,5915.0,2025-10-17,5948.0,0,0,0.0,0.0,,0.0,,
2025-07-30T11:10:56,2025-07-30T11:10:00,5920.0,2025-09-30,5953.0,0,0,0.0,0.0,0.0,0.0,,
2025-07-30T11:10:56,2025-07-30T11:10:00,5920.0,2025-10-17,5953.0,0,0,0.0,0.0,,0.0,,
2025-07-30T11:10:56,2025-07-30T11:10:00,5925.0,2025-09-30,5958.0,0,0,0.0,0.0,0.0,0.0,,
2025-07-30T11:10:56,2025-07-30T11:10:00,5925.0,2025-10-17,5958.0,0,0,0.0,0.0,0.0,0.0,,
2025-07-30T11:10:56,2025-07-30T11:10:00,5930.0,2025-09-30,5963.0,0,2,0.0,8150.0,0.0,0.009950248756218905,,
2025-07-30T11:10:56,2025-07-30T11:10:00,5930.0,2025-10-17,5963.0,0,0,0.0,0.0,0.0,0.0,,
2025-07-30T11:10:56,2025-07-30T11:10:00,5935.0,2025-09-30,5968.0,0,2,0.0,8240.0,0.0,0.015384615384615385,,
2025-07-30T11:10:56,2025-07-30T11:10:00,5935.0,2025-10-17,5968.0,0,0,0.0,0.0,,0.0,,
2025-07-30T11:10:56,2025-07-30T11:10:00,5940.0,2025-09-30,5973.0,0,0,0.0,0.0,0.0,0.0,,
2025-07-30T11:10:56,2025-07-30T11:10:00,5940.0,2025-10-17,5973.0,0,0,0.0,0.0,0.0,0.0,,
2025-07-30T11:10:56,2025-07-30T11:10:00,5945.0,2025-09-30,5978.0,0,0,0.0,0.0,0.0,0.0,,
2025-07-30T11:10:56,2025-07-30T11:10:00,5945.0,2025-10-17,5978.0,0,0,0.0,0.0,,0.0,,
2025-07-30T11:10:56,2025-07-30T11:10:00,5950.0,2025-09-30,5983.0,0,35,0.0,148925.0,0.0,0.016347501167678656,,
2025-07-30T11:10:56,2025-07-30T11:10:00,5950.0,2025-10-17,5983.0,0,1,0.0,5695.0,0.0,0.00019470404984423675,,
2025-07-30T11:10:56,2025-07-30T11:10:00,5955.0,2025-09-30,5988.0,0,0,0.0,0.0,0.0,0.0,,
2025-07-30T11:10:56,2025-07-30T11:10:00,5955.0,2025-10-17,5988.0,0,0,0.0,0.0,,0.0,,
2025-07-30T11:10:56,2025-07-30T11:10:00,5960.0,2025-09-30,5993.0,0,0,0.0,0.0,0.0,0.0,,
2025-07-30T11:10:56,2025-07-30T11:10:00,5960.0,2025-10-17,5993.0,0,0,0.0,0.0,,0.0,,
2025-07-30T11:10:56,2025-07-30T11:10:00,5965.0,2025-09-30,5998.0,0,0,0.0,0.0,0.0,0.0,,
2025-07-30T11:10:56,2025-07-30T11:10:00,5965.0,2025-10-17,5998.0,0,0,0.0,0.0,,,,
2025-07-30T11:10:56,2025-07-30T11:10:00,5970.0,2025-09-30,6003.0,0,0,0.0,0.0,0.0,0.0,,
2025-07-30T11:10:56,2025-07-30T11:10:00,5970.0,2025-10-17,6003.0,0,0,0.0,0.0,0.0,0.0,,
2025-07-30T11:10:56,2025-07-30T11:10:00,5975.0,2025-09-30,6008.0,0,2,0.0,8990.0,0.0,0.0021436227224008574,,
2025-07-30T11:10:56,2025-07-30T11:10:00,5975.0,2025-10-17,6008.0,0,80,0.0,477200.0,0.0,0.046349942062572425,,
2025-07-30T11:10:56,2025-07-30T11:10:00,5980.0,2025-09-30,6013.0,0,0,0.0,0.0,0.0,0.0,,
2025-07-30T11:10:56,2025-07-30T11:10:00,5980.0,2025-10-17,6013.0,0,0,0.0,0.0,0.0,0.0,,
2025-07-30T11:10:56,2025-07-30T11:10:00,5985.0,2025-09-30,6018.0,0,1,0.0,4590.000000000001,0.0,0.006944444444444444,,
2025-07-30T11:10:56,2025-07-30T11:10:00,5985.0,2025-10-17,6018.0,0,0,0.0,0.0,0.0,0.0,,
2025-07-30T11:10:56,2025-07-30T11:10:00,5990.0,2025-09-30,6023.0,0,0,0.0,0.0,0.0,0.0,,
2025-07-30T11:10:56,2025-07-30T11:10:00,5990.0,2025-10-17,6023.0,0,0,0.0,0.0,0.0,0.0,,
2025-07-30T11:10:56,2025-07-30T11:10:00,5995.0,2025-09-30,6028.0,0,0,0.0,0.0,0.0,0.0,,
2025-07-30T11:10:56,2025-07-30T11:10:00,5995.0,2025-10-17,6028.0,0,0,0.0,0.0,,0.0,,
2025-07-30T11:10:56,2025-07-30T11:10:00,6000.0,2025-09-30,6033.0,4,42,186740.0,199290.0,0.00026317520889532203,0.00244313885172474,,
2025-07-30T11:10:56,2025-07-30T11:10:00,6000.0,2025-10-17,6033.0,0,6576,0.0,41132880.0,0.0,0.18226669253582417,,
2025-07-30T11:10:56,2025-07-30T11:10:00,6005.0,2025-09-30,6038.0,0,0,0.0,0.0,0.0,0.0,,
2025-07-30T11:10:56,2025-07-30T11:10:00,6005.0,2025-10-17,6038.0,0,0,0.0,0.0,0.0,0.0,,
2025-07-30T11:10:56,2025-07-30T11:10:00,6010.0,2025-09-30,6043.0,0,0,0.0,0.0,0.0,0.0,,
2025-07-30T11:10:56,2025-07-30T11:10:00,6010.0,2025-10-17,6043.0,0,3,0.0,19125.0,,0.075,,
2025-07-30T11:10:56,2025-07-30T11:10:00,6015.0,2025-09-30,6048.0,0,0,0.0,0.0,0.0,0.0,,
2025-07-30T11:10:56,2025-07-30T11:10:00,6015.0,2025-10-17,6048.0,0,5,0.0,32175.0,,0.009689922480620155,,
2025-07-30T11:10:56,2025-07-30T11:10:00,6020.0,2025-09-30,6053.0,0,0,0.0,0.0,0.0,0.0,,
2025-07-30T11:10:56,2025-07-30T11:10:00,6020.0,2025-10-17,6053.0,0,6,0.0,38969.99999999999,0.0,0.004846526655896607,,
2025-07-30T11:10:56,2025-07-30T11:10:00,6025.0,2025-09-30,6058.0,0,0,0.0,0.0,0.0,0.0,,
2025-07-30T11:10:56,2025-07-30T11:10:00,6025.0,2025-10-17,6058.0,0,20,0.0,131100.00000000003,0.0,0.01026694045174538,,
2025-07-30T11:10:56,2025-07-30T11:10:00,6030.0,2025-09-30,6063.0,0,1,0.0,5065.0,0.0,0.006060606060606061,,
2025-07-30T11:10:56,2025-07-30T11:10:00,6030.0,2025-10-17,6063.0,0,13,0.0,86059.99999999999,0.0,0.003937007874015748,,
2025-07-30T11:10:56,2025-07-30T11:10:00,6035.0,2025-09-30,6068.0,0,0,0.0,0.0,0.0,0.0,,
2025-07-30T11:10:56,2025-07-30T11:10:00,6035.0,2025-10-17,6068.0,0,0,0.0,0.0,,,,
2025-07-30T11:10:56,2025-07-30T11:10:00,6040.0,2025-09-30,6073.0,0,0,0.0,0.0,0.0,0.0,,
2025-07-30T11:10:56,2025-07-30T11:10:00,6040.0,2025-10-17,6073.0,0,6,0.0,40469.99999999999,0.0,0.031578947368421054,,
2025-07-30T11:10:56,2025-07-30T11:10:00,6045.0,2025-09-30,6078.0,0,0,0.0,0.0,0.0,0.0,,
2025-07-30T11:10:56,2025-07-30T11:10:00,6045.0,2025-10-17,6078.0,0,7,0.0,47669.99999999999,,0.08974358974358974,,
2025-07-30T11:10:56,2025-07-30T11:10:00,6050.0,2025-09-30,6083.0,0,57,0.0,301530.0,0.0,0.017522287119581925,,
2025-07-30T11:10:56,2025-07-30T11:10:00,6050.0,2025-10-17,6083.0,0,871,0.0,5983769.999999999,0.0,0.15163649025069637,,
2025-07-30T11:10:56,2025-07-30T11:10:00,6055.0,2025-09-30,6088.0,0,4,0.0,21400.0,0.0,0.07692307692307693,,
2025-07-30T11:10:56,2025-07-30T11:10:00,6055.0,2025-10-17,6088.0,0,621,0.0,4309740.0,,47.76923076923077,,
2025-07-30T11:10:56,2025-07-30T11:10:00,6060.0,2025-09-30,6093.0,0,0,0.0,0.0,0.0,0.0,,
2025-07-30T11:10:56,2025-07-30T11:10:00,6060.0,2025-10-17,6093.0,0,4,0.0,28020.000000000004,0.0,0.002457002457002457,,
2025-07-30T11:10:56,2025-07-30T11:10:00,6065.0,2025-09-30,6098.0,0,14,0.0,76580.0,0.0,0.24561403508771928,,
2025-07-30T11:10:56,2025-07-30T11:10:00,6065.0,2025-10-17,6098.0,0,0,0.0,0.0,,0.0,,
2025-07-30T11:10:56,2025-07-30T11:10:00,6070.0,2025-09-30,6103.0,0,3,0.0,16589.999999999996,0.0,0.0189873417721519,,
2025-07-30T11:10:56,2025-07-30T11:10:00,6070.0,2025-10-17,6103.0,0,0,0.0,0.0,0.0,0.0,,
2025-07-30T11:10:56,2025-07-30T11:10:00,6075.0,2025-09-30,6108.0,0,2,0.0,11180.000000000002,0.0,0.004761904761904762,,
2025-07-30T11:10:56,2025-07-30T11:10:00,6075.0,2025-10-17,6108.0,0,0,0.0,0.0,0.0,0.0,,
2025-07-30T11:10:56,2025-07-30T11:10:00,6080.0,2025-09-30,6113.0,0,0,0.0,0.0,0.0,0.0,,
2025-07-30T11:10:56,2025-07-30T11:10:00,6080.0,2025-10-17,6113.0,0,9,0.0,65475.0,0.0,0.1875,,
2025-07-30T11:10:56,2025-07-30T11:10:00,6085.0,2025-09-30,6118.0,0,9,0.0,51435.0,0.0,0.3103448275862069,,
2025-07-30T11:10:56,2025-07-30T11:10:00,6085.0,2025-10-17,6118.0,0,1,0.0,7344.999999999999,0.0,0.009345794392523364,,
2025-07-30T11:10:56,2025-07-30T11:10:00,6090.0,2025-09-30,6123.0,0,1,0.0,5780.0,0.0,0.006097560975609756,,
2025-07-30T11:10:56,2025-07-30T11:10:00,6090.0,2025-10-17,6123.0,0,3,0.0,22455.0,0.0,0.0410958904109589,,
2025-07-30T11:10:56,2025-07-30T11:10:00,6095.0,2025-09-30,6128.0,0,0,0.0,0.0,0.0,0.0,,
2025-07-30T11:10:56,2025-07-30T11:10:00,6095.0,2025-10-17,6128.0,0,0,0.0,0.0,,0.0,,
2025-07-30T11:10:56,2025-07-30T11:10:00,6100.0,2025-09-30,6133.0,0,252,0.0,1489320.0,0.0,0.12358999509563512,,
2025-07-30T11:10:56,2025-07-30T11:10:00,6100.0,2025-10-17,6133.0,2,1014,82220.0,7665839.999999999,0.012987012987012988,0.10275638427239563,,
2025-07-30T11:10:56,2025-07-30T11:10:00,6105.0,2025-09-30,6138.0,0,0,0.0,0.0,0.0,0.0,,
2025-07-30T11:10:56,2025-07-30T11:10:00,6105.0,2025-10-17,6138.0,0,5,0.0,38150.00000000001,,0.060240963855421686,,
2025-07-30T11:10:56,2025-07-30T11:10:00,6110.0,2025-09-30,6143.0,0,0,0.0,0.0,0.0,0.0,,
2025-07-30T11:10:56,2025-07-30T11:10:00,6110.0,2025-10-17,6143.0,0,2,0.0,15410.000000000002,0.0,0.021739130434782608,,
2025-07-30T11:10:56,2025-07-30T11:10:00,6115.0,2025-09-30,6148.0,0,0,0.0,0.0,0.0,0.0,,
2025-07-30T11:10:56,2025-07-30T11:10:00,6115.0,2025-10-17,6148.0,0,17,0.0,132260.0,0.0,0.0038383382253330323,,
2025-07-30T11:10:56,2025-07-30T11:10:00,6120.0,2025-09-30,6153.0,0,0,0.0,0.0,0.0,0.0,,
2025-07-30T11:10:56,2025-07-30T11:10:00,6120.0,2025-10-17,6153.0,0,1,0.0,7855.000000000001,0.0,0.001176470588235294,,
2025-07-30T11:10:56,2025-07-30T11:10:00,6125.0,2025-09-30,6158.0,0,0,0.0,0.0,0.0,0.0,,
2025-07-30T11:10:56,2025-07-30T11:10:00,6125.0,2025-10-17,6158.0,0,6,0.0,47610.0,0.0,0.003126628452318916,,
2025-07-30T11:10:56,2025-07-30T11:10:00,6130.0,2025-09-30,6163.0,0,0,0.0,0.0,0.0,0.0,,
2025-07-30T11:10:56,2025-07-30T11:10:00,6130.0,2025-10-17,6163.0,0,1,0.0,8009.999999999999,0.0,0.0022727272727272726,,
2025-07-30T11:10:56,2025-07-30T11:10:00,6135.0,2025-09-30,6168.0,0,0,0.0,0.0,0.0,0.0,,
2025-07-30T11:10:56,2025-07-30T11:10:00,6135.0,2025-10-17,6168.0,0,0,0.0,0.0,,0.0,,
2025-07-30T11:10:56,2025-07-30T11:10:00,6140.0,2025-09-30,6173.0,0,5,0.0,32325.0,0.0,0.036231884057971016,,
2025-07-30T11:10:56,2025-07-30T11:10:00,6140.0,2025-10-17,6173.0,0,0,0.0,0.0,0.0,0.0,,
2025-07-30T11:10:56,2025-07-30T11:10:00,6145.0,2025-09-30,6178.0,0,3,0.0,19634.999999999996,0.0,0.057692307692307696,,
2025-07-30T11:10:56,2025-07-30T11:10:00,6145.0,2025-10-17,6178.0,0,2,0.0,16500.0,0.0,0.0032310177705977385,,
2025-07-30T11:10:56,2025-07-30T11:10:00,6150.0,2025-09-30,6183.0,1,7,33900.0,46305.00000000001,0.0004512635379061372,0.003363767419509851,,
2025-07-30T11:10:56,2025-07-30T11:10:00,6150.0,2025-10-17,6183.0,0,517,0.0,4309195.0,0.0,0.11402734891927657,,
2025-07-30T11:10:56,2025-07-30T11:10:00,6155.0,2025-09-30,6188.0,0,0,0.0,0.0,0.0,0.0,,
2025-07-30T11:10:56,2025-07-30T11:10:00,6155.0,2025-10-17,6188.0,0,4,0.0,33640.0,0.0,0.01639344262295082,,
2025-07-30T11:10:56,2025-07-30T11:10:00,6160.0,2025-09-30,6193.0,0,0,0.0,0.0,0.0,0.0,,
2025-07-30T11:10:56,2025-07-30T11:10:00,6160.0,2025-10-17,6193.0,0,2,0.0,16989.999999999996,0.0,0.014285714285714285,,
2025-07-30T11:10:56,2025-07-30T11:10:00,6165.0,2025-09-30,6198.0,0,1,0.0,6844.999999999999,0.0,0.02702702702702703,,
2025-07-30T11:10:56,2025-07-30T11:10:00,6165.0,2025-10-17,6198.0,0,0,0.0,0.0,,0.0,,
2025-07-30T11:10:56,2025-07-30T11:10:00,6170.0,2025-09-30,6203.0,0,0,0.0,0.0,0.0,0.0,,
2025-07-30T11:10:56,2025-07-30T11:10:00,6170.0,2025-10-17,6203.0,0,5,0.0,43325.0,0.0,0.019305019305019305,,
2025-07-30T11:10:56,2025-07-30T11:10:00,6175.0,2025-09-30,6208.0,0,0,0.0,0.0,0.0,0.0,,
2025-07-30T11:10:56,2025-07-30T11:10:00,6175.0,2025-10-17,6208.0,0,21,0.0,183750.0,0.0,0.055408970976253295,,
2025-07-30T11:10:56,2025-07-30T11:10:00,6180.0,2025-09-30,6213.0,4,4,125580.00000000001,28360.000000000004,0.06666666666666667,0.022598870056497175,,
2025-07-30T11:10:56,2025-07-30T11:10:00,6180.0,2025-10-17,6213.0,0,1,0.0,8840.0,0.0,0.002288329519450801,,
2025-07-30T11:10:56,2025-07-30T11:10:00,6185.0,2025-09-30,6218.0,0,8,0.0,57400.0,0.0,0.4,,
2025-07-30T11:10:56,2025-07-30T11:10:00,6185.0,2025-10-17,6218.0,0,2,0.0,18010.000000000004,0.0,0.2222222222222222,,
2025-07-30T11:10:56,2025-07-30T11:10:00,6190.0,2025-09-30,6223.0,4,0,122300.0,0.0,0.03305785123966942,0.0,,
2025-07-30T11:10:56,2025-07-30T11:10:00,6190.0,2025-10-17,6223.0,0,3,0.0,27300.0,0.0,0.06666666666666667,,
2025-07-30T11:10:56,2025-07-30T11:10:00,6195.0,2025-09-30,6228.0,0,8,0.0,58759.99999999999,0.0,0.2222222222222222,,
2025-07-30T11:10:56,2025-07-30T11:10:00,6195.0,2025-10-17,6228.0,0,14,0.0,127539.99999999999,,0.19718309859154928,,
2025-07-30T11:10:56,2025-07-30T11:10:00,6200.0,2025-09-30,6233.0,0,151,0.0,1121175.0,0.0,0.03670393777345649,,
2025-07-30T11:10:56,2025-07-30T11:10:00,6200.0,2025-10-17,6233.0,9,65,295830.0,603200.0,0.037815126050420166,0.1570048309178744,,
2025-07-30T11:10:56,2025-07-30T11:10:00,6205.0,2025-09-30,6238.0,0,0,0.0,0.0,0.0,0.0,,
2025-07-30T11:10:56,2025-07-30T11:10:00,6205.0,2025-10-17,6238.0,0,0,0.0,0.0,,0.0,,
2025-07-30T11:10:56,2025-07-30T11:10:00,6210.0,2025-09-30,6243.0,0,16,0.0,121680.00000000001,0.0,0.06060606060606061,,
2025-07-30T11:10:56,2025-07-30T11:10:00,6210.0,2025-10-17,6243.0,0,5,0.0,46975.0,0.0,0.10416666666666667,,
2025-07-30T11:10:56,2025-07-30T11:10:00,6215.0,2025-09-30,6248.0,0,10,0.0,76949.99999999999,0.0,0.2127659574468085,,
2025-07-30T11:10:56,2025-07-30T11:10:00,6215.0,2025-10-17,6248.0,0,0,0.0,0.0,0.0,0.0,,
2025-07-30T11:10:56,2025-07-30T11:10:00,6220.0,2025-09-30,6253.0,0,0,0.0,0.0,0.0,0.0,,
2025-07-30T11:10:56,2025-07-30T11:10:00,6220.0,2025-10-17,6253.0,0,6,0.0,57480.00000000001,0.0,0.07692307692307693,,
2025-07-30T11:10:56,2025-07-30T11:10:00,6225.0,2025-09-30,6258.0,0,201,0.0,1582875.0,0.0,1.99009900990099,,
2025-07-30T11:10:56,2025-07-30T11:10:00,6225.0,2025-10-17,6258.0,0,4,0.0,38679.99999999999,0.0,0.002385211687537269,,
2025-07-30T11:10:56,2025-07-30T11:10:00,6230.0,2025-09-30,6263.0,0,1,0.0,7975.0,0.0,0.007042253521126761,,
2025-07-30T11:10:56,2025-07-30T11:10:00,6230.0,2025-10-17,6263.0,0,2,0.0,19560.0,0.0,0.012345679012345678,,
2025-07-30T11:10:56,2025-07-30T11:10:00,6235.0,2025-09-30,6268.0,0,0,0.0,0.0,0.0,0.0,,
2025-07-30T11:10:56,2025-07-30T11:10:00,6235.0,2025-10-17,6268.0,0,1,0.0,9880.0,,0.027777777777777776,,
2025-07-30T11:10:56,2025-07-30T11:10:00,6240.0,2025-09-30,6273.0,0,0,0.0,0.0,0.0,0.0,,
2025-07-30T11:10:56,2025-07-30T11:10:00,6240.0,2025-10-17,6273.0,0,0,0.0,0.0,0.0,0.0,,
2025-07-30T11:10:56,2025-07-30T11:10:00,6245.0,2025-09-30,6278.0,0,0,0.0,0.0,0.0,0.0,,
2025-07-30T11:10:56,2025-07-30T11:10:00,6245.0,2025-10-17,6278.0,0,1,0.0,10080.000000000002,0.0,0.03333333333333333,,
2025-07-30T11:10:56,2025-07-30T11:10:00,6250.0,2025-09-30,6283.0,0,22,0.0,184030.00000000003,0.0,0.0050784856879039705,,
2025-07-30T11:10:56,2025-07-30T11:10:00,6250.0,2025-10-17,6283.0,0,430,0.0,4377400.000000001,0.0,0.06608268019056401,,
2025-07-30T11:10:56,2025-07-30T11:10:00,6255.0,2025-09-30,6288.0,0,0,0.0,0.0,0.0,0.0,,
2025-07-30T11:10:56,2025-07-30T11:10:00,6255.0,2025-10-17,6288.0,0,1,0.0,10290.0,0.0,0.006993006993006993,,
2025-07-30T11:10:56,2025-07-30T11:10:00,6260.0,2025-09-30,6293.0,0,3,0.0,25710.000000000004,0.0,0.020134228187919462,,
2025-07-30T11:10:56,2025-07-30T11:10:00,6260.0,2025-10-17,6293.0,0,18,0.0,187200.0,0.0,0.030100334448160536,,
2025-07-30T11:10:56,2025-07-30T11:10:00,6265.0,2025-09-30,6298.0,4,0,98159.99999999999,0.0,0.17391304347826086,0.0,,
2025-07-30T11:10:56,2025-07-30T11:10:00,6265.0,2025-10-17,6298.0,0,2,0.0,21020.0,0.0,0.011049723756906077,,
2025-07-30T11:10:56,2025-07-30T11:10:00,6270.0,2025-09-30,6303.0,0,7,0.0,61460.0,0.0,0.05426356589147287,,
2025-07-30T11:10:56,2025-07-30T11:10:00,6270.0,2025-10-17,6303.0,0,9,0.0,95580.0,0.0,0.0703125,,
2025-07-30T11:10:56,2025-07-30T11:10:00,6275.0,2025-09-30,6308.0,3,3,71265.00000000001,26670.000000000004,0.002542372881355932,0.004761904761904762,,
2025-07-30T11:10:56,2025-07-30T11:10:00,6275.0,2025-10-17,6308.0,0,46,0.0,493580.0,0.0,0.022417153996101363,,
2025-07-30T11:10:56,2025-07-30T11:10:00,6280.0,2025-09-30,6313.0,0,2,0.0,18000.0,0.0,0.015037593984962405,,
2025-07-30T11:10:56,2025-07-30T11:10:00,6280.0,2025-10-17,6313.0,0,0,0.0,0.0,0.0,0.0,,
2025-07-30T11:10:56,2025-07-30T11:10:00,6285.0,2025-09-30,6318.0,2,0,45979.99999999999,0.0,0.04878048780487805,0.0,,
2025-07-30T11:10:56,2025-07-30T11:10:00,6285.0,2025-10-17,6318.0,0,0,0.0,0.0,0.0,0.0,,
2025-07-30T11:10:56,2025-07-30T11:10:00,6290.0,2025-09-30,6323.0,0,0,0.0,0.0,0.0,0.0,,
2025-07-30T11:10:56,2025-07-30T11:10:00,6290.0,2025-10-17,6323.0,0,7,0.0,77489.99999999999,0.0,0.009915014164305949,,
2025-07-30T11:10:56,2025-07-30T11:10:00,6295.0,2025-09-30,6328.0,0,0,0.0,0.0,0.0,0.0,,
2025-07-30T11:10:56,2025-07-30T11:10:00,6295.0,2025-10-17,6328.0,0,8,0.0,89520.0,0.0,0.2857142857142857,,
2025-07-30T11:10:56,2025-07-30T11:10:00,6300.0,2025-09-30,6333.0,2,16,43700.0,151360.0,0.0008896797153024911,0.006855184233076264,,
2025-07-30T11:10:56,2025-07-30T11:10:00,6300.0,2025-10-17,6333.0,42,294,1050630.0,3326610.0,0.17573221757322174,0.04238754325259515,,
2025-07-30T11:10:56,2025-07-30T11:10:00,6305.0,2025-09-30,6338.0,0,0,0.0,0.0,0.0,0.0,,
2025-07-30T11:10:56,2025-07-30T11:10:00,6305.0,2025-10-17,6338.0,0,0,0.0,0.0,0.0,0.0,,
2025-07-30T11:10:56,2025-07-30T11:10:00,6310.0,2025-09-30,6343.0,0,1,0.0,9700.0,0.0,0.016666666666666666,,
2025-07-30T11:10:56,2025-07-30T11:10:00,6310.0,2025-10-17,6343.0,0,2,0.0,23300.0,0.0,0.0111731843575419,,
2025-07-30T11:10:56,2025-07-30T11:10:00,6315.0,2025-09-30,6348.0,0,0,0.0,0.0,0.0,0.0,,
2025-07-30T11:10:56,2025-07-30T11:10:00,6315.0,2025-10-17,6348.0,3,0,71730.0,0.0,0.3333333333333333,0.0,,
2025-07-30T11:10:56,2025-07-30T11:10:00,6320.0,2025-09-30,6353.0,0,2,0.0,19900.0,0.0,0.05128205128205128,,
2025-07-30T11:10:56,2025-07-30T11:10:00,6320.0,2025-10-17,6353.0,0,13,0.0,153530.0,0.0,0.14606741573033707,,
2025-07-30T11:10:56,2025-07-30T11:10:00,6325.0,2025-09-30,6358.0,1,5,19989.999999999996,50400.0,0.0010857763300760044,0.006544502617801047,,
2025-07-30T11:10:56,2025-07-30T11:10:00,6325.0,2025-10-17,6358.0,1,469,23170.0,5599860.000000001,0.0020242914979757085,0.4110429447852761,,
2025-07-30T11:10:56,2025-07-30T11:10:00,6330.0,2025-09-30,6363.0,2,2,39260.0,20420.0,0.011111111111111112,0.04,,
2025-07-30T11:10:56,2025-07-30T11:10:00,6330.0,2025-10-17,6363.0,2,16,45620.00000000001,194560.0,0.04,0.20512820512820512,,
2025-07-30T11:10:56,2025-07-30T11:10:00,6335.0,2025-09-30,6368.0,40,0,770800.0,0.0,0.5714285714285714,0.0,,
2025-07-30T11:10:56,2025-07-30T11:10:00,6335.0,2025-10-17,6368.0,0,0,0.0,0.0,0.0,0.0,,
2025-07-30T11:10:56,2025-07-30T11:10:00,6340.0,2025-09-30,6373.0,9,0,170190.0,0.0,0.047872340425531915,0.0,,
2025-07-30T11:10:56,2025-07-30T11:10:00,6340.0,2025-10-17,6373.0,0,4,0.0,49740.0,0.0,0.03361344537815126,,
2025-07-30T11:10:56,2025-07-30T11:10:00,6345.0,2025-09-30,6378.0,0,0,0.0,0.0,0.0,0.0,,
2025-07-30T11:10:56,2025-07-30T11:10:00,6345.0,2025-10-17,6378.0,0,8,0.0,99920.0,0.0,0.8888888888888888,,
2025-07-30T11:10:56,2025-07-30T11:10:00,6350.0,2025-09-30,6383.0,1,766,18189.999999999996,8242159.999999999,0.00045454545454545455,1.3184165232358003,,
2025-07-30T11:10:56,2025-07-30T11:10:00,6350.0,2025-10-17,6383.0,0,99,0.0,1250370.0,0.0,0.01804593510754648,,
2025-07-30T11:10:56,2025-07-30T11:10:00,6355.0,2025-09-30,6388.0,4,0,71340.0,0.0,0.07142857142857142,0.0,,
2025-07-30T11:10:56,2025-07-30T11:10:00,6355.0,2025-10-17,6388.0,0,0,0.0,0.0,0.0,0.0,,
2025-07-30T11:10:56,2025-07-30T11:10:00,6360.0,2025-09-30,6393.0,0,50,0.0,552750.0,0.0,1.5151515151515151,,
2025-07-30T11:10:56,2025-07-30T11:10:00,6360.0,2025-10-17,6393.0,0,0,0.0,0.0,0.0,0.0,,
2025-07-30T11:10:56,2025-07-30T11:10:00,6365.0,2025-09-30,6398.0,0,1,0.0,11200.0,0.0,0.019230769230769232,,
2025-07-30T11:10:56,2025-07-30T11:10:00,6365.0,2025-10-17,6398.0,74,0,1505159.9999999998,0.0,1.3703703703703705,0.0,,
2025-07-30T11:10:56,2025-07-30T11:10:00,6370.0,2025-09-30,6403.0,0,7,0.0,79485.0,0.0,0.00428921568627451,,
2025-07-30T11:10:56,2025-07-30T11:10:00,6370.0,2025-10-17,6403.0,5,6,99949.99999999999,79289.99999999999,0.45454545454545453,0.026785714285714284,,
2025-07-30T11:10:56,2025-07-30T11:10:00,6375.0,2025-09-30,6408.0,7,16,115255.0,184160.0,0.010248901903367497,0.033126293995859216,,
2025-07-30T11:10:56,2025-07-30T11:10:00,6375.0,2025-10-17,6408.0,1,360,19650.0,4809600.0,0.013333333333333334,0.29925187032418954,,
2025-07-30T11:10:56,2025-07-30T11:10:00,6380.0,2025-09-30,6413.0,1,17,16125.0,198390.0,0.004081632653061225,0.19101123595505617,,
2025-07-30T11:10:56,2025-07-30T11:10:00,6380.0,2025-10-17,6413.0,0,2,0.0,27050.0,0.0,0.0006626905235255136,,
2025-07-30T11:10:56,2025-07-30T11:10:00,6385.0,2025-09-30,6418.0,13,3,205335.0,35504.99999999999,0.22413793103448276,0.034482758620689655,,
2025-07-30T11:10:56,2025-07-30T11:10:00,6385.0,2025-10-17,6418.0,2,0,37950.0,0.0,0.043478260869565216,0.0,,
2025-07-30T11:10:56,2025-07-30T11:10:00,6390.0,2025-09-30,6423.0,1,0,15465.0,0.0,0.004149377593360996,0.0,,
2025-07-30T11:10:56,2025-07-30T11:10:00,6390.0,2025-10-17,6423.0,0,6,0.0,83040.00000000001,0.0,0.17647058823529413,,
2025-07-30T11:10:56,2025-07-30T11:10:00,6395.0,2025-09-30,6428.0,0,0,0.0,0.0,0.0,0.0,,
2025-07-30T11:10:56,2025-07-30T11:10:00,6395.0,2025-10-17,6428.0,0,0,0.0,0.0,0.0,0.0,,
2025-07-30T11:10:56,2025-07-30T11:10:00,6400.0,2025-09-30,6433.0,12,56,177660.0,690480.0,0.003389830508474576,0.10181818181818182,,
2025-07-30T11:10:56,2025-07-30T11:10:00,6400.0,2025-10-17,6433.0,13,368,233675.0,5212720.0,0.022968197879858657,0.0659616418713031,,
2025-07-30T11:10:56,2025-07-30T11:10:00,6405.0,2025-09-30,6438.0,0,0,0.0,0.0,0.0,0.0,,
2025-07-30T11:10:56,2025-07-30T11:10:00,6405.0,2025-10-17,6438.0,80,0,1412400.0,0.0,2.2222222222222223,0.0,,
2025-07-30T11:10:56,2025-07-30T11:10:00,6410.0,2025-09-30,6443.0,0,1,0.0,12685.0,0.0,0.030303030303030304,,
2025-07-30T11:10:56,2025-07-30T11:10:00,6410.0,2025-10-17,6443.0,80,0,1386000.0,0.0,2.2857142857142856,0.0,,
2025-07-30T11:10:56,2025-07-30T11:10:00,6415.0,2025-09-30,6448.0,0,0,0.0,0.0,0.0,0.0,,
2025-07-30T11:10:56,2025-07-30T11:10:00,6415.0,2025-10-17,6448.0,2,0,34010.0,0.0,0.06060606060606061,0.0,,
2025-07-30T11:10:56,2025-07-30T11:10:00,6420.0,2025-09-30,6453.0,0,0,0.0,0.0,0.0,0.0,,
2025-07-30T11:10:56,2025-07-30T11:10:00,6420.0,2025-10-17,6453.0,0,0,0.0,0.0,0.0,0.0,,
2025-07-30T11:10:56,2025-07-30T11:10:00,6425.0,2025-09-30,6458.0,0,0,0.0,0.0,0.0,0.0,,
2025-07-30T11:10:56,2025-07-30T11:10:00,6425.0,2025-10-17,6458.0,35,0,570500.0,0.0,0.01769464105156724,0.0,,
2025-07-30T11:10:56,2025-07-30T11:10:00,6430.0,2025-09-30,6463.0,0,1,0.0,13425.0,0.0,0.022222222222222223,,
2025-07-30T11:10:56,2025-07-30T11:10:00,6430.0,2025-10-17,6463.0,0,0,0.0,0.0,0.0,0.0,,
2025-07-30T11:10:56,2025-07-30T11:10:00,6435.0,2025-09-30,6468.0,0,0,0.0,0.0,0.0,0.0,,
2025-07-30T11:10:56,2025-07-30T11:10:00,6435.0,2025-10-17,6468.0,4,0,62700.0,0.0,0.15384615384615385,0.0,,
2025-07-30T11:10:56,2025-07-30T11:10:00,6440.0,2025-09-30,6473.0,0,0,0.0,0.0,0.0,0.0,,
2025-07-30T11:10:56,2025-07-30T11:10:00,6440.0,2025-10-17,6473.0,5,15,77225.0,233925.0,0.13513513513513514,0.009652509652509652,,
2025-07-30T11:10:56,2025-07-30T11:10:00,6445.0,2025-09-30,6478.0,2,0,24070.0,0.0,0.03333333333333333,0.0,,
2025-07-30T11:10:56,2025-07-30T11:10:00,6445.0,2025-10-17,6478.0,0,0,0.0,0.0,0.0,0.0,,
2025-07-30T11:10:56,2025-07-30T11:10:00,6450.0,2025-09-30,6483.0,5,1,58725.0,14230.000000000002,0.0014347202295552368,0.007575757575757576,,
2025-07-30T11:10:56,2025-07-30T11:10:00,6450.0,2025-10-17,6483.0,0,162,0.0,2591190.0,0.0,0.05666316894018888,,
2025-07-30T11:10:56,2025-07-30T11:10:00,6455.0,2025-09-30,6488.0,0,0,0.0,0.0,0.0,0.0,,
2025-07-30T11:10:56,2025-07-30T11:10:00,6455.0,2025-10-17,6488.0,0,0,0.0,0.0,0.0,0.0,,
2025-07-30T11:10:56,2025-07-30T11:10:00,6460.0,2025-09-30,6493.0,0,0,0.0,0.0,0.0,0.0,,
2025-07-30T11:10:56,2025-07-30T11:10:00,6460.0,2025-10-17,6493.0,0,0,0.0,0.0,0.0,0.0,,
2025-07-30T11:10:56,2025-07-30T11:10:00,6465.0,2025-09-30,6498.0,0,0,0.0,0.0,0.0,0.0,,
2025-07-30T11:10:56,2025-07-30T11:10:00,6465.0,2025-10-17,6498.0,0,0,0.0,0.0,0.0,0.0,,
2025-07-30T11:10:56,2025-07-30T11:10:00,6470.0,2025-09-30,6503.0,5,0,53100.0,0.0,0.0641025641025641,0.0,,
2025-07-30T11:10:56,2025-07-30T11:10:00,6470.0,2025-10-17,6503.0,0,0,0.0,0.0,0.0,0.0,,
2025-07-30T11:10:56,2025-07-30T11:10:00,6475.0,2025-09-30,6508.0,1,0,10350.0,0.0,0.0012135922330097086,0.0,,
2025-07-30T11:10:56,2025-07-30T11:10:00,6475.0,2025-10-17,6508.0,0,0,0.0,0.0,0.0,0.0,,
2025-07-30T11:10:56,2025-07-30T11:10:00,6480.0,2025-09-30,6513.0,0,0,0.0,0.0,0.0,0.0,,
2025-07-30T11:10:56,2025-07-30T11:10:00,6480.0,2025-10-17,6513.0,0,0,0.0,0.0,0.0,0.0,,
2025-07-30T11:10:56,2025-07-30T11:10:00,6485.0,2025-09-30,6518.0,0,0,0.0,0.0,0.0,0.0,,
2025-07-30T11:10:56,2025-07-30T11:10:00,6485.0,2025-10-17,6518.0,0,7,0.0,122639.99999999999,0.0,,,
2025-07-30T11:10:56,2025-07-30T11:10:00,6490.0,2025-09-30,6523.0,4,0,38280.0,0.0,0.03571428571428571,0.0,,
2025-07-30T11:10:56,2025-07-30T11:10:00,6490.0,2025-10-17,6523.0,2,0,25110.0,0.0,0.02564102564102564,,,
2025-07-30T11:10:56,2025-07-30T11:10:00,6495.0,2025-09-30,6528.0,0,0,0.0,0.0,0.0,0.0,,
2025-07-30T11:10:56,2025-07-30T11:10:00,6495.0,2025-10-17,6528.0,0,0,0.0,0.0,0.0,0.0,,
2025-07-30T11:10:56,2025-07-30T11:10:00,6500.0,2025-09-30,6533.0,0,20,0.0,330100.0,0.0,0.00702000702000702,,
2025-07-30T11:10:56,2025-07-30T11:10:00,6500.0,2025-10-17,6533.0,94,0,1129880.0,0.0,0.13603473227206947,0.0,,
2025-07-30T11:10:56,2025-07-30T11:10:00,6505.0,2025-09-30,6538.0,28,0,246960.0,0.0,0.0007458313355708274,0.0,,
2025-07-30T11:10:56,2025-07-30T11:10:00,6505.0,2025-10-17,6538.0,2,0,23510.0,0.0,2.0,,,
2025-07-30T11:10:56,2025-07-30T11:10:00,6510.0,2025-09-30,6543.0,0,0,0.0,0.0,0.0,0.0,,
2025-07-30T11:10:56,2025-07-30T11:10:00,6510.0,2025-10-17,6543.0,0,0,0.0,0.0,0.0,0.0,,
2025-07-30T11:10:56,2025-07-30T11:10:00,6515.0,2025-09-30,6548.0,0,0,0.0,0.0,0.0,0.0,,
2025-07-30T11:10:56,2025-07-30T11:10:00,6515.0,2025-10-17,6548.0,0,0,0.0,0.0,0.0,,,
2025-07-30T11:10:56,2025-07-30T11:10:00,6520.0,2025-09-30,6553.0,0,0,0.0,0.0,0.0,0.0,,
2025-07-30T11:10:56,2025-07-30T11:10:00,6520.0,2025-10-17,6553.0,0,0,0.0,0.0,0.0,0.0,,
2025-07-30T11:10:56,2025-07-30T11:10:00,6525.0,2025-09-30,6558.0,0,0,0.0,0.0,0.0,0.0,,
2025-07-30T11:10:56,2025-07-30T11:10:00,6525.0,2025-10-17,6558.0,5,0,53700.0,0.0,0.04504504504504504,0.0,,
2025-07-30T11:10:56,2025-07-30T11:10:00,6530.0,2025-09-30,6563.0,0,2,0.0,36160.0,0.0,0.18181818181818182,,
2025-07-30T11:10:56,2025-07-30T11:10:00,6530.0,2025-10-17,6563.0,0,0,0.0,0.0,0.0,0.0,,
2025-07-30T11:10:56,2025-07-30T11:10:00,6535.0,2025-09-30,6568.0,0,0,0.0,0.0,0.0,0.0,,
2025-07-30T11:10:56,2025-07-30T11:10:00,6535.0,2025-10-17,6568.0,0,0,0.0,0.0,0.0,0.0,,
2025-07-30T11:10:56,2025-07-30T11:10:00,6540.0,2025-09-30,6573.0,0,2,0.0,37279.99999999999,0.0,2.0,,
2025-07-30T11:10:56,2025-07-30T11:10:00,6540.0,2025-10-17,6573.0,0,0,0.0,0.0,0.0,,,
2025-07-30T11:10:56,2025-07-30T11:10:00,6545.0,2025-09-30,6578.0,0,0,0.0,0.0,0.0,0.0,,
2025-07-30T11:10:56,2025-07-30T11:10:00,6545.0,2025-10-17,6578.0,4,0,39120.0,0.0,1.0,0.0,,
2025-07-30T11:10:56,2025-07-30T11:10:00,6550.0,2025-09-30,6583.0,7,0,47775.0,0.0,0.0011358104819081617,0.0,,
2025-07-30T11:10:56,2025-07-30T11:10:00,6550.0,2025-10-17,6583.0,200,250,1897000.0,5151250.0,0.03964321110009911,0.20627062706270627,,
2025-07-30T11:10:56,2025-07-30T11:10:00,6555.0,2025-09-30,6588.0,0,0,0.0,0.0,0.0,,,
2025-07-30T11:10:56,2025-07-30T11:10:00,6555.0,2025-10-17,6588.0,0,0,0.0,0.0,0.0,,,
2025-07-30T11:10:56,2025-07-30T11:10:00,6560.0,2025-09-30,6593.0,5,0,32125.0,0.0,0.06944444444444445,0.0,,
2025-07-30T11:10:56,2025-07-30T11:10:00,6560.0,2025-10-17,6593.0,0,0,0.0,0.0,0.0,0.0,,
2025-07-30T11:10:56,2025-07-30T11:10:00,6565.0,2025-09-30,6598.0,16,0,99760.0,0.0,0.5714285714285714,,,
2025-07-30T11:10:56,2025-07-30T11:10:00,6565.0,2025-10-17,6598.0,2,0,17760.0,0.0,0.1111111111111111,,,
2025-07-30T11:10:56,2025-07-30T11:10:00,6570.0,2025-09-30,6603.0,1,0,6055.0,0.0,0.019230769230769232,,,
2025-07-30T11:10:56,2025-07-30T11:10:00,6570.0,2025-10-17,6603.0,0,0,0.0,0.0,0.0,,,
2025-07-30T11:10:56,2025-07-30T11:10:00,6575.0,2025-09-30,6608.0,0,0,0.0,0.0,0.0,0.0,,
2025-07-30T11:10:56,2025-07-30T11:10:00,6575.0,2025-10-17,6608.0,854,0,7169330.0,0.0,0.251102616877389,0.0,,
2025-07-30T11:10:56,2025-07-30T11:10:00,6580.0,2025-09-30,6613.0,11,0,62645.00000000001,0.0,0.04119850187265917,0.0,,
2025-07-30T11:10:56,2025-07-30T11:10:00,6580.0,2025-10-17,6613.0,13,4,106405.0,89320.0,13.0,,,
2025-07-30T11:10:56,2025-07-30T11:10:00,6585.0,2025-09-30,6618.0,0,1,0.0,21340.0,0.0,,,
2025-07-30T11:10:56,2025-07-30T11:10:00,6590.0,2025-09-30,6623.0,6,0,32070.000000000004,0.0,0.125,,,
2025-07-30T11:10:56,2025-07-30T11:10:00,6590.0,2025-10-17,6623.0,0,0,0.0,0.0,0.0,0.0,,
2025-07-30T11:10:56,2025-07-30T11:10:00,6595.0,2025-09-30,6628.0,0,0,0.0,0.0,0.0,,,
2025-07-30T11:10:56,2025-07-30T11:10:00,6600.0,2025-09-30,6633.0,50,0,251250.0,0.0,0.014564520827264784,0.0,,
2025-07-30T11:10:56,2025-07-30T11:10:00,6600.0,2025-10-17,6633.0,139,0,1036940.0,0.0,0.35279187817258884,0.0,,
2025-07-30T11:10:56,2025-07-30T11:10:00,6605.0,2025-09-30,6638.0,0,0,0.0,0.0,0.0,,,
2025-07-30T11:10:56,2025-07-30T11:10:00,6610.0,2025-09-30,6643.0,1,0,4715.0,0.0,0.005681818181818182,0.0,,
2025-07-30T11:10:56,2025-07-30T11:10:00,6610.0,2025-10-17,6643.0,0,0,0.0,0.0,0.0,0.0,,
2025-07-30T11:10:56,2025-07-30T11:10:00,6615.0,2025-09-30,6648.0,0,0,0.0,0.0,0.0,,,
2025-07-30T11:10:56,2025-07-30T11:10:00,6620.0,2025-09-30,6653.0,0,0,0.0,0.0,0.0,,,
2025-07-30T11:10:56,2025-07-30T11:10:00,6620.0,2025-10-17,6653.0,0,1,0.0,24710.0,0.0,0.0013531799729364006,,
2025-07-30T11:10:56,2025-07-30T11:10:00,6625.0,2025-09-30,6658.0,2,0,8550.0,0.0,0.0024783147459727386,0.0,,
2025-07-30T11:10:56,2025-07-30T11:10:00,6625.0,2025-10-17,6658.0,5,0,32475.0,0.0,0.009380863039399626,,,
2025-07-30T11:10:56,2025-07-30T11:10:00,6630.0,2025-09-30,6663.0,2,0,8270.0,0.0,0.004761904761904762,,,
2025-07-30T11:10:56,2025-07-30T11:10:00,6630.0,2025-10-17,6663.0,0,0,0.0,0.0,0.0,,,
2025-07-30T11:10:56,2025-07-30T11:10:00,6635.0,2025-09-30,6668.0,0,0,0.0,0.0,0.0,,,
2025-07-30T11:10:56,2025-07-30T11:10:00,6640.0,2025-09-30,6673.0,2,0,7750.0,0.0,0.004901960784313725,,,
2025-07-30T11:10:56,2025-07-30T11:10:00,6640.0,2025-10-17,6673.0,0,0,0.0,0.0,0.0,0.0,,
2025-07-30T11:10:56,2025-07-30T11:10:00,6645.0,2025-09-30,6678.0,0,0,0.0,0.0,0.0,,,
2025-07-30T11:10:56,2025-07-30T11:10:00,6650.0,2025-09-30,6683.0,25,0,90625.0,0.0,0.025050100200400802,0.0,,
2025-07-30T11:10:56,2025-07-30T11:10:00,6650.0,2025-10-17,6683.0,0,0,0.0,0.0,0.0,0.0,,
2025-07-30T11:10:56,2025-07-30T11:10:00,6655.0,2025-09-30,6688.0,0,0,0.0,0.0,0.0,,,
2025-07-30T11:10:56,2025-07-30T11:10:00,6660.0,2025-09-30,6693.0,2,0,6770.0,0.0,0.004987531172069825,,,
2025-07-30T11:10:56,2025-07-30T11:10:00,6660.0,2025-10-17,6693.0,0,0,0.0,0.0,0.0,0.0,,
2025-07-30T11:10:56,2025-07-30T11:10:00,6665.0,2025-09-30,6698.0,8,0,26200.0,0.0,,,,
2025-07-30T11:10:56,2025-07-30T11:10:00,6670.0,2025-09-30,6703.0,1,0,3165.0,0.0,0.02040816326530612,,,
2025-07-30T11:10:56,2025-07-30T11:10:00,6670.0,2025-10-17,6703.0,0,0,0.0,0.0,0.0,0.0,,
2025-07-30T11:10:56,2025-07-30T11:10:00,6675.0,2025-09-30,6708.0,1,0,3054.9999999999995,0.0,0.002012072434607646,0.0,,
2025-07-30T11:10:56,2025-07-30T11:10:00,6675.0,2025-10-17,6708.0,0,0,0.0,0.0,0.0,0.0,,
2025-07-30T11:10:56,2025-07-30T11:10:00,6680.0,2025-09-30,6713.0,0,0,0.0,0.0,0.0,,,
2025-07-30T11:10:56,2025-07-30T11:10:00,6680.0,2025-10-17,6713.0,0,0,0.0,0.0,0.0,,,
2025-07-30T11:10:56,2025-07-30T11:10:00,6685.0,2025-09-30,6718.0,0,0,0.0,0.0,0.0,,,
2025-07-30T11:10:56,2025-07-30T11:10:00,6690.0,2025-09-30,6723.0,0,0,0.0,0.0,0.0,0.0,,
2025-07-30T11:10:56,2025-07-30T11:10:00,6690.0,2025-10-17,6723.0,0,0,0.0,0.0,0.0,0.0,,
2025-07-30T11:10:56,2025-07-30T11:10:00,6695.0,2025-09-30,6728.0,0,0,0.0,0.0,0.0,,,
2025-07-30T11:10:56,2025-07-30T11:10:00,6700.0,2025-09-30,6733.0,638,0,1636470.0,0.0,0.305117168818747,0.0,,
2025-07-30T11:10:56,2025-07-30T11:10:00,6700.0,2025-10-17,6733.0,2923,0,12568900.0,0.0,0.12399779408645484,0.0,,
2025-07-30T11:10:56,2025-07-30T11:10:00,6710.0,2025-09-30,6743.0,1,0,2385.0,0.0,0.013513513513513514,,,
2025-07-30T11:10:56,2025-07-30T11:10:00,6710.0,2025-10-17,6743.0,2,550,8180.000000000001,17058250.0,0.4,0.5,,
2025-07-30T11:10:56,2025-07-30T11:10:00,6720.0,2025-09-30,6753.0,4,0,8860.0,0.0,0.05970149253731343,,,
2025-07-30T11:10:56,2025-07-30T11:10:00,6720.0,2025-10-17,6753.0,0,0,0.0,0.0,0.0,,,
2025-07-30T11:10:56,2025-07-30T11:10:00,6725.0,2025-09-30,6758.0,0,0,0.0,0.0,0.0,0.0,,
2025-07-30T11:10:56,2025-07-30T11:10:00,6725.0,2025-10-17,6758.0,6,0,22500.0,0.0,0.46153846153846156,0.0,,
2025-07-30T11:10:56,2025-07-30T11:10:00,6730.0,2025-09-30,6763.0,1,0,2060.0,0.0,0.021739130434782608,,,
2025-07-30T11:10:56,2025-07-30T11:10:00,6730.0,2025-10-17,6763.0,0,0,0.0,0.0,0.0,,,
2025-07-30T11:10:56,2025-07-30T11:10:00,6740.0,2025-09-30,6773.0,0,0,0.0,0.0,0.0,,,
2025-07-30T11:10:56,2025-07-30T11:10:00,6740.0,2025-10-17,6773.0,0,0,0.0,0.0,0.0,,,
2025-07-30T11:10:56,2025-07-30T11:10:00,6750.0,2025-09-30,6783.0,8,0,14160.000000000002,0.0,0.002948765204570586,0.0,,
2025-07-30T11:10:56,2025-07-30T11:10:00,6750.0,2025-10-17,6783.0,2,0,6409.999999999999,0.0,0.00016627868307283005,0.0,,
2025-07-30T11:10:56,2025-07-30T11:10:00,6760.0,2025-09-30,6793.0,0,0,0.0,0.0,0.0,,,
2025-07-30T11:10:56,2025-07-30T11:10:00,6760.0,2025-10-17,6793.0,1,0,3045.0000000000005,0.0,0.07142857142857142,,,
2025-07-30T11:10:56,2025-07-30T11:10:00,6770.0,2025-09-30,6803.0,3,0,4545.0,0.0,0.02564102564102564,,,
2025-07-30T11:10:56,2025-07-30T11:10:00,6770.0,2025-10-17,6803.0,0,0,0.0,0.0,0.0,,,
2025-07-30T11:10:56,2025-07-30T11:10:00,6775.0,2025-09-30,6808.0,4,0,5820.0,0.0,0.022222222222222223,,,
2025-07-30T11:10:56,2025-07-30T11:10:00,6775.0,2025-10-17,6808.0,0,0,0.0,0.0,0.0,,,
2025-07-30T11:10:56,2025-07-30T11:10:00,6780.0,2025-09-30,6813.0,0,0,0.0,0.0,0.0,0.0,,
2025-07-30T11:10:56,2025-07-30T11:10:00,6780.0,2025-10-17,6813.0,0,0,0.0,0.0,0.0,,,
2025-07-30T11:10:56,2025-07-30T11:10:00,6790.0,2025-09-30,6823.0,5,0,6475.0,0.0,0.09433962264150944,,,
2025-07-30T11:10:56,2025-07-30T11:10:00,6790.0,2025-10-17,6823.0,0,0,0.0,0.0,0.0,,,
2025-07-30T11:10:56,2025-07-30T11:10:00,6800.0,2025-09-30,6833.0,5,0,5975.0,0.0,0.006963788300835654,0.0,,
2025-07-30T11:10:56,2025-07-30T11:10:00,6800.0,2025-10-17,6833.0,0,0,0.0,0.0,0.0,0.0,,
2025-07-30T11:10:56,2025-07-30T11:10:00,6810.0,2025-09-30,6843.0,0,0,0.0,0.0,0.0,,,
2025-07-30T11:10:56,2025-07-30T11:10:00,6810.0,2025-10-17,6843.0,0,0,0.0,0.0,0.0,,,
2025-07-30T11:10:56,2025-07-30T11:10:00,6820.0,2025-09-30,6853.0,30,0,30450.0,0.0,0.5555555555555556,0.0,,
2025-07-30T11:10:56,2025-07-30T11:10:00,6820.0,2025-10-17,6853.0,0,0,0.0,0.0,0.0,,,
2025-07-30T11:10:56,2025-07-30T11:10:00,6825.0,2025-09-30,6858.0,1,0,975.0,0.0,0.007462686567164179,0.0,,
2025-07-30T11:10:56,2025-07-30T11:10:00,6825.0,2025-10-17,6858.0,501,0,999494.9999999999,0.0,0.16239870340356563,0.0,,
2025-07-30T11:10:56,2025-07-30T11:10:00,6830.0,2025-09-30,6863.0,0,0,0.0,0.0,0.0,0.0,,
2025-07-30T11:10:56,2025-07-30T11:10:00,6830.0,2025-10-17,6863.0,0,0,0.0,0.0,0.0,,,
2025-07-30T11:10:56,2025-07-30T11:10:00,6840.0,2025-09-30,6873.0,3,0,2595.0000000000005,0.0,0.0297029702970297,0.0,,
2025-07-30T11:10:56,2025-07-30T11:10:00,6840.0,2025-10-17,6873.0,0,0,0.0,0.0,,,,
2025-07-30T11:10:56,2025-07-30T11:10:00,6850.0,2025-09-30,6883.0,0,0,0.0,0.0,0.0,0.0,,
2025-07-30T11:10:56,2025-07-30T11:10:00,6850.0,2025-10-17,6883.0,18,0,30509.999999999996,0.0,0.012738853503184714,0.0,,
2025-07-30T11:10:56,2025-07-30T11:10:00,6860.0,2025-09-30,6893.0,0,0,0.0,0.0,,,,
2025-07-30T11:10:56,2025-07-30T11:10:00,6860.0,2025-10-17,6893.0,0,0,0.0,0.0,0.0,,,
2025-07-30T11:10:56,2025-07-30T11:10:00,6870.0,2025-09-30,6903.0,0,0,0.0,0.0,0.0,,,
2025-07-30T11:10:56,2025-07-30T11:10:00,6870.0,2025-10-17,6903.0,0,0,0.0,0.0,,,,
2025-07-30T11:10:56,2025-07-30T11:10:00,6875.0,2025-09-30,6908.0,0,0,0.0,0.0,0.0,,,
2025-07-30T11:10:56,2025-07-30T11:10:00,6875.0,2025-10-17,6908.0,0,0,0.0,0.0,0.0,,,
2025-07-30T11:10:56,2025-07-30T11:10:00,6880.0,2025-09-30,6913.0,0,0,0.0,0.0,,,,
2025-07-30T11:10:56,2025-07-30T11:10:00,6880.0,2025-10-17,6913.0,0,0,0.0,0.0,,,,
2025-07-30T11:10:56,2025-07-30T11:10:00,6890.0,2025-09-30,6923.0,0,0,0.0,0.0,0.0,,,
2025-07-30T11:10:56,2025-07-30T11:10:00,6890.0,2025-10-17,6923.0,0,0,0.0,0.0,,,,
2025-07-30T11:10:56,2025-07-30T11:10:00,6900.0,2025-09-30,6933.0,6,0,3150.0,0.0,0.0055147058823529415,0.0,,
2025-07-30T11:10:56,2025-07-30T11:10:00,6900.0,2025-10-17,6933.0,0,0,0.0,0.0,0.0,0.0,,
2025-07-30T11:10:56,2025-07-30T11:10:00,6925.0,2025-09-30,6958.0,4,0,1739.9999999999998,0.0,0.06896551724137931,,,
2025-07-30T11:10:56,2025-07-30T11:10:00,6925.0,2025-10-17,6958.0,0,0,0.0,0.0,0.0,,,
2025-07-30T11:10:56,2025-07-30T11:10:00,6950.0,2025-09-30,6983.0,2,0,710.0,0.0,0.005449591280653951,,,
2025-07-30T11:10:56,2025-07-30T11:10:00,6950.0,2025-10-17,6983.0,306,0,258569.99999999997,0.0,0.15501519756838905,,,
2025-07-30T11:10:56,2025-07-30T11:10:00,6975.0,2025-09-30,7008.0,1,0,297.5,0.0,0.1,,,
2025-07-30T11:10:56,2025-07-30T11:10:00,6975.0,2025-10-17,7008.0,1000,0,710000.0,0.0,0.1381406271584473,,,
2025-07-30T11:10:56,2025-07-30T11:10:00,7000.0,2025-09-30,7033.0,37,0,9157.499999999998,0.0,0.018217626784835055,0.0,,
2025-07-30T11:10:56,2025-07-30T11:10:00,7000.0,2025-10-17,7033.0,8,0,4840.000000000001,0.0,0.047337278106508875,0.0,,
2025-07-30T11:10:56,2025-07-30T11:10:00,7025.0,2025-09-30,7058.0,0,0,0.0,0.0,0.0,,,
2025-07-30T11:10:56,2025-07-30T11:10:00,7025.0,2025-10-17,7058.0,0,0,0.0,0.0,0.0,,,
2025-07-30T11:10:56,2025-07-30T11:10:00,7050.0,2025-09-30,7083.0,0,0,0.0,0.0,0.0,0.0,,
2025-07-30T11:10:56,2025-07-30T11:10:00,7050.0,2025-10-17,7083.0,0,0,0.0,0.0,0.0,,,
2025-07-30T11:10:56,2025-07-30T11:10:00,7075.0,2025-09-30,7108.0,0,0,0.0,0.0,0.0,,,
2025-07-30T11:10:56,2025-07-30T11:10:00,7075.0,2025-10-17,7108.0,0,0,0.0,0.0,,0.0,,
2025-07-30T11:10:56,2025-07-30T11:10:00,7100.0,2025-09-30,7133.0,30,0,3975.0,0.0,0.07211538461538461,0.0,,
2025-07-30T11:10:56,2025-07-30T11:10:00,7100.0,2025-10-17,7133.0,0,0,0.0,0.0,0.0,0.0,,
2025-07-30T11:10:56,2025-07-30T11:10:00,7125.0,2025-09-30,7158.0,0,0,0.0,0.0,0.0,,,
2025-07-30T11:10:56,2025-07-30T11:10:00,7125.0,2025-10-17,7158.0,0,0,0.0,0.0,0.0,,,
2025-07-30T11:10:56,2025-07-30T11:10:00,7150.0,2025-09-30,7183.0,3,0,300.0,0.0,1.0,,,
2025-07-30T11:10:56,2025-07-30T11:10:00,7150.0,2025-10-17,7183.0,0,0,0.0,0.0,0.0,,,
2025-07-30T11:10:56,2025-07-30T11:10:00,7175.0,2025-09-30,7208.0,0,0,0.0,0.0,0.0,,,
2025-07-30T11:10:56,2025-07-30T11:10:00,7175.0,2025-10-17,7208.0,0,0,0.0,0.0,,,,
2025-07-30T11:10:56,2025-07-30T11:10:00,7200.0,2025-09-30,7233.0,0,0,0.0,0.0,0.0,,,
2025-07-30T11:10:56,2025-07-30T11:10:00,7200.0,2025-10-17,7233.0,0,0,0.0,0.0,0.0,0.0,,
2025-07-30T11:10:56,2025-07-30T11:10:00,7225.0,2025-09-30,7258.0,0,0,0.0,0.0,,0.0,,
2025-07-30T11:10:56,2025-07-30T11:10:00,7225.0,2025-10-17,7258.0,0,0,0.0,0.0,,,,
2025-07-30T11:10:56,2025-07-30T11:10:00,7250.0,2025-09-30,7283.0,0,0,0.0,0.0,,,,
2025-07-30T11:10:56,2025-07-30T11:10:00,7250.0,2025-10-17,7283.0,0,0,0.0,0.0,0.0,,,
2025-07-30T11:10:56,2025-07-30T11:10:00,7275.0,2025-09-30,7308.0,0,0,0.0,0.0,,,,
2025-07-30T11:10:56,2025-07-30T11:10:00,7300.0,2025-09-30,7333.0,0,0,0.0,0.0,0.0,0.0,,
2025-07-30T11:10:56,2025-07-30T11:10:00,7300.0,2025-10-17,7333.0,50,0,5249.999999999999,0.0,0.8771929824561403,0.0,,
2025-07-30T11:10:56,2025-07-30T11:10:00,7325.0,2025-09-30,7358.0,0,0,0.0,0.0,,,,
2025-07-30T11:10:56,2025-07-30T11:10:00,7400.0,2025-09-30,7433.0,2,0,70.0,0.0,0.0006525285481239804,0.0,,
2025-07-30T11:10:56,2025-07-30T11:10:00,7400.0,2025-10-17,7433.0,0,0,0.0,0.0,0.0,,,
2025-07-30T11:10:56,2025-07-30T11:10:00,7500.0,2025-09-30,7533.0,0,0,0.0,0.0,0.0,,,
2025-07-30T11:10:56,2025-07-30T11:10:00,7500.0,2025-10-17,7533.0,0,0,0.0,0.0,0.0,,,
2025-07-30T11:10:56,2025-07-30T11:10:00,7600.0,2025-09-30,7633.0,0,0,0.0,0.0,0.0,0.0,,
2025-07-30T11:10:56,2025-07-30T11:10:00,7600.0,2025-10-17,7633.0,0,0,0.0,0.0,0.0,0.0,,
2025-07-30T11:10:56,2025-07-30T11:10:00,7700.0,2025-09-30,7733.0,0,0,0.0,0.0,,,,
2025-07-30T11:10:56,2025-07-30T11:10:00,7700.0,2025-10-17,7733.0,0,0,0.0,0.0,,,,
2025-07-30T11:10:56,2025-07-30T11:10:00,7800.0,2025-09-30,7833.0,0,0,0.0,0.0,0.0,0.0,,
2025-07-30T11:10:56,2025-07-30T11:10:00,7800.0,2025-10-17,7833.0,0,0,0.0,0.0,0.0,0.0,,
